{
"type": "FeatureCollection",
"name": "yeud_karka4",
"crs": { "type": "name", "properties": { "name": "urn:ogc:def:crs:OGC:1.3:CRS84" } },
"features": [
{ "type": "Feature", "properties": { "OBJECTID": 19017435, "LAYER_ID": 6648046, "GROUP_ID": 413523, "SCENARIO": null, "DEFQ": 0, "PLAN_NAME": null, "DATA_DATE": null, "MAVAT_CODE": 260, "MAVAT_NAME": "תעשיה קלה ומלאכה", "NAME": null, "LABEL": null, "NUM": "10", "LEGAL_AREA": 5534.6351937899999, "TYPE_CODE": 0, "TYPE_NAME": null, "SOURCE_COD": 0, "HASAVA": 0, "STATUS": null, "PL_CHANGE": null, "ADDRESS": null, "PLACE_NO": 0, "CALC_AREA": 5534.8199361999996, "OLD_MIG": null, "AGAM_ID": 3000319959.0, "SHAPE_AREA": 5534.8199361999996, "SHAPE_LEN": 295.51057507899998 }, "geometry": { "type": "MultiPolygon", "coordinates": [ [ [ [ 34.925444973767746, 32.522020788006039 ], [ 34.924675659505198, 32.521974993644619 ], [ 34.924653233936418, 32.521985799918177 ], [ 34.924632785961073, 32.521999127879745 ], [ 34.92461290931314, 32.522012226391347 ], [ 34.924591222018321, 32.522023068526259 ], [ 34.924567819346734, 32.522305243627748 ], [ 34.924549169403413, 32.522530120675675 ], [ 34.924544693190747, 32.522584090138857 ], [ 34.925394068382744, 32.522634651963877 ], [ 34.925409198513577, 32.52263555127454 ], [ 34.925460103212608, 32.522021686767751 ], [ 34.925444973767746, 32.522020788006039 ] ] ] ] } },
{ "type": "Feature", "properties": { "OBJECTID": 19017436, "LAYER_ID": 6648046, "GROUP_ID": 413523, "SCENARIO": null, "DEFQ": 0, "PLAN_NAME": null, "DATA_DATE": null, "MAVAT_CODE": 670, "MAVAT_NAME": "שטח ציבורי פתוח", "NAME": null, "LABEL": null, "NUM": "301", "LEGAL_AREA": 1541.8672184100001, "TYPE_CODE": 0, "TYPE_NAME": null, "SOURCE_COD": 0, "HASAVA": 0, "STATUS": null, "PL_CHANGE": null, "ADDRESS": null, "PLACE_NO": 0, "CALC_AREA": 1540.4931692499999, "OLD_MIG": null, "AGAM_ID": 3000319959.0, "SHAPE_AREA": 1540.4931692499999, "SHAPE_LEN": 174.335088372 }, "geometry": { "type": "MultiPolygon", "coordinates": [ [ [ [ 34.928874498812561, 32.520163096933942 ], [ 34.928237481214815, 32.520125194359927 ], [ 34.928248519501054, 32.520139982855092 ], [ 34.928262352130048, 32.520152975646511 ], [ 34.928289915424848, 32.520177559579096 ], [ 34.928312382337559, 32.520205620134057 ], [ 34.928329152345086, 32.520236407280855 ], [ 34.928339777195454, 32.520269098109004 ], [ 34.928343972889664, 32.520302818823609 ], [ 34.928341627273511, 32.520336668100924 ], [ 34.928332803035936, 32.520369741179785 ], [ 34.928317736034316, 32.520401154045231 ], [ 34.92885213118624, 32.520432950192635 ], [ 34.928874498812561, 32.520163096933942 ] ] ] ] } },
{ "type": "Feature", "properties": { "OBJECTID": 19017437, "LAYER_ID": 6648046, "GROUP_ID": 413523, "SCENARIO": null, "DEFQ": 0, "PLAN_NAME": null, "DATA_DATE": null, "MAVAT_CODE": 700, "MAVAT_NAME": "פארק / גן ציבורי", "NAME": null, "LABEL": null, "NUM": "202", "LEGAL_AREA": 3136.1569752800001, "TYPE_CODE": 0, "TYPE_NAME": null, "SOURCE_COD": 0, "HASAVA": 0, "STATUS": null, "PL_CHANGE": null, "ADDRESS": null, "PLACE_NO": 0, "CALC_AREA": 3136.25298028, "OLD_MIG": null, "AGAM_ID": 3000319959.0, "SHAPE_AREA": 3136.25298028, "SHAPE_LEN": 269.083225218 }, "geometry": { "type": "MultiPolygon", "coordinates": [ [ [ [ 34.924544693190747, 32.522584090138857 ], [ 34.923434755380619, 32.522518010888774 ], [ 34.92341237347248, 32.522787863533267 ], [ 34.924522312608111, 32.522853944119021 ], [ 34.924544693190747, 32.522584090138857 ] ] ] ] } },
{ "type": "Feature", "properties": { "OBJECTID": 19017438, "LAYER_ID": 6648046, "GROUP_ID": 413523, "SCENARIO": null, "DEFQ": 0, "PLAN_NAME": null, "DATA_DATE": null, "MAVAT_CODE": 400, "MAVAT_NAME": "מבנים ומוסדות ציבור", "NAME": null, "LABEL": "301", "NUM": "101", "LEGAL_AREA": 12052.97897901, "TYPE_CODE": 0, "TYPE_NAME": null, "SOURCE_COD": 0, "HASAVA": 0, "STATUS": null, "PL_CHANGE": null, "ADDRESS": null, "PLACE_NO": 0, "CALC_AREA": 12053.03278175, "OLD_MIG": null, "AGAM_ID": 3000319959.0, "SHAPE_AREA": 12053.0327817, "SHAPE_LEN": 442.67681202599999 }, "geometry": { "type": "MultiPolygon", "coordinates": [ [ [ [ 34.924616492427532, 32.521718364762094 ], [ 34.924668775217206, 32.521087933503402 ], [ 34.924676950581933, 32.520989374416992 ], [ 34.924713908868469, 32.520543731289685 ], [ 34.923953210037439, 32.520498444267552 ], [ 34.923950057172434, 32.520504197402715 ], [ 34.923923467848496, 32.520557818182269 ], [ 34.923804960970131, 32.520796003941861 ], [ 34.923649122418816, 32.521100181778522 ], [ 34.923528021766359, 32.521393624912037 ], [ 34.9235065671649, 32.521652286740455 ], [ 34.924234276528708, 32.521695611408724 ], [ 34.924361680939015, 32.521703195250446 ], [ 34.9244702740341, 32.521709660570622 ], [ 34.924500720751197, 32.521707457304252 ], [ 34.924531203189943, 32.521709271721207 ], [ 34.924560987197324, 32.521715060122226 ], [ 34.924616492427532, 32.521718364762094 ] ] ] ] } },
{ "type": "Feature", "properties": { "OBJECTID": 19017439, "LAYER_ID": 6648046, "GROUP_ID": 413523, "SCENARIO": null, "DEFQ": 0, "PLAN_NAME": null, "DATA_DATE": null, "MAVAT_CODE": 200, "MAVAT_NAME": "תעסוקה", "NAME": null, "LABEL": null, "NUM": "4", "LEGAL_AREA": 3352.7105008399999, "TYPE_CODE": 0, "TYPE_NAME": null, "SOURCE_COD": 0, "HASAVA": 0, "STATUS": null, "PL_CHANGE": null, "ADDRESS": null, "PLACE_NO": 0, "CALC_AREA": 3352.8112663400002, "OLD_MIG": null, "AGAM_ID": 3000319959.0, "SHAPE_AREA": 3352.8112663400002, "SHAPE_LEN": 231.76057830400001 }, "geometry": { "type": "MultiPolygon", "coordinates": [ [ [ [ 34.928916161019359, 32.519660447976584 ], [ 34.928279146946949, 32.519622545629716 ], [ 34.928274764110377, 32.519675438931969 ], [ 34.928237481214815, 32.520125194359927 ], [ 34.928874498812561, 32.520163096933942 ], [ 34.928911776589864, 32.519713339630229 ], [ 34.928916161019359, 32.519660447976584 ] ] ] ] } },
{ "type": "Feature", "properties": { "OBJECTID": 19017440, "LAYER_ID": 6648046, "GROUP_ID": 413523, "SCENARIO": null, "DEFQ": 0, "PLAN_NAME": null, "DATA_DATE": null, "MAVAT_CODE": 200, "MAVAT_NAME": "תעסוקה", "NAME": null, "LABEL": null, "NUM": "3", "LEGAL_AREA": 3352.6950555100002, "TYPE_CODE": 0, "TYPE_NAME": null, "SOURCE_COD": 0, "HASAVA": 0, "STATUS": null, "PL_CHANGE": null, "ADDRESS": null, "PLACE_NO": 0, "CALC_AREA": 3352.7958083499998, "OLD_MIG": null, "AGAM_ID": 3000319959.0, "SHAPE_AREA": 3352.7958083499998, "SHAPE_LEN": 231.75990301 }, "geometry": { "type": "MultiPolygon", "coordinates": [ [ [ [ 34.928957820818908, 32.519157801122667 ], [ 34.928320812240727, 32.519119899007265 ], [ 34.928312044655449, 32.519225681245203 ], [ 34.928279146946949, 32.519622545629716 ], [ 34.928916161019359, 32.519660447976584 ], [ 34.928949053975529, 32.519263583408424 ], [ 34.928957820818908, 32.519157801122667 ] ] ] ] } },
{ "type": "Feature", "properties": { "OBJECTID": 19017441, "LAYER_ID": 6648046, "GROUP_ID": 413523, "SCENARIO": null, "DEFQ": 0, "PLAN_NAME": null, "DATA_DATE": null, "MAVAT_CODE": 870, "MAVAT_NAME": "חניון", "NAME": null, "LABEL": null, "NUM": "752", "LEGAL_AREA": 1993.7657810799999, "TYPE_CODE": 0, "TYPE_NAME": null, "SOURCE_COD": 0, "HASAVA": 0, "STATUS": null, "PL_CHANGE": null, "ADDRESS": null, "PLACE_NO": 0, "CALC_AREA": 1993.82664978, "OLD_MIG": null, "AGAM_ID": 3000319959.0, "SHAPE_AREA": 1993.82664978, "SHAPE_LEN": 251.717962546 }, "geometry": { "type": "MultiPolygon", "coordinates": [ [ [ [ 34.924189351005445, 32.519793085078582 ], [ 34.924112100323974, 32.51978848574533 ], [ 34.924098239361641, 32.519955611867992 ], [ 34.924102406250029, 32.519955917236338 ], [ 34.924175485434553, 32.519960267332571 ], [ 34.925003602133295, 32.520009565820317 ], [ 34.925237173437921, 32.520023469999025 ], [ 34.92525103641772, 32.519856287076472 ], [ 34.924189351005445, 32.519793085078582 ] ] ] ] } },
{ "type": "Feature", "properties": { "OBJECTID": 19017442, "LAYER_ID": 6648046, "GROUP_ID": 413523, "SCENARIO": null, "DEFQ": 0, "PLAN_NAME": null, "DATA_DATE": null, "MAVAT_CODE": 870, "MAVAT_NAME": "חניון", "NAME": null, "LABEL": null, "NUM": "751", "LEGAL_AREA": 2478.1098295500001, "TYPE_CODE": 0, "TYPE_NAME": null, "SOURCE_COD": 0, "HASAVA": 0, "STATUS": null, "PL_CHANGE": null, "ADDRESS": null, "PLACE_NO": 0, "CALC_AREA": 2478.1855667200002, "OLD_MIG": null, "AGAM_ID": 3000319959.0, "SHAPE_AREA": 2478.1855667200002, "SHAPE_LEN": 211.705910676 }, "geometry": { "type": "MultiPolygon", "coordinates": [ [ [ [ 34.924083362416447, 32.520162692214583 ], [ 34.924081078922697, 32.52016252476934 ], [ 34.924070506451152, 32.520289991169363 ], [ 34.923953210037439, 32.520498444267552 ], [ 34.924713908868469, 32.520543731289685 ], [ 34.924742254957025, 32.520201917680268 ], [ 34.924083362416447, 32.520162692214583 ] ] ] ] } },
{ "type": "Feature", "properties": { "OBJECTID": 19017443, "LAYER_ID": 6648046, "GROUP_ID": 413523, "SCENARIO": null, "DEFQ": 0, "PLAN_NAME": null, "DATA_DATE": null, "MAVAT_CODE": 200, "MAVAT_NAME": "תעסוקה", "NAME": null, "LABEL": null, "NUM": "78", "LEGAL_AREA": 9704.8183991000005, "TYPE_CODE": 0, "TYPE_NAME": null, "SOURCE_COD": 0, "HASAVA": 0, "STATUS": null, "PL_CHANGE": null, "ADDRESS": null, "PLACE_NO": 0, "CALC_AREA": 9705.1820635200002, "OLD_MIG": null, "AGAM_ID": 3000319959.0, "SHAPE_AREA": 9705.1820635200002, "SHAPE_LEN": 391.17037635100002 }, "geometry": { "type": "MultiPolygon", "coordinates": [ [ [ [ 34.926521902801582, 32.519326672488248 ], [ 34.925300981566274, 32.519254002287489 ], [ 34.92525103641772, 32.519856287076472 ], [ 34.925237173437921, 32.520023469999025 ], [ 34.926253947878614, 32.520083990369464 ], [ 34.926271722947959, 32.520083787190934 ], [ 34.926289210159077, 32.520081080246435 ], [ 34.926305921656073, 32.520075945053904 ], [ 34.926321391224015, 32.520068524874304 ], [ 34.926335187295379, 32.520059026714719 ], [ 34.926346924990014, 32.520047715553389 ], [ 34.926370192834121, 32.52002405078052 ], [ 34.926396484841732, 32.520002780234634 ], [ 34.926425460189598, 32.519984179644162 ], [ 34.926438102808866, 32.519975743727599 ], [ 34.926449099675807, 32.519965789261605 ], [ 34.926458199368568, 32.519954543836079 ], [ 34.926465193840791, 32.519942264556271 ], [ 34.926469923178153, 32.519929232164252 ], [ 34.926472279254497, 32.51991574462059 ], [ 34.926521902801582, 32.519326672488248 ] ] ] ] } },
{ "type": "Feature", "properties": { "OBJECTID": 19017444, "LAYER_ID": 6648046, "GROUP_ID": 413523, "SCENARIO": null, "DEFQ": 0, "PLAN_NAME": null, "DATA_DATE": null, "MAVAT_CODE": 200, "MAVAT_NAME": "תעסוקה", "NAME": null, "LABEL": null, "NUM": "70", "LEGAL_AREA": 9849.5279121999993, "TYPE_CODE": 0, "TYPE_NAME": null, "SOURCE_COD": 0, "HASAVA": 0, "STATUS": null, "PL_CHANGE": null, "ADDRESS": null, "PLACE_NO": 0, "CALC_AREA": 9849.6950200800002, "OLD_MIG": null, "AGAM_ID": 3000319959.0, "SHAPE_AREA": 9849.6950200800002, "SHAPE_LEN": 396.660452728 }, "geometry": { "type": "MultiPolygon", "coordinates": [ [ [ [ 34.926539009476343, 32.518505846243926 ], [ 34.926532618834329, 32.518504611751062 ], [ 34.926526112501286, 32.51850393877384 ], [ 34.925952810626647, 32.518469817671559 ], [ 34.925607237067368, 32.518449248223767 ], [ 34.925516335687341, 32.518516153676401 ], [ 34.925471977263996, 32.51851351203949 ], [ 34.925441532562822, 32.518515715604757 ], [ 34.92541105207615, 32.518513901597167 ], [ 34.925381269915128, 32.518508113706439 ], [ 34.925362922279461, 32.518507021275049 ], [ 34.925303965967601, 32.519218020563777 ], [ 34.926524897729564, 32.519290692425834 ], [ 34.926585338708534, 32.518561700788659 ], [ 34.926585231037528, 32.518552983802152 ], [ 34.926583472446232, 32.518544394615134 ], [ 34.926577749973262, 32.518537072455992 ], [ 34.926559709221614, 32.518520275312554 ], [ 34.926539009476343, 32.518505846243926 ] ] ] ] } },
{ "type": "Feature", "properties": { "OBJECTID": 19017445, "LAYER_ID": 6648046, "GROUP_ID": 413523, "SCENARIO": null, "DEFQ": 0, "PLAN_NAME": null, "DATA_DATE": null, "MAVAT_CODE": 200, "MAVAT_NAME": "תעסוקה", "NAME": null, "LABEL": null, "NUM": "71", "LEGAL_AREA": 9901.8743606600001, "TYPE_CODE": 0, "TYPE_NAME": null, "SOURCE_COD": 0, "HASAVA": 0, "STATUS": null, "PL_CHANGE": null, "ADDRESS": null, "PLACE_NO": 0, "CALC_AREA": 9905.5204768799995, "OLD_MIG": null, "AGAM_ID": 3000319959.0, "SHAPE_AREA": 9905.5204768799995, "SHAPE_LEN": 389.92907573999997 }, "geometry": { "type": "MultiPolygon", "coordinates": [ [ [ [ 34.926945900193203, 32.518530524889044 ], [ 34.926923804599923, 32.518542618240971 ], [ 34.92690394017653, 32.518557228304978 ], [ 34.926894489481789, 32.518564772888915 ], [ 34.92689322526833, 32.518580025899141 ], [ 34.926832786714016, 32.519309015486336 ], [ 34.928085572286079, 32.519383567503688 ], [ 34.928122268218999, 32.518940873181592 ], [ 34.928118840561389, 32.518897332039643 ], [ 34.928109383391373, 32.518854436089377 ], [ 34.928094028391079, 32.518812782577854 ], [ 34.928072989358249, 32.518772951452604 ], [ 34.928046559229159, 32.518735497287082 ], [ 34.928015105999599, 32.518700941559487 ], [ 34.927975077905174, 32.518666738796341 ], [ 34.927930142450187, 32.518637234131894 ], [ 34.927881061982127, 32.518612928121357 ], [ 34.927828669167596, 32.518594233122855 ], [ 34.927773852866288, 32.518581466302003 ], [ 34.927717543051457, 32.518574844251049 ], [ 34.926961398332722, 32.518529845215944 ], [ 34.926953624799914, 32.518529784626807 ], [ 34.926945900193203, 32.518530524889044 ] ] ] ] } },
{ "type": "Feature", "properties": { "OBJECTID": 19017446, "LAYER_ID": 6648046, "GROUP_ID": 413523, "SCENARIO": null, "DEFQ": 0, "PLAN_NAME": null, "DATA_DATE": null, "MAVAT_CODE": 200, "MAVAT_NAME": "תעסוקה", "NAME": null, "LABEL": null, "NUM": "72", "LEGAL_AREA": 9990.3101178800007, "TYPE_CODE": 0, "TYPE_NAME": null, "SOURCE_COD": 0, "HASAVA": 0, "STATUS": null, "PL_CHANGE": null, "ADDRESS": null, "PLACE_NO": 0, "CALC_AREA": 9992.5142017599992, "OLD_MIG": null, "AGAM_ID": 3000319959.0, "SHAPE_AREA": 9992.5142017599992, "SHAPE_LEN": 389.92680508400002 }, "geometry": { "type": "MultiPolygon", "coordinates": [ [ [ [ 34.928082590322163, 32.519419547633213 ], [ 34.926829802333103, 32.519344997202737 ], [ 34.926780601923745, 32.519938433193857 ], [ 34.926781904266917, 32.51995381096949 ], [ 34.926786279451335, 32.519968776019894 ], [ 34.926793599582517, 32.519982890884812 ], [ 34.926803650678707, 32.519995742956489 ], [ 34.926816138925737, 32.520006956541216 ], [ 34.926846812440168, 32.520033591248705 ], [ 34.926872881519593, 32.5200635404005 ], [ 34.926893852858385, 32.520096237273805 ], [ 34.92690932961326, 32.520131063150465 ], [ 34.926924034003378, 32.520137429839451 ], [ 34.927752264366106, 32.520186717119067 ], [ 34.927798637953821, 32.520186043219617 ], [ 34.927844168896634, 32.520178556962044 ], [ 34.927887473750452, 32.520164485814028 ], [ 34.927927236711675, 32.520144257323039 ], [ 34.927962249598139, 32.520118486125241 ], [ 34.927991448559681, 32.520087955269588 ], [ 34.92801394640292, 32.520053592424766 ], [ 34.928029059547811, 32.520016441691915 ], [ 34.92803632879739, 32.519977631879797 ], [ 34.928082590322163, 32.519419547633213 ] ] ] ] } },
{ "type": "Feature", "properties": { "OBJECTID": 19017447, "LAYER_ID": 6648046, "GROUP_ID": 413523, "SCENARIO": null, "DEFQ": 0, "PLAN_NAME": null, "DATA_DATE": null, "MAVAT_CODE": 200, "MAVAT_NAME": "תעסוקה", "NAME": null, "LABEL": null, "NUM": "73", "LEGAL_AREA": 9982.8989587899996, "TYPE_CODE": 0, "TYPE_NAME": null, "SOURCE_COD": 0, "HASAVA": 0, "STATUS": null, "PL_CHANGE": null, "ADDRESS": null, "PLACE_NO": 0, "CALC_AREA": 9985.1432868800002, "OLD_MIG": null, "AGAM_ID": 3000319959.0, "SHAPE_AREA": 9985.1432868800002, "SHAPE_LEN": 388.804866108 }, "geometry": { "type": "MultiPolygon", "coordinates": [ [ [ [ 34.926868105184667, 32.520360127620954 ], [ 34.926842923717977, 32.520387708818618 ], [ 34.926813763932849, 32.520412316546917 ], [ 34.926781110324022, 32.520433541941834 ], [ 34.926768423312879, 32.520441984561266 ], [ 34.926757388153959, 32.520451954808188 ], [ 34.926748258389736, 32.520463223607905 ], [ 34.92674124378491, 32.520475532050327 ], [ 34.92673650550681, 32.520488597338648 ], [ 34.926734152422434, 32.520502119286675 ], [ 34.926685067265623, 32.521090823280133 ], [ 34.927937870235787, 32.52116537524283 ], [ 34.927984133671643, 32.520607291145893 ], [ 34.927983781660245, 32.520571916077181 ], [ 34.927976901992508, 32.520537023234994 ], [ 34.927963664093006, 32.520503471882812 ], [ 34.927944393961909, 32.520472088248013 ], [ 34.927919566146166, 32.520443645175469 ], [ 34.927889792053215, 32.520418843095896 ], [ 34.927855804894072, 32.520398292777394 ], [ 34.927818441627714, 32.520382500285194 ], [ 34.927778622350303, 32.520371854519681 ], [ 34.927737327637615, 32.520366617639581 ], [ 34.92696376151725, 32.520320636919209 ], [ 34.926945216477925, 32.520320906987678 ], [ 34.92692700838554, 32.520323900696852 ], [ 34.92690969022199, 32.520329527127451 ], [ 34.926893787942149, 32.52033761540406 ], [ 34.926879784500684, 32.520347919884721 ], [ 34.926868105184667, 32.520360127620954 ] ] ] ] } },
{ "type": "Feature", "properties": { "OBJECTID": 19017448, "LAYER_ID": 6648046, "GROUP_ID": 413523, "SCENARIO": null, "DEFQ": 0, "PLAN_NAME": null, "DATA_DATE": null, "MAVAT_CODE": 200, "MAVAT_NAME": "תעסוקה", "NAME": null, "LABEL": null, "NUM": "74", "LEGAL_AREA": 9898.1609930300001, "TYPE_CODE": 0, "TYPE_NAME": null, "SOURCE_COD": 0, "HASAVA": 0, "STATUS": null, "PL_CHANGE": null, "ADDRESS": null, "PLACE_NO": 0, "CALC_AREA": 9901.90983461, "OLD_MIG": null, "AGAM_ID": 3000319959.0, "SHAPE_AREA": 9901.90983461, "SHAPE_LEN": 389.46189939599998 }, "geometry": { "type": "MultiPolygon", "coordinates": [ [ [ [ 34.927934886868307, 32.521201356437274 ], [ 34.926682076222683, 32.5211268028036 ], [ 34.926675395950582, 32.521207371969972 ], [ 34.926621634149406, 32.521855794184795 ], [ 34.926621730477031, 32.521864398262117 ], [ 34.926623435595829, 32.521872880589335 ], [ 34.926638639871499, 32.521885552953101 ], [ 34.926662614150246, 32.521900856171115 ], [ 34.926688312367055, 32.521913998561473 ], [ 34.927434739561583, 32.521958418701466 ], [ 34.927491972393184, 32.521958765052354 ], [ 34.92754876666676, 32.521952763821055 ], [ 34.927604145825313, 32.521940518196502 ], [ 34.92765715764515, 32.521922238737659 ], [ 34.927706890609429, 32.521898239752922 ], [ 34.927752489581813, 32.521868933895469 ], [ 34.927789336438707, 32.521838442455724 ], [ 34.927821687493982, 32.521804486118761 ], [ 34.927849092319697, 32.521767537668516 ], [ 34.927871169357147, 32.521728111548448 ], [ 34.92788761122911, 32.521686756698621 ], [ 34.927898189019309, 32.521644048912485 ], [ 34.927928207020756, 32.521281924050683 ], [ 34.927934886868307, 32.521201356437274 ] ] ] ] } },
{ "type": "Feature", "properties": { "OBJECTID": 19017449, "LAYER_ID": 6648046, "GROUP_ID": 413523, "SCENARIO": null, "DEFQ": 0, "PLAN_NAME": null, "DATA_DATE": null, "MAVAT_CODE": 200, "MAVAT_NAME": "תעסוקה", "NAME": null, "LABEL": null, "NUM": "77", "LEGAL_AREA": 13567.560407720001, "TYPE_CODE": 0, "TYPE_NAME": null, "SOURCE_COD": 0, "HASAVA": 0, "STATUS": null, "PL_CHANGE": null, "ADDRESS": null, "PLACE_NO": 0, "CALC_AREA": 13567.072727700001, "OLD_MIG": null, "AGAM_ID": 3000319959.0, "SHAPE_AREA": 13567.072727700001, "SHAPE_LEN": 483.30280092800001 }, "geometry": { "type": "MultiPolygon", "coordinates": [ [ [ [ 34.92559160915863, 32.520252474734235 ], [ 34.924742254957025, 32.520201917680268 ], [ 34.924713908868469, 32.520543731289685 ], [ 34.924678440699125, 32.520971384961072 ], [ 34.926377165753685, 32.521072498192687 ], [ 34.92642995326532, 32.520435825386826 ], [ 34.926395559067792, 32.520414043697016 ], [ 34.926364925581503, 32.520388548917261 ], [ 34.9263386068546, 32.520359802157998 ], [ 34.92631707889511, 32.520328323346078 ], [ 34.926300731061851, 32.520294681820928 ], [ 34.925676189747549, 32.520257509878789 ], [ 34.925606738887595, 32.52025337564239 ], [ 34.92559160915863, 32.520252474734235 ] ] ] ] } },
{ "type": "Feature", "properties": { "OBJECTID": 19017450, "LAYER_ID": 6648046, "GROUP_ID": 413523, "SCENARIO": null, "DEFQ": 0, "PLAN_NAME": null, "DATA_DATE": null, "MAVAT_CODE": 200, "MAVAT_NAME": "תעסוקה", "NAME": null, "LABEL": null, "NUM": "75", "LEGAL_AREA": 6825.2808380300003, "TYPE_CODE": 0, "TYPE_NAME": null, "SOURCE_COD": 0, "HASAVA": 0, "STATUS": null, "PL_CHANGE": null, "ADDRESS": null, "PLACE_NO": 0, "CALC_AREA": 6825.6917385899997, "OLD_MIG": null, "AGAM_ID": 3000319959.0, "SHAPE_AREA": 6825.6917385899997, "SHAPE_LEN": 327.933433509 }, "geometry": { "type": "MultiPolygon", "coordinates": [ [ [ [ 34.926374181081243, 32.521108477677537 ], [ 34.925539947582173, 32.521058825160118 ], [ 34.925475021365223, 32.521841784871256 ], [ 34.926240121000689, 32.521887325116957 ], [ 34.926264508827565, 32.521878296770993 ], [ 34.926282624439587, 32.521869165087999 ], [ 34.926298810263276, 32.521857723867669 ], [ 34.926312659961638, 32.521844260336678 ], [ 34.926313736536599, 32.521837468899399 ], [ 34.926367500536017, 32.521189046826301 ], [ 34.926374181081243, 32.521108477677537 ] ] ] ] } },
{ "type": "Feature", "properties": { "OBJECTID": 19017451, "LAYER_ID": 6648046, "GROUP_ID": 413523, "SCENARIO": null, "DEFQ": 0, "PLAN_NAME": null, "DATA_DATE": null, "MAVAT_CODE": 200, "MAVAT_NAME": "תעסוקה", "NAME": null, "LABEL": null, "NUM": "76", "LEGAL_AREA": 7064.9021032299997, "TYPE_CODE": 0, "TYPE_NAME": null, "SOURCE_COD": 0, "HASAVA": 0, "STATUS": null, "PL_CHANGE": null, "ADDRESS": null, "PLACE_NO": 0, "CALC_AREA": 7065.0956998900001, "OLD_MIG": null, "AGAM_ID": 3000319959.0, "SHAPE_AREA": 7065.0956998900001, "SHAPE_LEN": 333.04714505700002 }, "geometry": { "type": "MultiPolygon", "coordinates": [ [ [ [ 34.925539947582173, 32.521058825160118 ], [ 34.924675457956141, 32.521007366076496 ], [ 34.924668775217206, 32.521087933503402 ], [ 34.924616492427532, 32.521718364762094 ], [ 34.924614906614529, 32.521737483374423 ], [ 34.924633426206597, 32.521749899540914 ], [ 34.924650057997418, 32.521764104936395 ], [ 34.92466352424433, 32.521775797409532 ], [ 34.924678345142482, 32.521786247703915 ], [ 34.92469383514738, 32.521795285115452 ], [ 34.925459891364831, 32.521840886155267 ], [ 34.925475021365223, 32.521841784871256 ], [ 34.925539947582173, 32.521058825160118 ] ] ] ] } },
{ "type": "Feature", "properties": { "OBJECTID": 19017452, "LAYER_ID": 6648046, "GROUP_ID": 413523, "SCENARIO": null, "DEFQ": 0, "PLAN_NAME": null, "DATA_DATE": null, "MAVAT_CODE": 860, "MAVAT_NAME": "שביל", "NAME": null, "LABEL": null, "NUM": "305", "LEGAL_AREA": 471.98717184999998, "TYPE_CODE": 0, "TYPE_NAME": null, "SOURCE_COD": 0, "HASAVA": 0, "STATUS": null, "PL_CHANGE": null, "ADDRESS": null, "PLACE_NO": 0, "CALC_AREA": 472.00143165999998, "OLD_MIG": null, "AGAM_ID": 3000319959.0, "SHAPE_AREA": 472.00143165999998, "SHAPE_LEN": 243.999207251 }, "geometry": { "type": "MultiPolygon", "coordinates": [ [ [ [ 34.927937870235787, 32.52116537524283 ], [ 34.926685067265623, 32.521090823280133 ], [ 34.926683566535203, 32.52110881111421 ], [ 34.926682076222683, 32.5211268028036 ], [ 34.927934886868307, 32.521201356437274 ], [ 34.927936378848429, 32.521183364736125 ], [ 34.927937114777436, 32.521174482819589 ], [ 34.927937870235787, 32.52116537524283 ] ] ] ] } },
{ "type": "Feature", "properties": { "OBJECTID": 19017453, "LAYER_ID": 6648046, "GROUP_ID": 413523, "SCENARIO": null, "DEFQ": 0, "PLAN_NAME": null, "DATA_DATE": null, "MAVAT_CODE": 860, "MAVAT_NAME": "שביל", "NAME": null, "LABEL": null, "NUM": "306", "LEGAL_AREA": 639.97822942000005, "TYPE_CODE": 0, "TYPE_NAME": null, "SOURCE_COD": 0, "HASAVA": 0, "STATUS": null, "PL_CHANGE": null, "ADDRESS": null, "PLACE_NO": 0, "CALC_AREA": 639.99771725999994, "OLD_MIG": null, "AGAM_ID": 3000319959.0, "SHAPE_AREA": 639.99771725699998, "SHAPE_LEN": 328.00019536100001 }, "geometry": { "type": "MultiPolygon", "coordinates": [ [ [ [ 34.926377165753685, 32.521072498192687 ], [ 34.924678440699125, 32.520971384961072 ], [ 34.924676950581933, 32.520989374416992 ], [ 34.924675457956141, 32.521007366076496 ], [ 34.925539947582173, 32.521058825160118 ], [ 34.926374181081243, 32.521108477677537 ], [ 34.926375673418598, 32.521090487664637 ], [ 34.926376409505401, 32.52108160408978 ], [ 34.926377165753685, 32.521072498192687 ] ] ] ] } },
{ "type": "Feature", "properties": { "OBJECTID": 19017454, "LAYER_ID": 6648046, "GROUP_ID": 413523, "SCENARIO": null, "DEFQ": 0, "PLAN_NAME": null, "DATA_DATE": null, "MAVAT_CODE": 860, "MAVAT_NAME": "שביל", "NAME": null, "LABEL": null, "NUM": "304", "LEGAL_AREA": 459.99557872000003, "TYPE_CODE": 0, "TYPE_NAME": null, "SOURCE_COD": 0, "HASAVA": 0, "STATUS": null, "PL_CHANGE": null, "ADDRESS": null, "PLACE_NO": 0, "CALC_AREA": 460.0095521, "OLD_MIG": null, "AGAM_ID": 3000319959.0, "SHAPE_AREA": 460.009552101, "SHAPE_LEN": 237.99886862299999 }, "geometry": { "type": "MultiPolygon", "coordinates": [ [ [ [ 34.926524897729564, 32.519290692425834 ], [ 34.925303965967601, 32.519218020563777 ], [ 34.925302474084027, 32.519236012237926 ], [ 34.925301737272832, 32.519244894725148 ], [ 34.925300981566274, 32.519254002287489 ], [ 34.926521902801582, 32.519326672488248 ], [ 34.92652266939605, 32.519317566610511 ], [ 34.926523406146067, 32.519308682492614 ], [ 34.926524897729564, 32.519290692425834 ] ] ] ] } },
{ "type": "Feature", "properties": { "OBJECTID": 19017455, "LAYER_ID": 6648046, "GROUP_ID": 413523, "SCENARIO": null, "DEFQ": 0, "PLAN_NAME": null, "DATA_DATE": null, "MAVAT_CODE": 860, "MAVAT_NAME": "שביל", "NAME": null, "LABEL": null, "NUM": "303", "LEGAL_AREA": 471.99201969000001, "TYPE_CODE": 0, "TYPE_NAME": null, "SOURCE_COD": 0, "HASAVA": 0, "STATUS": null, "PL_CHANGE": null, "ADDRESS": null, "PLACE_NO": 0, "CALC_AREA": 472.00626437, "OLD_MIG": null, "AGAM_ID": 3000319959.0, "SHAPE_AREA": 472.00626437199998, "SHAPE_LEN": 244.00013026 }, "geometry": { "type": "MultiPolygon", "coordinates": [ [ [ [ 34.928085572286079, 32.519383567503688 ], [ 34.926832786714016, 32.519309015486336 ], [ 34.926831294547917, 32.519327007178731 ], [ 34.926830558524813, 32.519335889676995 ], [ 34.926829802333103, 32.519344997202737 ], [ 34.928082590322163, 32.519419547633213 ], [ 34.92808334441434, 32.519410441718136 ], [ 34.928084082288819, 32.519401557593206 ], [ 34.928085572286079, 32.519383567503688 ] ] ] ] } },
{ "type": "Feature", "properties": { "OBJECTID": 19017456, "LAYER_ID": 6648046, "GROUP_ID": 413523, "SCENARIO": null, "DEFQ": 0, "PLAN_NAME": null, "DATA_DATE": null, "MAVAT_CODE": 670, "MAVAT_NAME": "שטח ציבורי פתוח", "NAME": null, "LABEL": null, "NUM": "302", "LEGAL_AREA": 1123.6288703099999, "TYPE_CODE": 0, "TYPE_NAME": null, "SOURCE_COD": 0, "HASAVA": 0, "STATUS": null, "PL_CHANGE": null, "ADDRESS": null, "PLACE_NO": 0, "CALC_AREA": 1122.8397082399999, "OLD_MIG": null, "AGAM_ID": 3000319959.0, "SHAPE_AREA": 1122.8397082399999, "SHAPE_LEN": 247.89516265500001 }, "geometry": { "type": "MultiPolygon", "coordinates": [ [ [ [ 34.928243307221024, 32.518510371453672 ], [ 34.928280587391093, 32.518060615855305 ], [ 34.928561220800354, 32.518077312913988 ], [ 34.928419009890753, 32.517925811315855 ], [ 34.928404164456531, 32.51790999461987 ], [ 34.928396096194774, 32.517901399922486 ], [ 34.928389124873803, 32.517893734430587 ], [ 34.928369163460935, 32.517872128122377 ], [ 34.928223660324484, 32.517717696070065 ], [ 34.928158372860423, 32.518505317468843 ], [ 34.928069842333912, 32.518500049661874 ], [ 34.928125174731555, 32.518538585119735 ], [ 34.928175160702466, 32.518582049887812 ], [ 34.928240620074689, 32.518542795181332 ], [ 34.928243307221024, 32.518510371453672 ] ] ] ] } },
{ "type": "Feature", "properties": { "OBJECTID": 19017457, "LAYER_ID": 6648046, "GROUP_ID": 413523, "SCENARIO": null, "DEFQ": 0, "PLAN_NAME": null, "DATA_DATE": null, "MAVAT_CODE": 200, "MAVAT_NAME": "תעסוקה", "NAME": null, "LABEL": null, "NUM": "2", "LEGAL_AREA": 3525.15325588, "TYPE_CODE": 0, "TYPE_NAME": null, "SOURCE_COD": 0, "HASAVA": 0, "STATUS": null, "PL_CHANGE": null, "ADDRESS": null, "PLACE_NO": 0, "CALC_AREA": 3523.10945928, "OLD_MIG": null, "AGAM_ID": 3000319959.0, "SHAPE_AREA": 3523.10945928, "SHAPE_LEN": 242.38619610800001 }, "geometry": { "type": "MultiPolygon", "coordinates": [ [ [ [ 34.928362506015624, 32.518616898507538 ], [ 34.928306795943676, 32.518613584074082 ], [ 34.928238317512623, 32.51865465012127 ], [ 34.928272956596402, 32.518708736505758 ], [ 34.928300250177422, 32.518765761973249 ], [ 34.928319856801942, 32.518825013141608 ], [ 34.928331531177498, 32.518885748784079 ], [ 34.928335127242377, 32.518947209101789 ], [ 34.928320812240727, 32.519119899007265 ], [ 34.928957820818908, 32.519157801122667 ], [ 34.928986331024561, 32.518813827682592 ], [ 34.928999511066181, 32.51865480039568 ], [ 34.928362506015624, 32.518616898507538 ] ] ] ] } },
{ "type": "Feature", "properties": { "OBJECTID": 19017458, "LAYER_ID": 6648046, "GROUP_ID": 413523, "SCENARIO": null, "DEFQ": 0, "PLAN_NAME": null, "DATA_DATE": null, "MAVAT_CODE": 200, "MAVAT_NAME": "תעסוקה", "NAME": null, "LABEL": null, "NUM": "1", "LEGAL_AREA": 4186.0702690600001, "TYPE_CODE": 0, "TYPE_NAME": null, "SOURCE_COD": 0, "HASAVA": 0, "STATUS": null, "PL_CHANGE": null, "ADDRESS": null, "PLACE_NO": 0, "CALC_AREA": 4185.8594714299998, "OLD_MIG": null, "AGAM_ID": 3000319959.0, "SHAPE_AREA": 4185.8594714299998, "SHAPE_LEN": 273.92229333500001 }, "geometry": { "type": "MultiPolygon", "coordinates": [ [ [ [ 34.928238317512623, 32.51865465012127 ], [ 34.928306795943676, 32.518613584074082 ], [ 34.928362506015624, 32.518616898507538 ], [ 34.928999511066181, 32.51865480039568 ], [ 34.929040515599659, 32.518160066940744 ], [ 34.928615143154339, 32.518134757970799 ], [ 34.928561220800354, 32.518077312913988 ], [ 34.928280587391093, 32.518060615855305 ], [ 34.928243307221024, 32.518510371453672 ], [ 34.928240620074689, 32.518542795181332 ], [ 34.928175160702466, 32.518582049887812 ], [ 34.928208497908116, 32.518617251679018 ], [ 34.928238317512623, 32.51865465012127 ] ] ] ] } },
{ "type": "Feature", "properties": { "OBJECTID": 19017459, "LAYER_ID": 6648046, "GROUP_ID": 413523, "SCENARIO": null, "DEFQ": 0, "PLAN_NAME": null, "DATA_DATE": null, "MAVAT_CODE": 820, "MAVAT_NAME": "דרך מאושרת", "NAME": null, "LABEL": null, "NUM": "732", "LEGAL_AREA": 6750.2471125700004, "TYPE_CODE": 0, "TYPE_NAME": null, "SOURCE_COD": 0, "HASAVA": 0, "STATUS": null, "PL_CHANGE": null, "ADDRESS": null, "PLACE_NO": 0, "CALC_AREA": 6750.3012747900002, "OLD_MIG": null, "AGAM_ID": 3000319959.0, "SHAPE_AREA": 6750.3012747900002, "SHAPE_LEN": 932.14464254400002 }, "geometry": { "type": "MultiPolygon", "coordinates": [ [ [ [ 34.92170209989969, 32.523825953408398 ], [ 34.922048854476479, 32.523904118461019 ], [ 34.922031640239531, 32.523898858689584 ], [ 34.922015743904275, 32.523891178475807 ], [ 34.922001635378251, 32.523881304852708 ], [ 34.921989731719648, 32.523869529692156 ], [ 34.921980384808641, 32.523856201076782 ], [ 34.921973870945642, 32.523841713010285 ], [ 34.921970382683817, 32.523826493770457 ], [ 34.921970023137106, 32.523810993248915 ], [ 34.921972802932366, 32.523795669651854 ], [ 34.922184225258263, 32.523059122431619 ], [ 34.922636500520326, 32.521483452472346 ], [ 34.922754954413094, 32.521074436487226 ], [ 34.922860092159098, 32.520715415047071 ], [ 34.923052922907502, 32.520056934322788 ], [ 34.923054535060558, 32.520049269566684 ], [ 34.92303001372624, 32.520062344263685 ], [ 34.923008100008232, 32.520078402443339 ], [ 34.922989295122569, 32.520097076820015 ], [ 34.922974029180203, 32.520117940269785 ], [ 34.922962651349543, 32.520140515599387 ], [ 34.922925761276836, 32.520266489307367 ], [ 34.922824743526071, 32.520236986153122 ], [ 34.92258992921068, 32.521038834245481 ], [ 34.92247103140086, 32.521449360380309 ], [ 34.922236785294373, 32.52226544371527 ], [ 34.922224206829178, 32.522309264790927 ], [ 34.921804125370038, 32.523772735464966 ], [ 34.921799412695165, 32.523784574771476 ], [ 34.921792359427585, 32.523795547580683 ], [ 34.921783177150026, 32.52380532473083 ], [ 34.92177214131145, 32.523813612927377 ], [ 34.921759582964178, 32.523820163541245 ], [ 34.92174587883288, 32.523824780067301 ], [ 34.921731440013737, 32.523827324019074 ], [ 34.921716699642189, 32.523827719083137 ], [ 34.92170209989969, 32.523825953408398 ] ] ], [ [ [ 34.92170209989969, 32.523825953408398 ], [ 34.921696909780536, 32.523824782118716 ], [ 34.92170209989969, 32.523825953408398 ] ] ] ] } },
{ "type": "Feature", "properties": { "OBJECTID": 19017460, "LAYER_ID": 6648046, "GROUP_ID": 413523, "SCENARIO": null, "DEFQ": 0, "PLAN_NAME": null, "DATA_DATE": null, "MAVAT_CODE": 260, "MAVAT_NAME": "תעשיה קלה ומלאכה", "NAME": null, "LABEL": null, "NUM": "9", "LEGAL_AREA": 5352.73205745, "TYPE_CODE": 0, "TYPE_NAME": null, "SOURCE_COD": 0, "HASAVA": 0, "STATUS": null, "PL_CHANGE": null, "ADDRESS": null, "PLACE_NO": 0, "CALC_AREA": 5353.0301763999996, "OLD_MIG": null, "AGAM_ID": 3000319959.0, "SHAPE_AREA": 5353.0301763999996, "SHAPE_LEN": 290.90500389499999 }, "geometry": { "type": "MultiPolygon", "coordinates": [ [ [ [ 34.926230641955271, 32.522067551134974 ], [ 34.925460103212608, 32.522021686767751 ], [ 34.925409198513577, 32.52263555127454 ], [ 34.92624344649402, 32.522685205312271 ], [ 34.926254085015046, 32.5225568924157 ], [ 34.926266567387813, 32.522406356255331 ], [ 34.926289870989322, 32.522125311646356 ], [ 34.926289919235892, 32.522118370727391 ], [ 34.926288918194366, 32.52211148169679 ], [ 34.926286884341572, 32.522104757943922 ], [ 34.926269336846104, 32.522087312558497 ], [ 34.926249963041137, 32.522071314400506 ], [ 34.926240475916977, 32.522068793680589 ], [ 34.926230641955271, 32.522067551134974 ] ] ] ] } },
{ "type": "Feature", "properties": { "OBJECTID": 19017461, "LAYER_ID": 6648046, "GROUP_ID": 413523, "SCENARIO": null, "DEFQ": 0, "PLAN_NAME": null, "DATA_DATE": null, "MAVAT_CODE": 260, "MAVAT_NAME": "תעשיה קלה ומלאכה", "NAME": null, "LABEL": null, "NUM": "11", "LEGAL_AREA": 5813.9704302, "TYPE_CODE": 0, "TYPE_NAME": null, "SOURCE_COD": 0, "HASAVA": 0, "STATUS": null, "PL_CHANGE": null, "ADDRESS": null, "PLACE_NO": 0, "CALC_AREA": 5813.9309965000002, "OLD_MIG": null, "AGAM_ID": 3000319959.0, "SHAPE_AREA": 5813.9309965000002, "SHAPE_LEN": 313.17314529200002 }, "geometry": { "type": "MultiPolygon", "coordinates": [ [ [ [ 34.924459755859466, 32.522579035309654 ], [ 34.924504371340468, 32.522041081099559 ], [ 34.92447354140964, 32.522039315201646 ], [ 34.924443417220957, 32.522033484580241 ], [ 34.924334824377262, 32.52202701923644 ], [ 34.924207419514374, 32.522019434824401 ], [ 34.923479706922514, 32.521976108318967 ], [ 34.923434755380619, 32.522518010888774 ], [ 34.924459755859466, 32.522579035309654 ] ] ] ] } },
{ "type": "Feature", "properties": { "OBJECTID": 19017462, "LAYER_ID": 6648046, "GROUP_ID": 413523, "SCENARIO": null, "DEFQ": 0, "PLAN_NAME": null, "DATA_DATE": null, "MAVAT_CODE": 840, "MAVAT_NAME": "דרך משולבת", "NAME": null, "LABEL": null, "NUM": "760", "LEGAL_AREA": 478.42746876000001, "TYPE_CODE": 0, "TYPE_NAME": null, "SOURCE_COD": 0, "HASAVA": 0, "STATUS": null, "PL_CHANGE": null, "ADDRESS": null, "PLACE_NO": 0, "CALC_AREA": 478.44208236999998, "OLD_MIG": null, "AGAM_ID": 3000319959.0, "SHAPE_AREA": 478.442082368, "SHAPE_LEN": 135.61041483 }, "geometry": { "type": "MultiPolygon", "coordinates": [ [ [ [ 34.924589308855289, 32.522046137566008 ], [ 34.924504371340468, 32.522041081099559 ], [ 34.924459755859466, 32.522579035309654 ], [ 34.924544693190747, 32.522584090138857 ], [ 34.924589308855289, 32.522046137566008 ] ] ] ] } },
{ "type": "Feature", "properties": { "OBJECTID": 19017463, "LAYER_ID": 6648046, "GROUP_ID": 413523, "SCENARIO": null, "DEFQ": 0, "PLAN_NAME": null, "DATA_DATE": null, "MAVAT_CODE": 820, "MAVAT_NAME": "דרך מאושרת", "NAME": null, "LABEL": null, "NUM": "731", "LEGAL_AREA": 5063.4040349500001, "TYPE_CODE": 0, "TYPE_NAME": null, "SOURCE_COD": 0, "HASAVA": 0, "STATUS": null, "PL_CHANGE": null, "ADDRESS": null, "PLACE_NO": 0, "CALC_AREA": 5063.4802869799996, "OLD_MIG": null, "AGAM_ID": 3000319959.0, "SHAPE_AREA": 5063.4802869799996, "SHAPE_LEN": 707.70987884600004 }, "geometry": { "type": "MultiPolygon", "coordinates": [ [ [ [ 34.923172822682801, 32.519505725679835 ], [ 34.923307508242146, 32.518689330831194 ], [ 34.923376190357516, 32.518179431207514 ], [ 34.923431802092736, 32.517748216115322 ], [ 34.923446504761671, 32.517639258089361 ], [ 34.92347804286829, 32.517405567534219 ], [ 34.923491402953026, 32.517306562149585 ], [ 34.923545507825288, 32.516933833370821 ], [ 34.923547788089479, 32.516922013877249 ], [ 34.92355239570648, 32.516910691662325 ], [ 34.923559197821234, 32.516900193186352 ], [ 34.923567998303547, 32.516890821158185 ], [ 34.923578543403409, 32.51688284580699 ], [ 34.923590529067411, 32.516876497090713 ], [ 34.923603609705779, 32.516871958065551 ], [ 34.92330894411284, 32.516827560755885 ], [ 34.9233251215365, 32.516833880019142 ], [ 34.923339764458078, 32.516842475608705 ], [ 34.923352431158492, 32.516853088229887 ], [ 34.923362739532969, 32.516865397742095 ], [ 34.923370378617705, 32.516879032816156 ], [ 34.923375117970444, 32.516893582135751 ], [ 34.923376814622138, 32.516908606805146 ], [ 34.923375417389941, 32.516923653589032 ], [ 34.923322304204788, 32.517289562057293 ], [ 34.923278052347655, 32.517617463974894 ], [ 34.923262619423753, 32.517731826676524 ], [ 34.923201491245564, 32.518206848385447 ], [ 34.923194143141508, 32.518261065703953 ], [ 34.92313834575716, 32.5186727882434 ], [ 34.923047233091523, 32.519190666895227 ], [ 34.922959136240102, 32.519183295698781 ], [ 34.922924782673334, 32.519405933235227 ], [ 34.923013698829251, 32.51944209516742 ], [ 34.923120468050406, 32.519446759470036 ], [ 34.923089786783756, 32.519660500213924 ], [ 34.923089639858574, 32.519685925270707 ], [ 34.92309415691809, 32.519711060953952 ], [ 34.923103228273071, 32.519735296864596 ], [ 34.923116633636674, 32.519758044453297 ], [ 34.923172822682801, 32.519505725679835 ] ] ] ] } },
{ "type": "Feature", "properties": { "OBJECTID": 19017464, "LAYER_ID": 6648046, "GROUP_ID": 413523, "SCENARIO": null, "DEFQ": 0, "PLAN_NAME": null, "DATA_DATE": null, "MAVAT_CODE": 700, "MAVAT_NAME": "פארק / גן ציבורי", "NAME": null, "LABEL": null, "NUM": "200", "LEGAL_AREA": 16487.975506390001, "TYPE_CODE": 0, "TYPE_NAME": null, "SOURCE_COD": 0, "HASAVA": 0, "STATUS": null, "PL_CHANGE": null, "ADDRESS": null, "PLACE_NO": 0, "CALC_AREA": 16490.290986349999, "OLD_MIG": null, "AGAM_ID": 3000319959.0, "SHAPE_AREA": 16490.290986399999, "SHAPE_LEN": 773.12817293800003 }, "geometry": { "type": "MultiPolygon", "coordinates": [ [ [ [ 34.924123290190025, 32.519653559291449 ], [ 34.924224003157413, 32.518439221035912 ], [ 34.924266471518912, 32.518441748261289 ], [ 34.924278970131766, 32.518291030050214 ], [ 34.924293327792178, 32.518117926311376 ], [ 34.92430881106749, 32.51793122476078 ], [ 34.92431564366678, 32.517848839802092 ], [ 34.924382356953515, 32.517044411904237 ], [ 34.924385322120727, 32.517008650305463 ], [ 34.924177683117357, 32.516975429768976 ], [ 34.924087050356498, 32.516962212078532 ], [ 34.923767231924778, 32.516902506198576 ], [ 34.923766560376201, 32.516912486818043 ], [ 34.923765301721303, 32.516931234650578 ], [ 34.923767348796375, 32.516958119999941 ], [ 34.923763699498778, 32.517017884002229 ], [ 34.923763856764467, 32.517031662397407 ], [ 34.923764687942651, 32.517058707345484 ], [ 34.923766049289654, 32.517085735351358 ], [ 34.923767940770006, 32.517112740869315 ], [ 34.923770360435689, 32.517139717312347 ], [ 34.923773307679632, 32.517166654714934 ], [ 34.923776918567683, 32.517194495689488 ], [ 34.923780782373093, 32.517220387775751 ], [ 34.923785307322284, 32.517247166385602 ], [ 34.923790355995855, 32.517273879525519 ], [ 34.923795926558974, 32.51730051844455 ], [ 34.923800731817366, 32.517333249373827 ], [ 34.923805001636026, 32.517366033077025 ], [ 34.923808741644251, 32.517398958657793 ], [ 34.923811924113636, 32.517431736057631 ], [ 34.923814576118886, 32.517464642709406 ], [ 34.923816689509572, 32.517497578457778 ], [ 34.923818262395216, 32.517530535002635 ], [ 34.923819294102344, 32.51756350625574 ], [ 34.923819786034109, 32.51759648572785 ], [ 34.923819738736043, 32.517629468911458 ], [ 34.923819149088423, 32.517662449217042 ], [ 34.92381801834172, 32.517695417900548 ], [ 34.92381311347625, 32.517792168009066 ], [ 34.923806248981101, 32.517843484316153 ], [ 34.923615736110058, 32.519267978296739 ], [ 34.923607574661716, 32.519452819829901 ], [ 34.923599493340355, 32.519635909112509 ], [ 34.923598396803968, 32.519660767559039 ], [ 34.923595337316037, 32.519730082399555 ], [ 34.923589072289964, 32.51987198417747 ], [ 34.92358732953933, 32.519897017874491 ], [ 34.923749850158437, 32.519920258695727 ], [ 34.923913135825522, 32.5199392645386 ], [ 34.924077032834269, 32.519954017512127 ], [ 34.924098239361641, 32.519955611867992 ], [ 34.924112100323974, 32.51978848574533 ], [ 34.924123290190025, 32.519653559291449 ] ] ] ] } },
{ "type": "Feature", "properties": { "OBJECTID": 19017465, "LAYER_ID": 6648046, "GROUP_ID": 413523, "SCENARIO": null, "DEFQ": 0, "PLAN_NAME": null, "DATA_DATE": null, "MAVAT_CODE": 1502, "MAVAT_NAME": "מסחר ותעסוקה", "NAME": null, "LABEL": null, "NUM": "800", "LEGAL_AREA": 12710.12471941, "TYPE_CODE": 0, "TYPE_NAME": null, "SOURCE_COD": 0, "HASAVA": 0, "STATUS": null, "PL_CHANGE": null, "ADDRESS": null, "PLACE_NO": 0, "CALC_AREA": 12710.424768790001, "OLD_MIG": null, "AGAM_ID": 3000319959.0, "SHAPE_AREA": 12710.4247688, "SHAPE_LEN": 451.034721547 }, "geometry": { "type": "MultiPolygon", "coordinates": [ [ [ [ 34.925453849192252, 32.518182491922815 ], [ 34.925529431820166, 32.517270991531149 ], [ 34.92553450095388, 32.517209841461941 ], [ 34.92480639694633, 32.517075901898522 ], [ 34.924800165000264, 32.517075016794813 ], [ 34.924385322120727, 32.517008650305463 ], [ 34.924382356953515, 32.517044411904237 ], [ 34.92431564366678, 32.517848839802092 ], [ 34.92430881106749, 32.51793122476078 ], [ 34.924293327792178, 32.518117926311376 ], [ 34.925230524417216, 32.518173718346901 ], [ 34.925270059669963, 32.518176071407744 ], [ 34.925294225166297, 32.518177509770211 ], [ 34.9254081215824, 32.518184289289408 ], [ 34.925430923525916, 32.518182260817106 ], [ 34.925453849192252, 32.518182491922815 ] ] ] ] } },
{ "type": "Feature", "properties": { "OBJECTID": 19017466, "LAYER_ID": 6648046, "GROUP_ID": 413523, "SCENARIO": null, "DEFQ": 0, "PLAN_NAME": null, "DATA_DATE": null, "MAVAT_CODE": 1502, "MAVAT_NAME": "מסחר ותעסוקה", "NAME": null, "LABEL": null, "NUM": "801", "LEGAL_AREA": 11761.41436707, "TYPE_CODE": 0, "TYPE_NAME": null, "SOURCE_COD": 0, "HASAVA": 0, "STATUS": null, "PL_CHANGE": null, "ADDRESS": null, "PLACE_NO": 0, "CALC_AREA": 11758.29937262, "OLD_MIG": null, "AGAM_ID": 3000319959.0, "SHAPE_AREA": 11758.2993726, "SHAPE_LEN": 430.46862462299998 }, "geometry": { "type": "MultiPolygon", "coordinates": [ [ [ [ 34.925814800125636, 32.517261405047009 ], [ 34.92553450095388, 32.517209841461941 ], [ 34.925529431820166, 32.517270991531149 ], [ 34.925453849192252, 32.518182491922815 ], [ 34.925476587880745, 32.518184978669922 ], [ 34.925498831213702, 32.518189688148418 ], [ 34.92555309581553, 32.518192919194028 ], [ 34.925632062648369, 32.518269936161012 ], [ 34.925808476675918, 32.518280435655946 ], [ 34.926541029173293, 32.518324036683374 ], [ 34.926551591913949, 32.518323922996295 ], [ 34.926570291567948, 32.51830654217769 ], [ 34.926585734657849, 32.518286999682488 ], [ 34.926597578159992, 32.518265729593693 ], [ 34.926612870079538, 32.518229647325519 ], [ 34.926630649729198, 32.518015196936389 ], [ 34.926679035080021, 32.517431582616574 ], [ 34.926682277884161, 32.517392478092312 ], [ 34.926506935917423, 32.51737595400305 ], [ 34.9263323292245, 32.517354558948981 ], [ 34.926158646258074, 32.517328316021953 ], [ 34.925986074473322, 32.517297253546012 ], [ 34.925814800125636, 32.517261405047009 ] ] ] ] } },
{ "type": "Feature", "properties": { "OBJECTID": 19017425, "LAYER_ID": 6648046, "GROUP_ID": 413523, "SCENARIO": null, "DEFQ": 0, "PLAN_NAME": null, "DATA_DATE": null, "MAVAT_CODE": 200, "MAVAT_NAME": "תעסוקה", "NAME": null, "LABEL": null, "NUM": "5", "LEGAL_AREA": 3102.5954431300001, "TYPE_CODE": 0, "TYPE_NAME": null, "SOURCE_COD": 0, "HASAVA": 0, "STATUS": null, "PL_CHANGE": null, "ADDRESS": null, "PLACE_NO": 0, "CALC_AREA": 3102.7555124400001, "OLD_MIG": null, "AGAM_ID": 3000319959.0, "SHAPE_AREA": 3102.7555124400001, "SHAPE_LEN": 219.02889753299999 }, "geometry": { "type": "MultiPolygon", "coordinates": [ [ [ [ 34.92885213118624, 32.520432950192635 ], [ 34.928317736034316, 32.520401154045231 ], [ 34.928302332596587, 32.520423422543907 ], [ 34.928283783745101, 32.520443897594291 ], [ 34.928262376767016, 32.520462262073742 ], [ 34.928241617023474, 32.520480847250028 ], [ 34.928224795370717, 32.520502099185457 ], [ 34.928203318077827, 32.520537338644452 ], [ 34.928177830146154, 32.520844803442714 ], [ 34.928175653507168, 32.520871069592815 ], [ 34.928812675644515, 32.52090897250234 ], [ 34.92885213118624, 32.520432950192635 ] ] ] ] } },
{ "type": "Feature", "properties": { "OBJECTID": 19017426, "LAYER_ID": 6648046, "GROUP_ID": 413523, "SCENARIO": null, "DEFQ": 0, "PLAN_NAME": null, "DATA_DATE": null, "MAVAT_CODE": 200, "MAVAT_NAME": "תעסוקה", "NAME": null, "LABEL": null, "NUM": "7", "LEGAL_AREA": 3100.6545442500001, "TYPE_CODE": 0, "TYPE_NAME": null, "SOURCE_COD": 0, "HASAVA": 0, "STATUS": null, "PL_CHANGE": null, "ADDRESS": null, "PLACE_NO": 0, "CALC_AREA": 3100.1683793299999, "OLD_MIG": null, "AGAM_ID": 3000319959.0, "SHAPE_AREA": 3100.1683793299999, "SHAPE_LEN": 225.97999033400001 }, "geometry": { "type": "MultiPolygon", "coordinates": [ [ [ [ 34.928774135025208, 32.521373930413993 ], [ 34.928137111542434, 32.521336027298524 ], [ 34.928110009572585, 32.521662983776025 ], [ 34.928101724692652, 32.521703570313178 ], [ 34.928089879039916, 32.521743517970066 ], [ 34.928068155626349, 32.521796463417466 ], [ 34.928735819144165, 32.521836188628889 ], [ 34.928774135025208, 32.521373930413993 ] ] ] ] } },
{ "type": "Feature", "properties": { "OBJECTID": 19017467, "LAYER_ID": 6648046, "GROUP_ID": 413523, "SCENARIO": null, "DEFQ": 0, "PLAN_NAME": null, "DATA_DATE": null, "MAVAT_CODE": 830, "MAVAT_NAME": "דרך מוצעת", "NAME": null, "LABEL": null, "NUM": "722", "LEGAL_AREA": 11266.8713568, "TYPE_CODE": 0, "TYPE_NAME": null, "SOURCE_COD": 0, "HASAVA": 0, "STATUS": null, "PL_CHANGE": null, "ADDRESS": null, "PLACE_NO": 0, "CALC_AREA": 11264.133754119999, "OLD_MIG": null, "AGAM_ID": 3000319959.0, "SHAPE_AREA": 11264.133754099999, "SHAPE_LEN": 915.76714036299995 }, "geometry": { "type": "MultiPolygon", "coordinates": [ [ [ [ 34.926425460189598, 32.519984179644162 ], [ 34.926466116789612, 32.519964544233034 ], [ 34.926509724353551, 32.519950154842014 ], [ 34.926555346098667, 32.519941320585353 ], [ 34.92660200197448, 32.519938231241312 ], [ 34.926648689715755, 32.519940953175542 ], [ 34.926694406372775, 32.519949427915229 ], [ 34.926738169856151, 32.519963473405383 ], [ 34.926779040033622, 32.519982787919488 ], [ 34.926816138925737, 32.520006956541216 ], [ 34.926803650678707, 32.519995742956489 ], [ 34.926793599582517, 32.519982890884812 ], [ 34.926786279451335, 32.519968776019894 ], [ 34.926781904266917, 32.51995381096949 ], [ 34.926780601923745, 32.519938433193857 ], [ 34.926829802333103, 32.519344997202737 ], [ 34.926830558524813, 32.519335889676995 ], [ 34.926831294547917, 32.519327007178731 ], [ 34.926832786714016, 32.519309015486336 ], [ 34.92689322526833, 32.518580025899141 ], [ 34.926894489481789, 32.518564772888915 ], [ 34.92689769922935, 32.518526054098622 ], [ 34.926912613886586, 32.518346152498893 ], [ 34.926917087823369, 32.518292180695546 ], [ 34.926930212055289, 32.518133875065914 ], [ 34.926967339345268, 32.517686052464065 ], [ 34.926986395692239, 32.51745618936534 ], [ 34.926989640374735, 32.517417053997811 ], [ 34.926845272427705, 32.517403425908142 ], [ 34.926682277884161, 32.517392478092312 ], [ 34.926679035080021, 32.517431582616574 ], [ 34.926630649729198, 32.518015196936389 ], [ 34.926612870079538, 32.518229647325519 ], [ 34.926597578159992, 32.518265729593693 ], [ 34.926585734657863, 32.518286999682495 ], [ 34.926570291567948, 32.51830654217769 ], [ 34.926551591913949, 32.518323922996295 ], [ 34.926541029173293, 32.518324036683374 ], [ 34.925808476675918, 32.518280435655946 ], [ 34.925632062648369, 32.518269936161012 ], [ 34.92555309581553, 32.518192919194028 ], [ 34.925498831213702, 32.518189688148418 ], [ 34.925476587880745, 32.518184978669922 ], [ 34.925453849192252, 32.518182491922815 ], [ 34.925430923525916, 32.518182260817106 ], [ 34.9254081215824, 32.518184289289408 ], [ 34.925294225166297, 32.518177509770211 ], [ 34.925270059669963, 32.518176071407744 ], [ 34.92524320751216, 32.518499895251992 ], [ 34.925267373092986, 32.518501334161051 ], [ 34.925362922279461, 32.518507021275049 ], [ 34.925381269915128, 32.518508113706439 ], [ 34.92541105207615, 32.518513901597167 ], [ 34.925441532562822, 32.518515715604757 ], [ 34.925471977263996, 32.51851351203949 ], [ 34.925516335687341, 32.518516153676401 ], [ 34.925607237067368, 32.518449248223767 ], [ 34.925952810626647, 32.518469817671559 ], [ 34.926526112501286, 32.51850393877384 ], [ 34.926532618834329, 32.518504611751062 ], [ 34.926539009476343, 32.518505846243926 ], [ 34.926559709221614, 32.518520275312554 ], [ 34.926577749973262, 32.518537072455992 ], [ 34.926583472446232, 32.518544394615134 ], [ 34.926585231037528, 32.518552983802152 ], [ 34.926585338708534, 32.518561700788659 ], [ 34.926524897729564, 32.519290692425834 ], [ 34.926523406146067, 32.519308682492614 ], [ 34.92652266939605, 32.519317566610511 ], [ 34.926521902801582, 32.519326672488248 ], [ 34.926472279254497, 32.51991574462059 ], [ 34.926469923178772, 32.519929232164429 ], [ 34.926465193841715, 32.519942264556619 ], [ 34.926458199369563, 32.51995454383659 ], [ 34.926449099676631, 32.519965789262116 ], [ 34.926438102809342, 32.519975743727954 ], [ 34.926425460189598, 32.519984179644162 ] ] ] ] } },
{ "type": "Feature", "properties": { "OBJECTID": 19017468, "LAYER_ID": 6648046, "GROUP_ID": 413523, "SCENARIO": null, "DEFQ": 0, "PLAN_NAME": null, "DATA_DATE": null, "MAVAT_CODE": 1502, "MAVAT_NAME": "מסחר ותעסוקה", "NAME": null, "LABEL": null, "NUM": "802", "LEGAL_AREA": 11653.3880431, "TYPE_CODE": 0, "TYPE_NAME": null, "SOURCE_COD": 0, "HASAVA": 0, "STATUS": null, "PL_CHANGE": null, "ADDRESS": null, "PLACE_NO": 0, "CALC_AREA": 11654.02866412, "OLD_MIG": null, "AGAM_ID": 3000319959.0, "SHAPE_AREA": 11654.0286641, "SHAPE_LEN": 424.53072358399999 }, "geometry": { "type": "MultiPolygon", "coordinates": [ [ [ [ 34.927694736846831, 32.51748360541955 ], [ 34.926989640374735, 32.517417053997811 ], [ 34.926986395692239, 32.51745618936534 ], [ 34.926967339345268, 32.517686052464065 ], [ 34.926930212055289, 32.518133875065914 ], [ 34.926945237250976, 32.518193436517677 ], [ 34.92695137811215, 32.51821587291915 ], [ 34.926961542993268, 32.518237233878018 ], [ 34.926975486992191, 32.518257004739631 ], [ 34.926992874154941, 32.518274709159634 ], [ 34.927013285569842, 32.518289920580628 ], [ 34.927030905619091, 32.51829977175646 ], [ 34.927050039243269, 32.518307329011662 ], [ 34.927246295514159, 32.518366009730499 ], [ 34.927732702270028, 32.518394955171303 ], [ 34.927787656434205, 32.518400327779212 ], [ 34.927841871436428, 32.518409643955231 ], [ 34.927894953786051, 32.518422836082962 ], [ 34.927956241949055, 32.518443501177067 ], [ 34.92801473935647, 32.518469327877384 ], [ 34.928069842333912, 32.518500049661874 ], [ 34.928158372860423, 32.518505317468843 ], [ 34.928223660324484, 32.517717696070065 ], [ 34.928179760163637, 32.517674712946402 ], [ 34.928135794306776, 32.517630458938882 ], [ 34.928087952939265, 32.517589191507533 ], [ 34.928036517758045, 32.517551153636632 ], [ 34.92798179161948, 32.517516569294351 ], [ 34.927855411168046, 32.517505869094535 ], [ 34.927694736846831, 32.51748360541955 ] ] ] ] } },
{ "type": "Feature", "properties": { "OBJECTID": 19017469, "LAYER_ID": 6648046, "GROUP_ID": 413523, "SCENARIO": null, "DEFQ": 0, "PLAN_NAME": null, "DATA_DATE": null, "MAVAT_CODE": 830, "MAVAT_NAME": "דרך מוצעת", "NAME": null, "LABEL": null, "NUM": "723", "LEGAL_AREA": 657.45988338999996, "TYPE_CODE": 0, "TYPE_NAME": null, "SOURCE_COD": 0, "HASAVA": 0, "STATUS": null, "PL_CHANGE": null, "ADDRESS": null, "PLACE_NO": 0, "CALC_AREA": 657.47960870999998, "OLD_MIG": null, "AGAM_ID": 3000319959.0, "SHAPE_AREA": 657.47960871500004, "SHAPE_LEN": 145.16653424099999 }, "geometry": { "type": "MultiPolygon", "coordinates": [ [ [ [ 34.929429780573756, 32.517530323622324 ], [ 34.928777034400113, 32.517473577122459 ], [ 34.928769052704887, 32.517576026993318 ], [ 34.929429509222864, 32.51761943886293 ], [ 34.929429780573756, 32.517530323622324 ] ] ] ] } },
{ "type": "Feature", "properties": { "OBJECTID": 19017470, "LAYER_ID": 6648046, "GROUP_ID": 413523, "SCENARIO": null, "DEFQ": 0, "PLAN_NAME": null, "DATA_DATE": null, "MAVAT_CODE": 650, "MAVAT_NAME": "שטחים פתוחים", "NAME": null, "LABEL": null, "NUM": "351", "LEGAL_AREA": 3187.8568264800001, "TYPE_CODE": 0, "TYPE_NAME": null, "SOURCE_COD": 0, "HASAVA": 0, "STATUS": null, "PL_CHANGE": null, "ADDRESS": null, "PLACE_NO": 0, "CALC_AREA": 3193.8271989599998, "OLD_MIG": null, "AGAM_ID": 3000319959.0, "SHAPE_AREA": 3193.8271989599998, "SHAPE_LEN": 236.015398385 }, "geometry": { "type": "MultiPolygon", "coordinates": [ [ [ [ 34.928753700221527, 32.517575018086255 ], [ 34.928476691193488, 32.517556808776192 ], [ 34.928475477082728, 32.517580741482298 ], [ 34.928478717753407, 32.517604538407468 ], [ 34.928486332651595, 32.517627608002194 ], [ 34.928498132487512, 32.517649376796669 ], [ 34.928525820911638, 32.517694288997902 ], [ 34.928556854669118, 32.51773760280868 ], [ 34.928591105776469, 32.517779139595866 ], [ 34.928634763251779, 32.517823278223545 ], [ 34.928683928731118, 32.517863042544626 ], [ 34.928737995694732, 32.517897942009206 ], [ 34.928796297153568, 32.517927546081872 ], [ 34.928858113877745, 32.517951489553127 ], [ 34.928922683269391, 32.517969477044971 ], [ 34.928989208770801, 32.517981286654994 ], [ 34.929056869691543, 32.517986772694073 ], [ 34.929124831333333, 32.517985867483638 ], [ 34.929192255287852, 32.517978582190771 ], [ 34.929258309780295, 32.517965006690289 ], [ 34.92932217993102, 32.51794530845612 ], [ 34.929376680291455, 32.517922761112246 ], [ 34.929428278749349, 32.517895753682033 ], [ 34.929428815536994, 32.517847252723726 ], [ 34.929428929666841, 32.517809771438003 ], [ 34.929429509222864, 32.51761943886293 ], [ 34.928769052704887, 32.517576026993318 ], [ 34.928753700221527, 32.517575018086255 ] ] ] ] } },
{ "type": "Feature", "properties": { "OBJECTID": 19017471, "LAYER_ID": 6648046, "GROUP_ID": 413523, "SCENARIO": null, "DEFQ": 0, "PLAN_NAME": null, "DATA_DATE": null, "MAVAT_CODE": 650, "MAVAT_NAME": "שטחים פתוחים", "NAME": null, "LABEL": null, "NUM": "350", "LEGAL_AREA": 3380.4429398500001, "TYPE_CODE": 0, "TYPE_NAME": null, "SOURCE_COD": 0, "HASAVA": 0, "STATUS": null, "PL_CHANGE": null, "ADDRESS": null, "PLACE_NO": 0, "CALC_AREA": 3372.8695106300001, "OLD_MIG": null, "AGAM_ID": 3000319959.0, "SHAPE_AREA": 3372.8695106300001, "SHAPE_LEN": 370.10424906499998 }, "geometry": { "type": "MultiPolygon", "coordinates": [ [ [ [ 34.92942442936031, 32.518243458266525 ], [ 34.92942813143928, 32.517909144517546 ], [ 34.929428278749349, 32.517895753682033 ], [ 34.929376680291455, 32.517922761112246 ], [ 34.92932217993102, 32.51794530845612 ], [ 34.929258309780295, 32.517965006690289 ], [ 34.929192255287852, 32.517978582190771 ], [ 34.929124831333333, 32.517985867483638 ], [ 34.929056869691543, 32.517986772694073 ], [ 34.928989208770801, 32.517981286654994 ], [ 34.928922683269391, 32.517969477044971 ], [ 34.928858113877745, 32.517951489553127 ], [ 34.928796297153568, 32.517927546081872 ], [ 34.928737995694732, 32.517897942009206 ], [ 34.928683928731118, 32.517863042544626 ], [ 34.928634763251779, 32.517823278223545 ], [ 34.928591105776469, 32.517779139595866 ], [ 34.928556854669118, 32.51773760280868 ], [ 34.928525820911638, 32.517694288997902 ], [ 34.928498132487512, 32.517649376796669 ], [ 34.928486332651595, 32.517627608002194 ], [ 34.928478717753407, 32.517604538407468 ], [ 34.928475477082728, 32.517580741482298 ], [ 34.928476691193488, 32.517556808776192 ], [ 34.928389138109814, 32.517551052978689 ], [ 34.92798179161948, 32.517516569294351 ], [ 34.928036517758052, 32.517551153636639 ], [ 34.928087952939265, 32.517589191507533 ], [ 34.928135794306776, 32.517630458938882 ], [ 34.928179760163637, 32.517674712946402 ], [ 34.928223660324484, 32.517717696070065 ], [ 34.928369163460935, 32.517872128122377 ], [ 34.928389124873803, 32.517893734430587 ], [ 34.928396096194774, 32.517901399922486 ], [ 34.928404164456531, 32.51790999461987 ], [ 34.928419009890753, 32.517925811315855 ], [ 34.928561220800354, 32.518077312913988 ], [ 34.928615143154339, 32.518134757970799 ], [ 34.929040515599659, 32.518160066940744 ], [ 34.92906189844004, 32.518161688347909 ], [ 34.92925112127363, 32.518176033984673 ], [ 34.929289506588404, 32.518181454337849 ], [ 34.929326594998415, 32.518191105848381 ], [ 34.929361850779344, 32.518204828995472 ], [ 34.929394654385064, 32.518222382624089 ], [ 34.92942442936031, 32.518243458266525 ] ] ] ] } },
{ "type": "Feature", "properties": { "OBJECTID": 19017472, "LAYER_ID": 6648046, "GROUP_ID": 413523, "SCENARIO": null, "DEFQ": 0, "PLAN_NAME": null, "DATA_DATE": null, "MAVAT_CODE": 955, "MAVAT_NAME": "רצועת תשתיות", "NAME": null, "LABEL": null, "NUM": "500", "LEGAL_AREA": 28860.660864090001, "TYPE_CODE": 0, "TYPE_NAME": null, "SOURCE_COD": 0, "HASAVA": 0, "STATUS": null, "PL_CHANGE": null, "ADDRESS": null, "PLACE_NO": 0, "CALC_AREA": 28862.2514778, "OLD_MIG": null, "AGAM_ID": 3000319959.0, "SHAPE_AREA": 28862.2514778, "SHAPE_LEN": 1306.6346438800001 }, "geometry": { "type": "MultiPolygon", "coordinates": [ [ [ [ 34.92906189844004, 32.518161688347909 ], [ 34.929040515599659, 32.518160066940744 ], [ 34.928999511066181, 32.51865480039568 ], [ 34.928986331024561, 32.518813827682592 ], [ 34.928957820818908, 32.519157801122667 ], [ 34.928949053975529, 32.519263583408424 ], [ 34.928916161019359, 32.519660447976584 ], [ 34.928911776589864, 32.519713339630229 ], [ 34.928874498812561, 32.520163096933942 ], [ 34.92885213118624, 32.520432950192635 ], [ 34.928812675644515, 32.52090897250234 ], [ 34.928774135025208, 32.521373930413993 ], [ 34.928735819144165, 32.521836188628889 ], [ 34.928676109319937, 32.522556573075931 ], [ 34.928644610719054, 32.522936565432587 ], [ 34.928644155455231, 32.522942068190744 ], [ 34.928584965556631, 32.523656119894994 ], [ 34.928580418533912, 32.523694494551428 ], [ 34.928849629365516, 32.523682067170817 ], [ 34.929117324329617, 32.523669708575632 ], [ 34.929162968640753, 32.52310180093027 ], [ 34.929202145128421, 32.522589195356389 ], [ 34.929244991390782, 32.522069573364469 ], [ 34.929290382430338, 32.521558438105927 ], [ 34.929326970886521, 32.521019963039237 ], [ 34.929365894942002, 32.520521131435103 ], [ 34.929368150509625, 32.520487180569624 ], [ 34.929374861343149, 32.52038617818171 ], [ 34.929405841913358, 32.519919841861217 ], [ 34.929422205159092, 32.519744144679663 ], [ 34.929419053999638, 32.518728743895402 ], [ 34.92942442936031, 32.518243458266525 ], [ 34.929394654385064, 32.518222382624089 ], [ 34.929361850779344, 32.518204828995472 ], [ 34.929326594998415, 32.518191105848381 ], [ 34.929289506588404, 32.518181454337849 ], [ 34.92925112127363, 32.518176033984673 ], [ 34.92906189844004, 32.518161688347909 ] ] ] ] } },
{ "type": "Feature", "properties": { "OBJECTID": 19017473, "LAYER_ID": 6648046, "GROUP_ID": 413523, "SCENARIO": null, "DEFQ": 0, "PLAN_NAME": null, "DATA_DATE": null, "MAVAT_CODE": 830, "MAVAT_NAME": "דרך מוצעת", "NAME": null, "LABEL": null, "NUM": "720", "LEGAL_AREA": 9439.4956039699991, "TYPE_CODE": 0, "TYPE_NAME": null, "SOURCE_COD": 0, "HASAVA": 0, "STATUS": null, "PL_CHANGE": null, "ADDRESS": null, "PLACE_NO": 0, "CALC_AREA": 9447.7041667600006, "OLD_MIG": null, "AGAM_ID": 3000319959.0, "SHAPE_AREA": 9447.7041667600006, "SHAPE_LEN": 764.962514672 }, "geometry": { "type": "MultiPolygon", "coordinates": [ [ [ [ 34.926816138925737, 32.520006956541216 ], [ 34.926779040033622, 32.519982787919488 ], [ 34.926738169856151, 32.519963473405383 ], [ 34.926694406372775, 32.519949427915229 ], [ 34.926648689715755, 32.519940953175542 ], [ 34.92660200197448, 32.519938231241312 ], [ 34.926555346098667, 32.519941320585353 ], [ 34.926509724353551, 32.519950154842014 ], [ 34.926466116789612, 32.519964544233034 ], [ 34.926425460189598, 32.519984179644162 ], [ 34.926396484841725, 32.520002780234627 ], [ 34.926370192834121, 32.52002405078052 ], [ 34.926346924990014, 32.520047715553389 ], [ 34.926335187295379, 32.520059026714719 ], [ 34.926321391224015, 32.520068524874304 ], [ 34.926305921656073, 32.520075945053904 ], [ 34.926289210159077, 32.520081080246435 ], [ 34.926271722947959, 32.520083787190934 ], [ 34.926253947878614, 32.520083990369464 ], [ 34.925237173437921, 32.520023469999025 ], [ 34.925003602133295, 32.520009565820317 ], [ 34.924175485434553, 32.519960267332571 ], [ 34.924102406250029, 32.519955917236338 ], [ 34.924077032834269, 32.519954017512127 ], [ 34.923913135825522, 32.5199392645386 ], [ 34.923749850158437, 32.519920258695727 ], [ 34.92358732953933, 32.519897017874491 ], [ 34.923432682019218, 32.519870836394759 ], [ 34.923279008244613, 32.519840820249463 ], [ 34.923237056316971, 32.519984749094881 ], [ 34.923220319139759, 32.520042168423224 ], [ 34.923386164706358, 32.520074497819756 ], [ 34.923553090182189, 32.520102555713358 ], [ 34.9237212933199, 32.520126361669178 ], [ 34.923890271960474, 32.520145830466134 ], [ 34.924059870335427, 32.520160944157283 ], [ 34.924081078922697, 32.52016252476934 ], [ 34.924083362416447, 32.520162692214583 ], [ 34.924742254957025, 32.520201917680268 ], [ 34.92559160915863, 32.520252474734235 ], [ 34.925606738887595, 32.52025337564239 ], [ 34.925676189747549, 32.520257509878789 ], [ 34.926300731061851, 32.520294681820928 ], [ 34.92631707889511, 32.520328323346078 ], [ 34.9263386068546, 32.520359802157998 ], [ 34.926364925581503, 32.520388548917261 ], [ 34.926395559067792, 32.520414043697016 ], [ 34.92642995326532, 32.520435825386826 ], [ 34.926470665303121, 32.520454749796691 ], [ 34.926514186736568, 32.520468470809753 ], [ 34.926559597003831, 32.520476698199907 ], [ 34.926605935589514, 32.520479257941744 ], [ 34.926652222341914, 32.520476095891695 ], [ 34.926697478205746, 32.520467278933225 ], [ 34.926740745931575, 32.520452993562188 ], [ 34.926781110324022, 32.520433541941834 ], [ 34.926813763932849, 32.520412316546917 ], [ 34.926842923717977, 32.520387708818618 ], [ 34.926868105184667, 32.520360127620954 ], [ 34.926891494557751, 32.520325527939775 ], [ 34.926908626947174, 32.520288391218585 ], [ 34.926919130160456, 32.520249524251057 ], [ 34.926922776024597, 32.520209771419275 ], [ 34.926919485342644, 32.52016999634963 ], [ 34.92690932961326, 32.520131063150465 ], [ 34.926893852858385, 32.520096237273805 ], [ 34.926872881519593, 32.5200635404005 ], [ 34.926846812440168, 32.520033591248705 ], [ 34.926816138925737, 32.520006956541216 ] ] ] ] } },
{ "type": "Feature", "properties": { "OBJECTID": 19017474, "LAYER_ID": 6648046, "GROUP_ID": 413523, "SCENARIO": null, "DEFQ": 0, "PLAN_NAME": null, "DATA_DATE": null, "MAVAT_CODE": 820, "MAVAT_NAME": "דרך מאושרת", "NAME": null, "LABEL": null, "NUM": "733", "LEGAL_AREA": 2728.9257679299999, "TYPE_CODE": 0, "TYPE_NAME": null, "SOURCE_COD": 0, "HASAVA": 0, "STATUS": null, "PL_CHANGE": null, "ADDRESS": null, "PLACE_NO": 0, "CALC_AREA": 2726.23766892, "OLD_MIG": null, "AGAM_ID": 3000319959.0, "SHAPE_AREA": 2726.23766892, "SHAPE_LEN": 310.89542564099997 }, "geometry": { "type": "MultiPolygon", "coordinates": [ [ [ [ 34.923175787693772, 32.520032719686512 ], [ 34.923220319139759, 32.520042168423224 ], [ 34.923237056316971, 32.519984749094881 ], [ 34.923279008244613, 32.519840820249463 ], [ 34.923260454751862, 32.51983692122581 ], [ 34.923226807043086, 32.519829702735151 ], [ 34.923215598618185, 32.519827253829256 ], [ 34.923185978065732, 32.519815583101398 ], [ 34.923159111921777, 32.519799838566144 ], [ 34.92313577325671, 32.519780473271751 ], [ 34.923116633636674, 32.519758044453297 ], [ 34.923103228273071, 32.519735296864596 ], [ 34.92309415691809, 32.519711060953952 ], [ 34.923089639858574, 32.519685925270707 ], [ 34.923089786783756, 32.519660500213924 ], [ 34.923120468050406, 32.519446759470036 ], [ 34.923013698829251, 32.51944209516742 ], [ 34.922973352718209, 32.519623276214311 ], [ 34.92297183743262, 32.519630082558663 ], [ 34.922966477689243, 32.519646458504326 ], [ 34.92295813319403, 32.51966191197409 ], [ 34.922947013311976, 32.519676055234719 ], [ 34.922933397043934, 32.519688533426418 ], [ 34.922917626026447, 32.519699033466495 ], [ 34.922900095960017, 32.519707291904759 ], [ 34.922881246680753, 32.519713101533597 ], [ 34.922861551124676, 32.519716316587072 ], [ 34.92284150346147, 32.519716856398119 ], [ 34.922821606695429, 32.519714707422722 ], [ 34.922745655767649, 32.519683958123828 ], [ 34.922525898700613, 32.51959498960786 ], [ 34.922421366563192, 32.519782528192479 ], [ 34.922813088578273, 32.519941116604777 ], [ 34.92283166228043, 32.519953539061326 ], [ 34.922847593005038, 32.519968364006502 ], [ 34.92286045325946, 32.519985193621928 ], [ 34.922869897944651, 32.520003576294968 ], [ 34.922875673615849, 32.520023018737312 ], [ 34.922877625283796, 32.520042999221992 ], [ 34.922875700574004, 32.520062981583699 ], [ 34.922824743526071, 32.520236986153122 ], [ 34.922925761276836, 32.520266489307367 ], [ 34.922962651349543, 32.520140515599387 ], [ 34.922974029180203, 32.520117940269785 ], [ 34.922989295122569, 32.520097076820015 ], [ 34.923008100008232, 32.520078402443339 ], [ 34.92303001372624, 32.520062344263685 ], [ 34.923054535060558, 32.520049269566684 ], [ 34.923083237093167, 32.520038860248675 ], [ 34.923113553592323, 32.520032539076411 ], [ 34.923144679357328, 32.520030473939151 ], [ 34.923175787693772, 32.520032719686512 ] ] ] ] } },
{ "type": "Feature", "properties": { "OBJECTID": 19017475, "LAYER_ID": 6648046, "GROUP_ID": 413523, "SCENARIO": null, "DEFQ": 0, "PLAN_NAME": null, "DATA_DATE": null, "MAVAT_CODE": 740, "MAVAT_NAME": "נחל/תעלת נחל", "NAME": null, "LABEL": null, "NUM": "403", "LEGAL_AREA": 4531.9693510400002, "TYPE_CODE": 0, "TYPE_NAME": null, "SOURCE_COD": 0, "HASAVA": 0, "STATUS": null, "PL_CHANGE": null, "ADDRESS": null, "PLACE_NO": 0, "CALC_AREA": 4532.108701, "OLD_MIG": null, "AGAM_ID": 3000319959.0, "SHAPE_AREA": 4532.108701, "SHAPE_LEN": 763.76582041699999 }, "geometry": { "type": "MultiPolygon", "coordinates": [ [ [ [ 34.922997844190583, 32.520766076321799 ], [ 34.922860092159098, 32.520715415047071 ], [ 34.922754954413094, 32.521074436487226 ], [ 34.922636500520326, 32.521483452472346 ], [ 34.922184225258263, 32.523059122431619 ], [ 34.922325891973095, 32.523886357594229 ], [ 34.922327599312062, 32.523896507553694 ], [ 34.922619863350633, 32.523883999352499 ], [ 34.922410226720629, 32.523202818581716 ], [ 34.922410405986369, 32.523138778201783 ], [ 34.922297395915272, 32.52300504187086 ], [ 34.922323705187537, 32.522746547473453 ], [ 34.922702269598673, 32.521641631536959 ], [ 34.922908127210725, 32.521042432299311 ], [ 34.922997844190583, 32.520766076321799 ] ] ] ] } },
{ "type": "Feature", "properties": { "OBJECTID": 19017476, "LAYER_ID": 6648046, "GROUP_ID": 413523, "SCENARIO": null, "DEFQ": 0, "PLAN_NAME": null, "DATA_DATE": null, "MAVAT_CODE": 740, "MAVAT_NAME": "נחל/תעלת נחל", "NAME": null, "LABEL": null, "NUM": "401", "LEGAL_AREA": 6714.3901684100001, "TYPE_CODE": 0, "TYPE_NAME": null, "SOURCE_COD": 0, "HASAVA": 0, "STATUS": null, "PL_CHANGE": null, "ADDRESS": null, "PLACE_NO": 0, "CALC_AREA": 6714.5966364100004, "OLD_MIG": null, "AGAM_ID": 3000319959.0, "SHAPE_AREA": 6714.5966364100004, "SHAPE_LEN": 740.54901199200003 }, "geometry": { "type": "MultiPolygon", "coordinates": [ [ [ [ 34.923201747006388, 32.520841063756166 ], [ 34.922997844190583, 32.520766076321799 ], [ 34.922908127210725, 32.521042432299311 ], [ 34.922702269598673, 32.521641631536959 ], [ 34.922323705187537, 32.522746547473453 ], [ 34.922297395915272, 32.52300504187086 ], [ 34.922410405986369, 32.523138778201783 ], [ 34.922410226720629, 32.523202818581716 ], [ 34.922619863350633, 32.523883999352499 ], [ 34.922712010877206, 32.523880054273953 ], [ 34.922755521997296, 32.523841708793917 ], [ 34.922755109638508, 32.523825204407764 ], [ 34.922754098364813, 32.523804726063787 ], [ 34.922751695512581, 32.523780115762349 ], [ 34.922748610241804, 32.523759141872347 ], [ 34.922745645150194, 32.523742752827125 ], [ 34.922742149668103, 32.523726439692062 ], [ 34.922738125835544, 32.523710213923628 ], [ 34.922733576121118, 32.523694086077548 ], [ 34.922728501804016, 32.523678072658306 ], [ 34.922722912589101, 32.523662184643591 ], [ 34.922716805837887, 32.523646431991516 ], [ 34.922705974828745, 32.523621783517036 ], [ 34.922698894900613, 32.523604800212638 ], [ 34.922692321476248, 32.523587671150345 ], [ 34.922686261652451, 32.523570407257083 ], [ 34.922680719389319, 32.523553018460824 ], [ 34.922675697154965, 32.523535515272307 ], [ 34.922671196871732, 32.523517912574441 ], [ 34.922667224371153, 32.523500217458938 ], [ 34.92266378030164, 32.523482443723772 ], [ 34.922660868458571, 32.523464602919582 ], [ 34.922658486953118, 32.523446703338173 ], [ 34.922656642123037, 32.523428760368205 ], [ 34.922655333995515, 32.523410782260591 ], [ 34.922645421044827, 32.52339276341732 ], [ 34.922631414449384, 32.523340299728851 ], [ 34.922605178005625, 32.52324204462068 ], [ 34.922568559785958, 32.523148214885197 ], [ 34.922539319199181, 32.523040717239134 ], [ 34.922533996626584, 32.522930494367166 ], [ 34.922536974346535, 32.522878723649697 ], [ 34.922563377943206, 32.522778757583673 ], [ 34.922587399766329, 32.522675922008581 ], [ 34.922766234908494, 32.522160509640983 ], [ 34.922818774216296, 32.521984058963717 ], [ 34.92287308027322, 32.52181823878923 ], [ 34.922930549998725, 32.521635862817902 ], [ 34.923001158603974, 32.521304234202361 ], [ 34.923153213218264, 32.520935797681965 ], [ 34.923201747006388, 32.520841063756166 ] ] ] ] } },
{ "type": "Feature", "properties": { "OBJECTID": 19017477, "LAYER_ID": 6648046, "GROUP_ID": 413523, "SCENARIO": null, "DEFQ": 0, "PLAN_NAME": null, "DATA_DATE": null, "MAVAT_CODE": 740, "MAVAT_NAME": "נחל/תעלת נחל", "NAME": null, "LABEL": null, "NUM": "406", "LEGAL_AREA": 2295.2340232699999, "TYPE_CODE": 0, "TYPE_NAME": null, "SOURCE_COD": 0, "HASAVA": 0, "STATUS": null, "PL_CHANGE": null, "ADDRESS": null, "PLACE_NO": 0, "CALC_AREA": 2294.7500754500002, "OLD_MIG": null, "AGAM_ID": 3000319959.0, "SHAPE_AREA": 2294.7500754500002, "SHAPE_LEN": 224.25386394200001 }, "geometry": { "type": "MultiPolygon", "coordinates": [ [ [ [ 34.923220319139759, 32.520042168423224 ], [ 34.923215725452501, 32.520057929603048 ], [ 34.923110158425018, 32.52042011342531 ], [ 34.922997844190583, 32.520766076321799 ], [ 34.923201747006388, 32.520841063756166 ], [ 34.923315685092923, 32.520618672317042 ], [ 34.923432976444225, 32.520382936781793 ], [ 34.923466407728853, 32.520315515431164 ], [ 34.923493888719904, 32.520265970023523 ], [ 34.923517268965007, 32.520214936097105 ], [ 34.923536651209886, 32.520159082622001 ], [ 34.923553090182189, 32.520102555713358 ], [ 34.923386164706358, 32.520074497819756 ], [ 34.923220319139759, 32.520042168423224 ] ] ] ] } },
{ "type": "Feature", "properties": { "OBJECTID": 19017478, "LAYER_ID": 6648046, "GROUP_ID": 413523, "SCENARIO": null, "DEFQ": 0, "PLAN_NAME": null, "DATA_DATE": null, "MAVAT_CODE": 740, "MAVAT_NAME": "נחל/תעלת נחל", "NAME": null, "LABEL": null, "NUM": "407", "LEGAL_AREA": 584.74275676000002, "TYPE_CODE": 0, "TYPE_NAME": null, "SOURCE_COD": 0, "HASAVA": 0, "STATUS": null, "PL_CHANGE": null, "ADDRESS": null, "PLACE_NO": 0, "CALC_AREA": 583.13385054000003, "OLD_MIG": null, "AGAM_ID": 3000319959.0, "SHAPE_AREA": 583.13385053800005, "SHAPE_LEN": 175.68335908899999 }, "geometry": { "type": "MultiPolygon", "coordinates": [ [ [ [ 34.923110158425018, 32.52042011342531 ], [ 34.923215725452501, 32.520057929603048 ], [ 34.923190608079437, 32.52012387016719 ], [ 34.923160327609814, 32.520188235098807 ], [ 34.923125020379089, 32.520250734576784 ], [ 34.923084845358076, 32.520311087179245 ], [ 34.923039983437256, 32.520369021150586 ], [ 34.922963398646225, 32.520504540340774 ], [ 34.922860092159098, 32.520715415047071 ], [ 34.922997844190583, 32.520766076321799 ], [ 34.923110158425018, 32.52042011342531 ] ] ] ] } },
{ "type": "Feature", "properties": { "OBJECTID": 19017479, "LAYER_ID": 6648046, "GROUP_ID": 413523, "SCENARIO": null, "DEFQ": 0, "PLAN_NAME": null, "DATA_DATE": null, "MAVAT_CODE": 740, "MAVAT_NAME": "נחל/תעלת נחל", "NAME": null, "LABEL": null, "NUM": "404", "LEGAL_AREA": 806.41771209000001, "TYPE_CODE": 0, "TYPE_NAME": null, "SOURCE_COD": 0, "HASAVA": 0, "STATUS": null, "PL_CHANGE": null, "ADDRESS": null, "PLACE_NO": 0, "CALC_AREA": 806.44247741000004, "OLD_MIG": null, "AGAM_ID": 3000319959.0, "SHAPE_AREA": 806.44247741000004, "SHAPE_LEN": 186.135738651 }, "geometry": { "type": "MultiPolygon", "coordinates": [ [ [ [ 34.923481357502105, 32.519100349517224 ], [ 34.923308332569505, 32.519083736942569 ], [ 34.923286498126444, 32.519246988154592 ], [ 34.923277873153047, 32.519442372114725 ], [ 34.923269789195487, 32.519625461368356 ], [ 34.923268692570176, 32.519650319270511 ], [ 34.923265632824567, 32.519719635724826 ], [ 34.923260832843972, 32.519828359372219 ], [ 34.923260454751862, 32.51983692122581 ], [ 34.923279008244613, 32.519840820249463 ], [ 34.923295799202023, 32.519783212299167 ], [ 34.92332199873897, 32.519685405748881 ], [ 34.923481357502105, 32.519100349517224 ] ] ] ] } },
{ "type": "Feature", "properties": { "OBJECTID": 19017480, "LAYER_ID": 6648046, "GROUP_ID": 413523, "SCENARIO": null, "DEFQ": 0, "PLAN_NAME": null, "DATA_DATE": null, "MAVAT_CODE": 740, "MAVAT_NAME": "נחל/תעלת נחל", "NAME": null, "LABEL": null, "NUM": "405", "LEGAL_AREA": 1841.14588783, "TYPE_CODE": 0, "TYPE_NAME": null, "SOURCE_COD": 0, "HASAVA": 0, "STATUS": null, "PL_CHANGE": null, "ADDRESS": null, "PLACE_NO": 0, "CALC_AREA": 1842.2575358399999, "OLD_MIG": null, "AGAM_ID": 3000319959.0, "SHAPE_AREA": 1842.2575358399999, "SHAPE_LEN": 215.426076341 }, "geometry": { "type": "MultiPolygon", "coordinates": [ [ [ [ 34.923636166760353, 32.519115211246728 ], [ 34.923481357502105, 32.519100349517224 ], [ 34.92332199873897, 32.519685405748881 ], [ 34.923295799202023, 32.519783212299167 ], [ 34.923279008244613, 32.519840820249463 ], [ 34.923432682019211, 32.519870836394766 ], [ 34.92358732953933, 32.519897017874491 ], [ 34.923589072289964, 32.51987198417747 ], [ 34.923595337316037, 32.519730082399555 ], [ 34.923598396803968, 32.519660767559039 ], [ 34.923599493340355, 32.519635909112509 ], [ 34.923607574661716, 32.519452819829901 ], [ 34.923615736110058, 32.519267978296739 ], [ 34.923636166760353, 32.519115211246728 ] ] ] ] } },
{ "type": "Feature", "properties": { "OBJECTID": 19017481, "LAYER_ID": 6648046, "GROUP_ID": 413523, "SCENARIO": null, "DEFQ": 0, "PLAN_NAME": null, "DATA_DATE": null, "MAVAT_CODE": 740, "MAVAT_NAME": "נחל/תעלת נחל", "NAME": null, "LABEL": null, "NUM": "400", "LEGAL_AREA": 3915.6245979700002, "TYPE_CODE": 0, "TYPE_NAME": null, "SOURCE_COD": 0, "HASAVA": 0, "STATUS": null, "PL_CHANGE": null, "ADDRESS": null, "PLACE_NO": 0, "CALC_AREA": 3915.7447105699998, "OLD_MIG": null, "AGAM_ID": 3000319959.0, "SHAPE_AREA": 3915.7447105699998, "SHAPE_LEN": 514.57047905800005 }, "geometry": { "type": "MultiPolygon", "coordinates": [ [ [ [ 34.923767231924778, 32.516902506198576 ], [ 34.923692524692058, 32.516888559262846 ], [ 34.923671573167212, 32.517106497058528 ], [ 34.923609594297197, 32.517734775086943 ], [ 34.9235475159647, 32.518381159462102 ], [ 34.923528670581781, 32.5185614272539 ], [ 34.923497489008241, 32.518830948395156 ], [ 34.923485981264243, 32.519037103342221 ], [ 34.923481357502105, 32.519100349517224 ], [ 34.923636166760353, 32.519115211246728 ], [ 34.923806248981101, 32.517843484316153 ], [ 34.92381311347625, 32.517792168009066 ], [ 34.92381801834172, 32.517695417900548 ], [ 34.923819149088423, 32.517662449217042 ], [ 34.923819738736043, 32.517629468911458 ], [ 34.923819786034109, 32.51759648572785 ], [ 34.923819294102344, 32.51756350625574 ], [ 34.923818262395216, 32.517530535002635 ], [ 34.923816689509572, 32.517497578457778 ], [ 34.923814576118886, 32.517464642709406 ], [ 34.923811924113636, 32.517431736057631 ], [ 34.923808741644251, 32.517398958657793 ], [ 34.923805001636026, 32.517366033077025 ], [ 34.923800731817366, 32.517333249373827 ], [ 34.923795926558974, 32.51730051844455 ], [ 34.923790355995855, 32.517273879525519 ], [ 34.923785307322284, 32.517247166385602 ], [ 34.923780782373093, 32.517220387775751 ], [ 34.923776918567683, 32.517194495689488 ], [ 34.923773307679632, 32.517166654714934 ], [ 34.923770360435689, 32.517139717312347 ], [ 34.923767940770006, 32.517112740869315 ], [ 34.923766049289654, 32.517085735351358 ], [ 34.923764687942651, 32.517058707345484 ], [ 34.923763856764467, 32.517031662397407 ], [ 34.923763699498778, 32.517017884002229 ], [ 34.923767348796375, 32.516958119999941 ], [ 34.923765301721303, 32.516931234650578 ], [ 34.923766560376201, 32.516912486818043 ], [ 34.923767231924778, 32.516902506198576 ] ] ] ] } },
{ "type": "Feature", "properties": { "OBJECTID": 19017482, "LAYER_ID": 6648046, "GROUP_ID": 413523, "SCENARIO": null, "DEFQ": 0, "PLAN_NAME": null, "DATA_DATE": null, "MAVAT_CODE": 740, "MAVAT_NAME": "נחל/תעלת נחל", "NAME": null, "LABEL": null, "NUM": "402", "LEGAL_AREA": 3361.88892975, "TYPE_CODE": 0, "TYPE_NAME": null, "SOURCE_COD": 0, "HASAVA": 0, "STATUS": null, "PL_CHANGE": null, "ADDRESS": null, "PLACE_NO": 0, "CALC_AREA": 3362.1611059900001, "OLD_MIG": null, "AGAM_ID": 3000319959.0, "SHAPE_AREA": 3362.1611059900001, "SHAPE_LEN": 520.11067679500002 }, "geometry": { "type": "MultiPolygon", "coordinates": [ [ [ [ 34.923692524692058, 32.516888559262846 ], [ 34.923603609705779, 32.516871958065551 ], [ 34.923590529067411, 32.516876497090713 ], [ 34.923578543403409, 32.51688284580699 ], [ 34.923567998303547, 32.516890821158178 ], [ 34.923559197821234, 32.516900193186352 ], [ 34.92355239570648, 32.516910691662325 ], [ 34.923547788089479, 32.516922013877249 ], [ 34.923545507825288, 32.516933833370821 ], [ 34.923491402953026, 32.517306562149585 ], [ 34.92347804286829, 32.517405567534219 ], [ 34.923480114841965, 32.517423808768278 ], [ 34.923482919423478, 32.517452721144345 ], [ 34.923485262477023, 32.51748175471927 ], [ 34.923487126051377, 32.517510812516818 ], [ 34.92348851277572, 32.517539887419225 ], [ 34.923489424565446, 32.517568979385764 ], [ 34.923489857627814, 32.51759807582873 ], [ 34.923489813880018, 32.517627176121294 ], [ 34.923489293341959, 32.517656273725876 ], [ 34.923488296674009, 32.517685361475223 ], [ 34.923483985185719, 32.517770404820794 ], [ 34.923478419339361, 32.517812011015138 ], [ 34.923308332569505, 32.519083736942569 ], [ 34.923481357502105, 32.519100349517224 ], [ 34.923485981264243, 32.519037103342221 ], [ 34.923497489008241, 32.518830948395156 ], [ 34.923528670581781, 32.5185614272539 ], [ 34.9235475159647, 32.518381159462102 ], [ 34.923609594297197, 32.517734775086943 ], [ 34.923671573167212, 32.517106497058528 ], [ 34.923692524692058, 32.516888559262846 ] ] ] ] } },
{ "type": "Feature", "properties": { "OBJECTID": 19017483, "LAYER_ID": 6648046, "GROUP_ID": 413523, "SCENARIO": null, "DEFQ": 0, "PLAN_NAME": null, "DATA_DATE": null, "MAVAT_CODE": 820, "MAVAT_NAME": "דרך מאושרת", "NAME": null, "LABEL": null, "NUM": "730", "LEGAL_AREA": 3811.8181965799999, "TYPE_CODE": 0, "TYPE_NAME": null, "SOURCE_COD": 0, "HASAVA": 0, "STATUS": null, "PL_CHANGE": null, "ADDRESS": null, "PLACE_NO": 0, "CALC_AREA": 3811.9322575299998, "OLD_MIG": null, "AGAM_ID": 3000319959.0, "SHAPE_AREA": 3811.9322575299998, "SHAPE_LEN": 556.41537630400001 }, "geometry": { "type": "MultiPolygon", "coordinates": [ [ [ [ 34.929809178456175, 32.517434336772396 ], [ 34.929431411686693, 32.517410000228104 ], [ 34.929429780573756, 32.517530323622324 ], [ 34.929429509222864, 32.51761943886293 ], [ 34.929428929666841, 32.517809771438003 ], [ 34.929428815536994, 32.517847252723726 ], [ 34.929428278749349, 32.517895753682033 ], [ 34.92942813143928, 32.517909144517546 ], [ 34.92942442936031, 32.518243458266525 ], [ 34.929419053999638, 32.518728743895402 ], [ 34.929422205159092, 32.519744144679663 ], [ 34.929454591049598, 32.519396397998555 ], [ 34.929497448852132, 32.518936203303966 ], [ 34.929516261605038, 32.518747840220826 ], [ 34.929517023362173, 32.518740222484141 ], [ 34.929569109487758, 32.51821869558804 ], [ 34.929775025783982, 32.517913691064763 ], [ 34.929781083597469, 32.517838148510933 ], [ 34.929807508503622, 32.517487919673812 ], [ 34.929809178456175, 32.517434336772396 ] ] ] ] } },
{ "type": "Feature", "properties": { "OBJECTID": 19017484, "LAYER_ID": 6648046, "GROUP_ID": 413523, "SCENARIO": null, "DEFQ": 0, "PLAN_NAME": null, "DATA_DATE": null, "MAVAT_CODE": 260, "MAVAT_NAME": "תעשיה קלה ומלאכה", "NAME": null, "LABEL": null, "NUM": "8", "LEGAL_AREA": 5800.3251355499997, "TYPE_CODE": 0, "TYPE_NAME": null, "SOURCE_COD": 0, "HASAVA": 0, "STATUS": null, "PL_CHANGE": null, "ADDRESS": null, "PLACE_NO": 0, "CALC_AREA": 5800.10670114, "OLD_MIG": null, "AGAM_ID": 3000319959.0, "SHAPE_AREA": 5800.10670114, "SHAPE_LEN": 304.51610040999998 }, "geometry": { "type": "MultiPolygon", "coordinates": [ [ [ [ 34.928735819144165, 32.521836188628889 ], [ 34.928068155626349, 32.521796463417466 ], [ 34.928044858497799, 32.52183965353133 ], [ 34.928017252137238, 32.521880980699933 ], [ 34.927964754917078, 32.522514247869921 ], [ 34.927959682368318, 32.522575449696681 ], [ 34.928671035281532, 32.522617774929252 ], [ 34.928675463905435, 32.522564344577198 ], [ 34.928735819144165, 32.521836188628889 ] ] ] ] } },
{ "type": "Feature", "properties": { "OBJECTID": 19017485, "LAYER_ID": 6648046, "GROUP_ID": 413523, "SCENARIO": null, "DEFQ": 0, "PLAN_NAME": null, "DATA_DATE": null, "MAVAT_CODE": 280, "MAVAT_NAME": "מתקנים הנדסיים", "NAME": null, "LABEL": null, "NUM": "900", "LEGAL_AREA": 4019.8781273200002, "TYPE_CODE": 0, "TYPE_NAME": null, "SOURCE_COD": 0, "HASAVA": 0, "STATUS": null, "PL_CHANGE": null, "ADDRESS": null, "PLACE_NO": 0, "CALC_AREA": 4019.9990766800001, "OLD_MIG": null, "AGAM_ID": 3000319959.0, "SHAPE_AREA": 4019.9990766800001, "SHAPE_LEN": 253.999903 }, "geometry": { "type": "MultiPolygon", "coordinates": [ [ [ [ 34.928671035281532, 32.522617774929252 ], [ 34.927959682368318, 32.522575449696681 ], [ 34.927933253339774, 32.522894240034802 ], [ 34.927932797983075, 32.522899741662911 ], [ 34.927914940789236, 32.523115156171492 ], [ 34.928626299952199, 32.523157481680897 ], [ 34.928644155455231, 32.522942068190744 ], [ 34.928644610719054, 32.522936565432587 ], [ 34.928671035281532, 32.522617774929252 ] ] ] ] } },
{ "type": "Feature", "properties": { "OBJECTID": 19017486, "LAYER_ID": 6648046, "GROUP_ID": 413523, "SCENARIO": null, "DEFQ": 0, "PLAN_NAME": null, "DATA_DATE": null, "MAVAT_CODE": 970, "MAVAT_NAME": "פסולת", "NAME": null, "LABEL": null, "NUM": "901", "LEGAL_AREA": 2502.1934998500001, "TYPE_CODE": 0, "TYPE_NAME": null, "SOURCE_COD": 0, "HASAVA": 0, "STATUS": null, "PL_CHANGE": null, "ADDRESS": null, "PLACE_NO": 0, "CALC_AREA": 2500.0374273399998, "OLD_MIG": null, "AGAM_ID": 3000319959.0, "SHAPE_AREA": 2500.0374273399998, "SHAPE_LEN": 226.29601106600001 }, "geometry": { "type": "MultiPolygon", "coordinates": [ [ [ [ 34.927794879296094, 32.522504139433643 ], [ 34.927833051822851, 32.522043689766349 ], [ 34.927827582184484, 32.522046824779387 ], [ 34.927764253538989, 32.522078482443497 ], [ 34.92769710639714, 32.522103871253044 ], [ 34.927627001779825, 32.522122665648965 ], [ 34.927554838633391, 32.522134624631889 ], [ 34.927481542301962, 32.522139594852419 ], [ 34.927453005680704, 32.522483796142957 ], [ 34.927427107723439, 32.522796196033298 ], [ 34.927768982514692, 32.522816539444868 ], [ 34.927794879296094, 32.522504139433643 ] ] ] ] } },
{ "type": "Feature", "properties": { "OBJECTID": 19017487, "LAYER_ID": 6648046, "GROUP_ID": 413523, "SCENARIO": null, "DEFQ": 0, "PLAN_NAME": null, "DATA_DATE": null, "MAVAT_CODE": 400, "MAVAT_NAME": "מבנים ומוסדות ציבור", "NAME": null, "LABEL": "300", "NUM": "103", "LEGAL_AREA": 1000.11920854, "TYPE_CODE": 0, "TYPE_NAME": null, "SOURCE_COD": 0, "HASAVA": 0, "STATUS": null, "PL_CHANGE": null, "ADDRESS": null, "PLACE_NO": 0, "CALC_AREA": 1000.14938119, "OLD_MIG": null, "AGAM_ID": 3000319959.0, "SHAPE_AREA": 1000.14938119, "SHAPE_LEN": 137.900009114 }, "geometry": { "type": "MultiPolygon", "coordinates": [ [ [ [ 34.927768982514692, 32.522816539444868 ], [ 34.927427107723439, 32.522796196033298 ], [ 34.927421503931157, 32.522863788174128 ], [ 34.927421046569464, 32.522869291419028 ], [ 34.927411632058146, 32.522982845558282 ], [ 34.927923384751907, 32.523013295303755 ], [ 34.927932797983075, 32.522899741662911 ], [ 34.927933253339774, 32.522894240034802 ], [ 34.927938858666842, 32.522826647918698 ], [ 34.927768982514692, 32.522816539444868 ] ] ] ] } },
{ "type": "Feature", "properties": { "OBJECTID": 19017488, "LAYER_ID": 6648046, "GROUP_ID": 413523, "SCENARIO": null, "DEFQ": 0, "PLAN_NAME": null, "DATA_DATE": null, "MAVAT_CODE": 810, "MAVAT_NAME": "מרכז תחבורה", "NAME": null, "LABEL": null, "NUM": "102", "LEGAL_AREA": 10460.92730209, "TYPE_CODE": 0, "TYPE_NAME": null, "SOURCE_COD": 0, "HASAVA": 0, "STATUS": null, "PL_CHANGE": null, "ADDRESS": null, "PLACE_NO": 0, "CALC_AREA": 10460.841727270001, "OLD_MIG": null, "AGAM_ID": 3000319959.0, "SHAPE_AREA": 10460.8417273, "SHAPE_LEN": 420.09989087999998 }, "geometry": { "type": "MultiPolygon", "coordinates": [ [ [ [ 34.927453005680704, 32.522483796142957 ], [ 34.927481542301962, 32.522139594852419 ], [ 34.927419574579176, 32.522138305958734 ], [ 34.927387912070664, 32.522136421637001 ], [ 34.926230644562857, 32.522067551140744 ], [ 34.926240477205951, 32.522068793823372 ], [ 34.926249963041137, 32.522071314400506 ], [ 34.926269336846104, 32.522087312558497 ], [ 34.926286884341572, 32.522104757943922 ], [ 34.926288918194366, 32.52211148169679 ], [ 34.926289919235892, 32.522118370727391 ], [ 34.926289870989322, 32.522125311646356 ], [ 34.926266567387813, 32.522406356255331 ], [ 34.926254085015046, 32.5225568924157 ], [ 34.92624344649402, 32.522685205312271 ], [ 34.92622462327008, 32.522912204988529 ], [ 34.927411632058146, 32.522982845558282 ], [ 34.927421046569464, 32.522869291419028 ], [ 34.927421503931157, 32.522863788174128 ], [ 34.927427107723439, 32.522796196033298 ], [ 34.927453005680704, 32.522483796142957 ] ] ] ] } },
{ "type": "Feature", "properties": { "OBJECTID": 19017489, "LAYER_ID": 6648046, "GROUP_ID": 413523, "SCENARIO": null, "DEFQ": 0, "PLAN_NAME": null, "DATA_DATE": null, "MAVAT_CODE": 650, "MAVAT_NAME": "שטחים פתוחים", "NAME": null, "LABEL": null, "NUM": "321", "LEGAL_AREA": 25173.283172240001, "TYPE_CODE": 0, "TYPE_NAME": null, "SOURCE_COD": 0, "HASAVA": 0, "STATUS": null, "PL_CHANGE": null, "ADDRESS": null, "PLACE_NO": 0, "CALC_AREA": 25174.046276780002, "OLD_MIG": null, "AGAM_ID": 3000319959.0, "SHAPE_AREA": 25174.0462768, "SHAPE_LEN": 1279.8864497500001 }, "geometry": { "type": "MultiPolygon", "coordinates": [ [ [ [ 34.927411632058146, 32.522982845558282 ], [ 34.926442278350933, 32.52292515870127 ], [ 34.926417095335353, 32.523228870677009 ], [ 34.926388733040959, 32.523570928309255 ], [ 34.925468874117264, 32.523614587600207 ], [ 34.923825371006622, 32.523692545915154 ], [ 34.923425976272156, 32.523711229499597 ], [ 34.922852292680282, 32.523738064084014 ], [ 34.922799945013459, 32.523802563386425 ], [ 34.922755521997296, 32.523841708793917 ], [ 34.922712010877206, 32.523880054273953 ], [ 34.922619863350633, 32.523883999352499 ], [ 34.922641147652314, 32.523953161120154 ], [ 34.922647280317094, 32.523973112107726 ], [ 34.922673573116299, 32.52397198937377 ], [ 34.922724381738711, 32.523969821877337 ], [ 34.922763749315251, 32.523967980418298 ], [ 34.923840234743487, 32.523917625779553 ], [ 34.925483756209012, 32.523839665659082 ], [ 34.925717224891962, 32.523828586806182 ], [ 34.925803301262562, 32.523824503285525 ], [ 34.926758103713823, 32.523779201528029 ], [ 34.927217716112246, 32.523757392358839 ], [ 34.928580418533912, 32.523694494551428 ], [ 34.928584965556631, 32.523656119894994 ], [ 34.928626299952199, 32.523157481680897 ], [ 34.927914940789236, 32.523115156171492 ], [ 34.927923384751907, 32.523013295303755 ], [ 34.927411632058146, 32.522982845558282 ] ] ] ] } },
{ "type": "Feature", "properties": { "OBJECTID": 19017490, "LAYER_ID": 6648046, "GROUP_ID": 413523, "SCENARIO": null, "DEFQ": 0, "PLAN_NAME": null, "DATA_DATE": null, "MAVAT_CODE": 830, "MAVAT_NAME": "דרך מוצעת", "NAME": null, "LABEL": null, "NUM": "725", "LEGAL_AREA": 9336.7224085599992, "TYPE_CODE": 0, "TYPE_NAME": null, "SOURCE_COD": 0, "HASAVA": 0, "STATUS": null, "PL_CHANGE": null, "ADDRESS": null, "PLACE_NO": 0, "CALC_AREA": 9335.3459751400005, "OLD_MIG": null, "AGAM_ID": 3000319959.0, "SHAPE_AREA": 9335.3459751400005, "SHAPE_LEN": 820.89134755099997 }, "geometry": { "type": "MultiPolygon", "coordinates": [ [ [ [ 34.926602241991013, 32.522089665728913 ], [ 34.926621634149406, 32.521855794184795 ], [ 34.926675395950582, 32.521207371969972 ], [ 34.926682076222683, 32.5211268028036 ], [ 34.926683566535203, 32.52110881111421 ], [ 34.926685067265623, 32.521090823280133 ], [ 34.926734152422434, 32.520502119286675 ], [ 34.926736505506732, 32.520488597338627 ], [ 34.92674124378479, 32.520475532050277 ], [ 34.926748258389615, 32.520463223607841 ], [ 34.926757388153852, 32.520451954808124 ], [ 34.926768423312822, 32.520441984561216 ], [ 34.926781110324022, 32.520433541941834 ], [ 34.926740745931575, 32.520452993562188 ], [ 34.926697478205746, 32.520467278933225 ], [ 34.926652222341914, 32.520476095891695 ], [ 34.926605935589514, 32.520479257941744 ], [ 34.926559597003831, 32.520476698199907 ], [ 34.926514186736568, 32.520468470809753 ], [ 34.926470665303121, 32.520454749796691 ], [ 34.92642995326532, 32.520435825386826 ], [ 34.926377165753685, 32.521072498192687 ], [ 34.926376409505401, 32.52108160408978 ], [ 34.926375673418598, 32.521090487664637 ], [ 34.926374181081243, 32.521108477677537 ], [ 34.926367500536017, 32.521189046826301 ], [ 34.926313736536599, 32.521837468899399 ], [ 34.926312659961638, 32.521844260336678 ], [ 34.926298810263276, 32.521857723867669 ], [ 34.926282624439587, 32.521869165087999 ], [ 34.926264508827565, 32.521878296770993 ], [ 34.926240121000689, 32.521887325116957 ], [ 34.925475021365223, 32.521841784871256 ], [ 34.925459891364831, 32.521840886155267 ], [ 34.92469383514738, 32.521795285115452 ], [ 34.924678345142482, 32.521786247703915 ], [ 34.92466352424433, 32.521775797409532 ], [ 34.924650057997418, 32.521764104936395 ], [ 34.924633426206597, 32.521749899540914 ], [ 34.924614906614529, 32.521737483374423 ], [ 34.924616492427532, 32.521718364762094 ], [ 34.924560987197324, 32.521715060122226 ], [ 34.924531203189943, 32.521709271721207 ], [ 34.924500720751197, 32.521707457304252 ], [ 34.9244702740341, 32.521709660570622 ], [ 34.924361680939015, 32.521703195250446 ], [ 34.924334824377262, 32.52202701923644 ], [ 34.924443417220957, 32.522033484580241 ], [ 34.92447354140964, 32.522039315201646 ], [ 34.924504371340468, 32.522041081099559 ], [ 34.924589308855289, 32.522046137566008 ], [ 34.924591222018321, 32.522023068526259 ], [ 34.92461290931314, 32.522012226391347 ], [ 34.924632785961073, 32.521999127879745 ], [ 34.924653233936418, 32.521985799918177 ], [ 34.924675659505198, 32.521974993644619 ], [ 34.925444973767746, 32.522020788006039 ], [ 34.925460103212608, 32.522021686767751 ], [ 34.926230641955271, 32.522067551134974 ], [ 34.926602241991013, 32.522089665728913 ] ] ] ] } },
{ "type": "Feature", "properties": { "OBJECTID": 19017491, "LAYER_ID": 6648046, "GROUP_ID": 413523, "SCENARIO": null, "DEFQ": 0, "PLAN_NAME": null, "DATA_DATE": null, "MAVAT_CODE": 700, "MAVAT_NAME": "פארק / גן ציבורי", "NAME": null, "LABEL": null, "NUM": "201", "LEGAL_AREA": 54173.067775969997, "TYPE_CODE": 0, "TYPE_NAME": null, "SOURCE_COD": 0, "HASAVA": 0, "STATUS": null, "PL_CHANGE": null, "ADDRESS": null, "PLACE_NO": 0, "CALC_AREA": 54172.090624030003, "OLD_MIG": null, "AGAM_ID": 3000319959.0, "SHAPE_AREA": 54172.090623999997, "SHAPE_LEN": 1544.2231391400001 }, "geometry": { "type": "MultiPolygon", "coordinates": [ [ [ [ 34.92622462327008, 32.522912204988529 ], [ 34.92624344649402, 32.522685205312271 ], [ 34.925409198513577, 32.52263555127454 ], [ 34.925394068382744, 32.522634651963877 ], [ 34.924544693190747, 32.522584090138857 ], [ 34.924522312608111, 32.522853944119021 ], [ 34.92341237347248, 32.522787863533267 ], [ 34.923434755380619, 32.522518010888774 ], [ 34.923479706922514, 32.521976108318967 ], [ 34.923501162318537, 32.521717448133856 ], [ 34.9235065671649, 32.521652286740455 ], [ 34.923528021766359, 32.521393624912037 ], [ 34.923649122418816, 32.521100181778522 ], [ 34.923804960970131, 32.520796003941861 ], [ 34.923923467848496, 32.520557818182269 ], [ 34.923950688642748, 32.520502925792513 ], [ 34.924070506451152, 32.520289991169363 ], [ 34.924081078922697, 32.52016252476934 ], [ 34.924059870335427, 32.520160944157283 ], [ 34.923890271960474, 32.520145830466134 ], [ 34.9237212933199, 32.520126361669178 ], [ 34.923553090182189, 32.520102555713358 ], [ 34.923536651209886, 32.520159082622001 ], [ 34.923517268965007, 32.520214936097105 ], [ 34.923493888719904, 32.520265970023523 ], [ 34.923466407728853, 32.520315515431164 ], [ 34.923432976444225, 32.520382936781793 ], [ 34.923315685092923, 32.520618672317042 ], [ 34.923153213218264, 32.520935797681965 ], [ 34.923001158603974, 32.521304234202361 ], [ 34.922930549998725, 32.521635862817902 ], [ 34.92287308027322, 32.52181823878923 ], [ 34.922818774216296, 32.521984058963717 ], [ 34.922766234908494, 32.522160509640983 ], [ 34.922587399766329, 32.522675922008581 ], [ 34.922563377943206, 32.522778757583673 ], [ 34.922536974346535, 32.522878723649697 ], [ 34.922533996626584, 32.522930494367166 ], [ 34.922539319199181, 32.523040717239134 ], [ 34.922568559785958, 32.523148214885197 ], [ 34.922605178005625, 32.52324204462068 ], [ 34.922631414449384, 32.523340299728851 ], [ 34.922645421044827, 32.52339276341732 ], [ 34.922655333995515, 32.523410782260591 ], [ 34.922656642123037, 32.523428760368205 ], [ 34.922658486953118, 32.523446703338173 ], [ 34.922660868458571, 32.523464602919582 ], [ 34.92266378030164, 32.523482443723772 ], [ 34.922667224371153, 32.523500217458938 ], [ 34.922671196871732, 32.523517912574441 ], [ 34.922675697154965, 32.523535515272307 ], [ 34.922680719389319, 32.523553018460824 ], [ 34.922686261652451, 32.523570407257083 ], [ 34.922692321476248, 32.523587671150345 ], [ 34.922698894900613, 32.523604800212638 ], [ 34.922705974828745, 32.523621783517036 ], [ 34.922716805837887, 32.523646431991516 ], [ 34.922722912589101, 32.523662184643591 ], [ 34.922728501804016, 32.523678072658306 ], [ 34.922733576121118, 32.523694086077548 ], [ 34.922738125835544, 32.523710213923628 ], [ 34.922742149668103, 32.523726439692062 ], [ 34.922745645150194, 32.523742752827125 ], [ 34.922748610241804, 32.523759141872347 ], [ 34.922751695512581, 32.523780115762349 ], [ 34.922754098364813, 32.523804726063787 ], [ 34.922755109638508, 32.523825204407764 ], [ 34.922755521997296, 32.523841708793917 ], [ 34.922799945013459, 32.523802563386425 ], [ 34.922852292680282, 32.523738064084014 ], [ 34.923425976272156, 32.523711229499597 ], [ 34.923825371006622, 32.523692545915154 ], [ 34.925468874117264, 32.523614587600207 ], [ 34.926388733040959, 32.523570928309255 ], [ 34.926417095335353, 32.523228870677009 ], [ 34.926442278350933, 32.52292515870127 ], [ 34.92622462327008, 32.522912204988529 ] ] ] ] } },
{ "type": "Feature", "properties": { "OBJECTID": 19017492, "LAYER_ID": 6648046, "GROUP_ID": 413523, "SCENARIO": null, "DEFQ": 0, "PLAN_NAME": null, "DATA_DATE": null, "MAVAT_CODE": 830, "MAVAT_NAME": "דרך מוצעת", "NAME": null, "LABEL": null, "NUM": "721", "LEGAL_AREA": 16557.248796299999, "TYPE_CODE": 0, "TYPE_NAME": null, "SOURCE_COD": 0, "HASAVA": 0, "STATUS": null, "PL_CHANGE": null, "ADDRESS": null, "PLACE_NO": 0, "CALC_AREA": 16553.583067570002, "OLD_MIG": null, "AGAM_ID": 3000319959.0, "SHAPE_AREA": 16553.583067600001, "SHAPE_LEN": 1693.9886030099999 }, "geometry": { "type": "MultiPolygon", "coordinates": [ [ [ [ 34.927833051822851, 32.522043689766349 ], [ 34.927794879296094, 32.522504139433643 ], [ 34.927768982514692, 32.522816539444868 ], [ 34.927938858666842, 32.522826647918698 ], [ 34.927959682368318, 32.522575449696681 ], [ 34.927964754917078, 32.522514247869921 ], [ 34.928017252137238, 32.521880980699933 ], [ 34.928044858497799, 32.52183965353133 ], [ 34.928068155626349, 32.521796463417466 ], [ 34.928089879039916, 32.521743517970066 ], [ 34.928101724692652, 32.521703570313178 ], [ 34.928110009572585, 32.521662983776025 ], [ 34.928137111542434, 32.521336027298524 ], [ 34.928140550120759, 32.521294560384696 ], [ 34.928175653507168, 32.520871069592815 ], [ 34.928177830146154, 32.520844803442714 ], [ 34.928203318077827, 32.520537338644452 ], [ 34.928224795370717, 32.520502099185457 ], [ 34.928241617023474, 32.520480847250028 ], [ 34.928262376767016, 32.520462262073742 ], [ 34.928283783745101, 32.520443897594291 ], [ 34.928302332596587, 32.520423422543907 ], [ 34.928317736034316, 32.520401154045231 ], [ 34.928332803035936, 32.520369741179785 ], [ 34.928341627273511, 32.520336668100924 ], [ 34.928343972889671, 32.520302818823602 ], [ 34.928339777195454, 32.520269098109004 ], [ 34.928329152345086, 32.520236407280855 ], [ 34.928312382337559, 32.520205620134057 ], [ 34.928289915424848, 32.520177559579096 ], [ 34.928262352130048, 32.520152975646511 ], [ 34.928248519501054, 32.520139982855092 ], [ 34.928237481214815, 32.520125194359927 ], [ 34.928274764110377, 32.519675438931969 ], [ 34.928279146946949, 32.519622545629716 ], [ 34.928312044655449, 32.519225681245203 ], [ 34.928320812240727, 32.519119899007265 ], [ 34.928335127242377, 32.518947209101789 ], [ 34.928332102051201, 32.518890515077459 ], [ 34.928322199693319, 32.518834386717103 ], [ 34.928305525546868, 32.518779421251324 ], [ 34.928282257043996, 32.518726203535927 ], [ 34.928252641782407, 32.518675299828992 ], [ 34.928216994890363, 32.518627251765565 ], [ 34.928175695673239, 32.518582570594809 ], [ 34.928125474529566, 32.51853881883082 ], [ 34.928069842333912, 32.518500049661874 ], [ 34.92801473935647, 32.518469327877384 ], [ 34.927956241949055, 32.518443501177067 ], [ 34.927894953786051, 32.518422836082962 ], [ 34.927841871436428, 32.518409643955231 ], [ 34.927787656434205, 32.518400327779212 ], [ 34.927732702270028, 32.518394955171303 ], [ 34.927246295514159, 32.518366009730499 ], [ 34.927050039243269, 32.518307329011662 ], [ 34.927030905619091, 32.51829977175646 ], [ 34.927013285569842, 32.518289920580628 ], [ 34.926992874154941, 32.518274709159634 ], [ 34.926975486992191, 32.518257004739631 ], [ 34.926961542993268, 32.518237233878018 ], [ 34.92695137811215, 32.51821587291915 ], [ 34.926945237250976, 32.518193436517677 ], [ 34.926930212055289, 32.518133875065914 ], [ 34.926917087823369, 32.518292180695546 ], [ 34.926912613886586, 32.518346152498893 ], [ 34.92689769922935, 32.518526054098622 ], [ 34.926894489481789, 32.518564772888915 ], [ 34.92690394017653, 32.518557228304978 ], [ 34.926923804599305, 32.518542618240261 ], [ 34.926945900193203, 32.518530524889044 ], [ 34.926953624799914, 32.518529784626807 ], [ 34.926961398332722, 32.518529845215944 ], [ 34.927717543051457, 32.518574844251049 ], [ 34.927773852866288, 32.518581466302003 ], [ 34.927828669167596, 32.518594233122855 ], [ 34.927881061982127, 32.518612928121357 ], [ 34.927930142450187, 32.518637234131894 ], [ 34.927975077905174, 32.518666738796341 ], [ 34.928015105999599, 32.518700941559487 ], [ 34.928046559229159, 32.518735497287082 ], [ 34.928072989358256, 32.51877295145259 ], [ 34.928094028391079, 32.518812782577854 ], [ 34.928109383391373, 32.518854436089377 ], [ 34.928118840561389, 32.518897332039643 ], [ 34.928122268218999, 32.518940873181592 ], [ 34.928084082288819, 32.519401557593206 ], [ 34.92808334441434, 32.519410441718136 ], [ 34.92803632879739, 32.519977631879797 ], [ 34.928029059547811, 32.520016441691915 ], [ 34.92801394640292, 32.520053592424766 ], [ 34.927991448559681, 32.520087955269588 ], [ 34.927962249598139, 32.520118486125241 ], [ 34.927927236711675, 32.520144257323039 ], [ 34.927887473750452, 32.520164485814028 ], [ 34.927844168896634, 32.520178556962044 ], [ 34.927798637953821, 32.520186043219617 ], [ 34.927752264366106, 32.520186717119067 ], [ 34.926924034003378, 32.520137429839451 ], [ 34.92690932961326, 32.520131063150465 ], [ 34.926919485342644, 32.52016999634963 ], [ 34.926922776024597, 32.520209771419275 ], [ 34.926919130160456, 32.520249524251057 ], [ 34.926908626947174, 32.520288391218585 ], [ 34.926891494557751, 32.520325527939775 ], [ 34.926868105184667, 32.520360127620954 ], [ 34.926879785432817, 32.520347918950492 ], [ 34.926893790145193, 32.520337613844397 ], [ 34.926909693931535, 32.520329525317663 ], [ 34.926927013718128, 32.520323899057153 ], [ 34.926945223420951, 32.520320905958997 ], [ 34.926963769925258, 32.520320636937761 ], [ 34.927737327637615, 32.520366617639581 ], [ 34.927778622350296, 32.520371854519681 ], [ 34.927818441627707, 32.520382500285216 ], [ 34.927855804894058, 32.520398292777429 ], [ 34.927889792053193, 32.520418843095911 ], [ 34.927919566146151, 32.520443645175497 ], [ 34.92794439396188, 32.520472088248034 ], [ 34.927963664092978, 32.520503471882819 ], [ 34.92797690199248, 32.520537023234994 ], [ 34.927983781660238, 32.520571916077188 ], [ 34.927984133671643, 32.520607291145893 ], [ 34.927937114777436, 32.521174482819589 ], [ 34.927936378848429, 32.521183364736125 ], [ 34.927928207020756, 32.521281924050683 ], [ 34.927898189019309, 32.521644048912485 ], [ 34.92788761122911, 32.521686756698621 ], [ 34.927871169357147, 32.521728111548448 ], [ 34.927849092319697, 32.521767537668502 ], [ 34.927821687493982, 32.521804486118761 ], [ 34.927789336438707, 32.521838442455724 ], [ 34.927752489581813, 32.521868933895469 ], [ 34.927706890609429, 32.521898239752922 ], [ 34.92765715764515, 32.521922238737659 ], [ 34.927604145825313, 32.521940518196502 ], [ 34.92754876666676, 32.521952763821055 ], [ 34.927491972393184, 32.521958765052354 ], [ 34.927434739561583, 32.521958418701466 ], [ 34.926688312367055, 32.521913998561473 ], [ 34.926662614150246, 32.521900856171115 ], [ 34.926638639871499, 32.521885552953101 ], [ 34.926623435595829, 32.521872880589335 ], [ 34.926621730477031, 32.521864398262117 ], [ 34.926621634149406, 32.521855794184795 ], [ 34.926602241991013, 32.522089665728913 ], [ 34.926665945564402, 32.522093456470714 ], [ 34.927218038561129, 32.522126312428234 ], [ 34.927302974353047, 32.522131367059153 ], [ 34.927419574579176, 32.522138305958734 ], [ 34.927491171098922, 32.522139344172196 ], [ 34.927562467214159, 32.522133697117873 ], [ 34.92763259590798, 32.522121433468335 ], [ 34.92770070436098, 32.522102702359049 ], [ 34.927765964322759, 32.522077731574775 ], [ 34.927827582184484, 32.522046824779387 ], [ 34.927833051822851, 32.522043689766349 ] ] ] ] } },
{ "type": "Feature", "properties": { "OBJECTID": 19017427, "LAYER_ID": 6648046, "GROUP_ID": 413523, "SCENARIO": null, "DEFQ": 0, "PLAN_NAME": null, "DATA_DATE": null, "MAVAT_CODE": 200, "MAVAT_NAME": "תעסוקה", "NAME": null, "LABEL": null, "NUM": "6", "LEGAL_AREA": 3101.30319293, "TYPE_CODE": 0, "TYPE_NAME": null, "SOURCE_COD": 0, "HASAVA": 0, "STATUS": null, "PL_CHANGE": null, "ADDRESS": null, "PLACE_NO": 0, "CALC_AREA": 3101.3964399500001, "OLD_MIG": null, "AGAM_ID": 3000319959.0, "SHAPE_AREA": 3101.3964399500001, "SHAPE_LEN": 223.379976134 }, "geometry": { "type": "MultiPolygon", "coordinates": [ [ [ [ 34.928812675644515, 32.52090897250234 ], [ 34.928175653507168, 32.520871069592815 ], [ 34.928140550120759, 32.521294560384696 ], [ 34.928137111542434, 32.521336027298524 ], [ 34.928774135025208, 32.521373930413993 ], [ 34.928812675644515, 32.52090897250234 ] ] ] ] } },
{ "type": "Feature", "properties": { "OBJECTID": 19017428, "LAYER_ID": 6648046, "GROUP_ID": 413523, "SCENARIO": null, "DEFQ": 0, "PLAN_NAME": null, "DATA_DATE": null, "MAVAT_CODE": 870, "MAVAT_NAME": "חניון", "NAME": null, "LABEL": null, "NUM": "750", "LEGAL_AREA": 2899.39451396, "TYPE_CODE": 0, "TYPE_NAME": null, "SOURCE_COD": 0, "HASAVA": 0, "STATUS": null, "PL_CHANGE": null, "ADDRESS": null, "PLACE_NO": 0, "CALC_AREA": 2899.4832911600001, "OLD_MIG": null, "AGAM_ID": 3000319959.0, "SHAPE_AREA": 2899.4832911600001, "SHAPE_LEN": 233.082606185 }, "geometry": { "type": "MultiPolygon", "coordinates": [ [ [ [ 34.924234276528708, 32.521695611408724 ], [ 34.9235065671649, 32.521652286740455 ], [ 34.923501162318537, 32.521717448133856 ], [ 34.923479706922514, 32.521976108318967 ], [ 34.924207419514374, 32.522019434824401 ], [ 34.924334824377262, 32.52202701923644 ], [ 34.924361680939015, 32.521703195250446 ], [ 34.924234276528708, 32.521695611408724 ] ] ] ] } },
{ "type": "Feature", "properties": { "OBJECTID": 19017429, "LAYER_ID": 6648046, "GROUP_ID": 413523, "SCENARIO": null, "DEFQ": 0, "PLAN_NAME": null, "DATA_DATE": null, "MAVAT_CODE": 690, "MAVAT_NAME": "ספורט ונופש", "NAME": null, "LABEL": "302", "NUM": "100", "LEGAL_AREA": 16090.937743500001, "TYPE_CODE": 0, "TYPE_NAME": null, "SOURCE_COD": 0, "HASAVA": 0, "STATUS": null, "PL_CHANGE": null, "ADDRESS": null, "PLACE_NO": 0, "CALC_AREA": 16091.42876363, "OLD_MIG": null, "AGAM_ID": 3000319959.0, "SHAPE_AREA": 16091.428763600001, "SHAPE_LEN": 514.552214908 }, "geometry": { "type": "MultiPolygon", "coordinates": [ [ [ [ 34.9243012526915, 32.518443820249978 ], [ 34.924224003157413, 32.518439221035912 ], [ 34.924123290190025, 32.519653559291449 ], [ 34.924112100323974, 32.51978848574533 ], [ 34.924189351005445, 32.519793085078582 ], [ 34.92525103641772, 32.519856287076472 ], [ 34.925301737272832, 32.519244894725148 ], [ 34.925302474084027, 32.519236012237926 ], [ 34.925362922279461, 32.518507021275049 ], [ 34.925267373092986, 32.518501334161051 ], [ 34.9243012526915, 32.518443820249978 ] ] ] ] } },
{ "type": "Feature", "properties": { "OBJECTID": 19017430, "LAYER_ID": 6648046, "GROUP_ID": 413523, "SCENARIO": null, "DEFQ": 0, "PLAN_NAME": null, "DATA_DATE": null, "MAVAT_CODE": 670, "MAVAT_NAME": "שטח ציבורי פתוח", "NAME": null, "LABEL": null, "NUM": "601", "LEGAL_AREA": 598.74308181000004, "TYPE_CODE": 0, "TYPE_NAME": null, "SOURCE_COD": 0, "HASAVA": 0, "STATUS": null, "PL_CHANGE": null, "ADDRESS": null, "PLACE_NO": 0, "CALC_AREA": 600.8376287, "OLD_MIG": null, "AGAM_ID": 3000319959.0, "SHAPE_AREA": 600.8376287, "SHAPE_LEN": 174.37228344600001 }, "geometry": { "type": "MultiPolygon", "coordinates": [ [ [ [ 34.923054535060558, 32.520049269566684 ], [ 34.923052922907502, 32.520056934322788 ], [ 34.922860092159098, 32.520715415047071 ], [ 34.922963398646225, 32.520504540340774 ], [ 34.923039983437256, 32.520369021150586 ], [ 34.923084845358076, 32.520311087179245 ], [ 34.923125020379089, 32.520250734576784 ], [ 34.923160327609814, 32.520188235098807 ], [ 34.923190608079437, 32.52012387016719 ], [ 34.923215725452501, 32.520057929603048 ], [ 34.923220319139759, 32.520042168423224 ], [ 34.923175787693772, 32.520032719686512 ], [ 34.923144679357328, 32.520030473939151 ], [ 34.923113553592323, 32.520032539076411 ], [ 34.923083237093167, 32.520038860248675 ], [ 34.923054535060558, 32.520049269566684 ] ] ] ] } },
{ "type": "Feature", "properties": { "OBJECTID": 19017431, "LAYER_ID": 6648046, "GROUP_ID": 413523, "SCENARIO": null, "DEFQ": 0, "PLAN_NAME": null, "DATA_DATE": null, "MAVAT_CODE": 820, "MAVAT_NAME": "דרך מאושרת", "NAME": null, "LABEL": null, "NUM": "736", "LEGAL_AREA": 1271.4984214799999, "TYPE_CODE": 0, "TYPE_NAME": null, "SOURCE_COD": 0, "HASAVA": 0, "STATUS": null, "PL_CHANGE": null, "ADDRESS": null, "PLACE_NO": 0, "CALC_AREA": 1271.4774333400001, "OLD_MIG": null, "AGAM_ID": 3000319959.0, "SHAPE_AREA": 1271.4774333400001, "SHAPE_LEN": 233.59828298 }, "geometry": { "type": "MultiPolygon", "coordinates": [ [ [ [ 34.922641147652314, 32.523953161120154 ], [ 34.922619863350633, 32.523883999352499 ], [ 34.922442790477966, 32.523891577447209 ], [ 34.922081591277163, 32.523907036269662 ], [ 34.922065088927276, 32.523906656062088 ], [ 34.922048854476479, 32.523904118461019 ], [ 34.921702099906597, 32.523825951199171 ], [ 34.921562666103554, 32.523798477952013 ], [ 34.921524087896174, 32.523939003093403 ], [ 34.921866735942174, 32.524006517961688 ], [ 34.922438929777975, 32.523982030165726 ], [ 34.922647280317094, 32.523973112107726 ], [ 34.922641147652314, 32.523953161120154 ] ] ] ] } },
{ "type": "Feature", "properties": { "OBJECTID": 19017432, "LAYER_ID": 6648046, "GROUP_ID": 413523, "SCENARIO": null, "DEFQ": 0, "PLAN_NAME": null, "DATA_DATE": null, "MAVAT_CODE": 670, "MAVAT_NAME": "שטח ציבורי פתוח", "NAME": null, "LABEL": null, "NUM": "600", "LEGAL_AREA": 1643.1943524400001, "TYPE_CODE": 0, "TYPE_NAME": null, "SOURCE_COD": 0, "HASAVA": 0, "STATUS": null, "PL_CHANGE": null, "ADDRESS": null, "PLACE_NO": 0, "CALC_AREA": 1643.7818598900001, "OLD_MIG": null, "AGAM_ID": 3000319959.0, "SHAPE_AREA": 1643.7818598900001, "SHAPE_LEN": 550.57294158900004 }, "geometry": { "type": "MultiPolygon", "coordinates": [ [ [ [ 34.923480114841965, 32.517423808768278 ], [ 34.92347804286829, 32.517405567534219 ], [ 34.923446504761671, 32.517639258089361 ], [ 34.923431802092736, 32.517748216115322 ], [ 34.923376190357516, 32.518179431207514 ], [ 34.923307508242146, 32.518689330831194 ], [ 34.923172822682801, 32.519505725679835 ], [ 34.923116633636674, 32.519758044453297 ], [ 34.92313577325671, 32.519780473271751 ], [ 34.923159111921777, 32.519799838566144 ], [ 34.923185978065732, 32.519815583101398 ], [ 34.923215598618185, 32.519827253829256 ], [ 34.923226807043086, 32.519829702735151 ], [ 34.923260454751862, 32.51983692122581 ], [ 34.923260832843972, 32.519828359372219 ], [ 34.923265632824567, 32.519719635724826 ], [ 34.923268692570176, 32.519650319270511 ], [ 34.923269789195487, 32.519625461368356 ], [ 34.923277873153047, 32.519442372114725 ], [ 34.923286498126444, 32.519246988154592 ], [ 34.923478419339361, 32.517812011015138 ], [ 34.923483985185719, 32.517770404820794 ], [ 34.923488296674009, 32.517685361475223 ], [ 34.923489293341959, 32.517656273725876 ], [ 34.923489813880018, 32.517627176121294 ], [ 34.923489857627814, 32.51759807582873 ], [ 34.923489424565446, 32.517568979385764 ], [ 34.92348851277572, 32.517539887419225 ], [ 34.923487126051377, 32.517510812516818 ], [ 34.923485262477023, 32.51748175471927 ], [ 34.923482919423478, 32.517452721144345 ], [ 34.923480114841965, 32.517423808768278 ] ] ] ] } },
{ "type": "Feature", "properties": { "OBJECTID": 19017433, "LAYER_ID": 6648046, "GROUP_ID": 413523, "SCENARIO": null, "DEFQ": 0, "PLAN_NAME": null, "DATA_DATE": null, "MAVAT_CODE": 280, "MAVAT_NAME": "מתקנים הנדסיים", "NAME": null, "LABEL": null, "NUM": "902", "LEGAL_AREA": 1665.8777896300001, "TYPE_CODE": 0, "TYPE_NAME": null, "SOURCE_COD": 0, "HASAVA": 0, "STATUS": null, "PL_CHANGE": null, "ADDRESS": null, "PLACE_NO": 0, "CALC_AREA": 1666.36117706, "OLD_MIG": null, "AGAM_ID": 3000319959.0, "SHAPE_AREA": 1666.36117706, "SHAPE_LEN": 219.639421661 }, "geometry": { "type": "MultiPolygon", "coordinates": [ [ [ [ 34.922325891973095, 32.523886357594229 ], [ 34.922184225258263, 32.523059122431619 ], [ 34.921972802932366, 32.523795669651854 ], [ 34.921970023137106, 32.523810993248915 ], [ 34.921970382683817, 32.523826493770457 ], [ 34.921973870945642, 32.523841713010285 ], [ 34.921980384808641, 32.523856201076782 ], [ 34.921989731719648, 32.523869529692156 ], [ 34.922001635378251, 32.523881304852708 ], [ 34.922015743904275, 32.523891178475807 ], [ 34.922031640239531, 32.523898858689584 ], [ 34.922048854476479, 32.523904118461019 ], [ 34.922065088927276, 32.523906656062088 ], [ 34.922081591277163, 32.523907036269662 ], [ 34.922327599312062, 32.523896507553694 ], [ 34.922325891973095, 32.523886357594229 ] ] ] ] } },
{ "type": "Feature", "properties": { "OBJECTID": 19017434, "LAYER_ID": 6648046, "GROUP_ID": 413523, "SCENARIO": null, "DEFQ": 0, "PLAN_NAME": null, "DATA_DATE": null, "MAVAT_CODE": 870, "MAVAT_NAME": "חניון", "NAME": null, "LABEL": null, "NUM": "753", "LEGAL_AREA": 3311.8925153300002, "TYPE_CODE": 0, "TYPE_NAME": null, "SOURCE_COD": 0, "HASAVA": 0, "STATUS": null, "PL_CHANGE": null, "ADDRESS": null, "PLACE_NO": 0, "CALC_AREA": 3311.9935877799999, "OLD_MIG": null, "AGAM_ID": 3000319959.0, "SHAPE_AREA": 3311.9935877799999, "SHAPE_LEN": 255.99952470599999 }, "geometry": { "type": "MultiPolygon", "coordinates": [ [ [ [ 34.925230524417216, 32.518173718346901 ], [ 34.924293327792178, 32.518117926311376 ], [ 34.924278970131766, 32.518291030050214 ], [ 34.924266471518912, 32.518441748261289 ], [ 34.9243012526915, 32.518443820249978 ], [ 34.92524320751216, 32.518499895251992 ], [ 34.925270059669963, 32.518176071407744 ], [ 34.925230524417216, 32.518173718346901 ] ] ] ] } }
]
}
