{
"type": "FeatureCollection",
"name": "yeud_karka2",
"crs": { "type": "name", "properties": { "name": "urn:ogc:def:crs:OGC:1.3:CRS84" } },
"features": [
{ "type": "Feature", "properties": { "OBJECTID": 3551896, "LAYER_ID": 3552198, "GROUP_ID": 294548, "SCENARIO": null, "DEFQ": 0, "PLAN_NAME": null, "DATA_DATE": null, "MAVAT_CODE": 100, "MAVAT_NAME": "מגורים ג'", "NAME": null, "LABEL": null, "NUM": "208", "LEGAL_AREA": 5.7995, "TYPE_CODE": 0, "TYPE_NAME": null, "SOURCE_COD": 0, "HASAVA": 0, "STATUS": null, "PL_CHANGE": null, "ADDRESS": null, "PLACE_NO": 0, "CALC_AREA": 5799.3876178500004, "OLD_MIG": null, "AGAM_ID": 3000330029.0, "SHAPE_AREA": 5799.3876178500004, "SHAPE_LEN": 325.18477336400002 }, "geometry": { "type": "MultiPolygon", "coordinates": [ [ [ [ 34.92524915894635, 32.514264899165155 ], [ 34.925329698249278, 32.51367266932661 ], [ 34.925380547190095, 32.513298748991403 ], [ 34.925110647234547, 32.513068753402699 ], [ 34.925044309186539, 32.51314960682982 ], [ 34.924983725015899, 32.513233640065543 ], [ 34.924929106418396, 32.513320559499867 ], [ 34.924880644247907, 32.51341006143759 ], [ 34.924838507849422, 32.513501833159395 ], [ 34.924800096496043, 32.513603708437266 ], [ 34.924769485215904, 32.513707463398319 ], [ 34.924746800392946, 32.513812669763858 ], [ 34.924732135693432, 32.513918893262577 ], [ 34.924725551678939, 32.51402569542315 ], [ 34.924725824328654, 32.514060787811843 ], [ 34.924724742369897, 32.514078744651442 ], [ 34.924727337380482, 32.514122397527998 ], [ 34.924737279866683, 32.514165286219139 ], [ 34.924748052137836, 32.51418336257251 ], [ 34.924762013625454, 32.514199798033857 ], [ 34.924778824045589, 32.514214192019026 ], [ 34.9247980736763, 32.514226193700985 ], [ 34.924819293343681, 32.514235510560574 ], [ 34.924841965857276, 32.51424191551618 ], [ 34.924865538615727, 32.514245252458586 ], [ 34.924889437075478, 32.514245440055781 ], [ 34.92524915894635, 32.514264899165155 ] ] ] ] } },
{ "type": "Feature", "properties": { "OBJECTID": 3551898, "LAYER_ID": 3552198, "GROUP_ID": 294548, "SCENARIO": null, "DEFQ": 0, "PLAN_NAME": null, "DATA_DATE": null, "MAVAT_CODE": 670, "MAVAT_NAME": "שטח ציבורי פתוח", "NAME": null, "LABEL": null, "NUM": "303", "LEGAL_AREA": 1.1165, "TYPE_CODE": 0, "TYPE_NAME": null, "SOURCE_COD": 0, "HASAVA": 0, "STATUS": null, "PL_CHANGE": null, "ADDRESS": null, "PLACE_NO": 0, "CALC_AREA": 865.97015975, "OLD_MIG": null, "AGAM_ID": 3000330029.0, "SHAPE_AREA": 865.97015974800001, "SHAPE_LEN": 245.09761365400001 }, "geometry": { "type": "MultiPolygon", "coordinates": [ [ [ [ 34.926071282657894, 32.516780154275303 ], [ 34.925717175677185, 32.516729849399354 ], [ 34.925739448900536, 32.516617294071423 ], [ 34.925730084573892, 32.516640608155598 ], [ 34.92571630954432, 32.516662294082984 ], [ 34.92569850121405, 32.516681757707353 ], [ 34.925677147489715, 32.5166984657683 ], [ 34.925652833414887, 32.51671196050151 ], [ 34.925626225141229, 32.516721872180639 ], [ 34.925598051677284, 32.516727929247196 ], [ 34.925569084915033, 32.516729965750571 ], [ 34.925540118481379, 32.516727925895047 ], [ 34.925527406724889, 32.51679971144722 ], [ 34.925803785310094, 32.516836447044867 ], [ 34.9261241564502, 32.516851646919818 ], [ 34.926443250679377, 32.516894059657844 ], [ 34.926517323249925, 32.516903906002952 ], [ 34.926544420998134, 32.516905755889354 ], [ 34.926571539984351, 32.516904144838605 ], [ 34.926598067929881, 32.516899109224141 ], [ 34.926623405900436, 32.516890762737546 ], [ 34.926646981828767, 32.516879293821425 ], [ 34.926668263430628, 32.516864961414917 ], [ 34.926091284234936, 32.516782997726445 ], [ 34.926071282657894, 32.516780154275303 ] ] ] ] } },
{ "type": "Feature", "properties": { "OBJECTID": 3551899, "LAYER_ID": 3552198, "GROUP_ID": 294548, "SCENARIO": null, "DEFQ": 0, "PLAN_NAME": null, "DATA_DATE": null, "MAVAT_CODE": 830, "MAVAT_NAME": "דרך מוצעת", "NAME": null, "LABEL": null, "NUM": "114", "LEGAL_AREA": 11.5377, "TYPE_CODE": 0, "TYPE_NAME": null, "SOURCE_COD": 0, "HASAVA": 0, "STATUS": null, "PL_CHANGE": null, "ADDRESS": null, "PLACE_NO": 0, "CALC_AREA": 1374.0186412800001, "OLD_MIG": null, "AGAM_ID": 3000330029.0, "SHAPE_AREA": 1374.0186412800001, "SHAPE_LEN": 605.72491832200001 }, "geometry": { "type": "MultiPolygon", "coordinates": [ [ [ [ 34.926722968659043, 32.516782103526417 ], [ 34.926715235918785, 32.516805298573857 ], [ 34.926703331027007, 32.516827189073361 ], [ 34.926687544930274, 32.516847240032227 ], [ 34.926668263430628, 32.516864961414917 ], [ 34.926646981828767, 32.516879293821425 ], [ 34.926623405900436, 32.516890762737546 ], [ 34.926598067929881, 32.516899109224141 ], [ 34.926571539984351, 32.516904144838605 ], [ 34.926544420998134, 32.516905755889354 ], [ 34.926517323249925, 32.516903906002952 ], [ 34.926443250679377, 32.516894059657844 ], [ 34.9261241564502, 32.516851646919818 ], [ 34.925803785310094, 32.516836447044867 ], [ 34.925527406724889, 32.51679971144722 ], [ 34.925002842702952, 32.516729983677109 ], [ 34.924408162337123, 32.516643169843356 ], [ 34.924256670678602, 32.516621001481781 ], [ 34.924176982053119, 32.516609341576597 ], [ 34.924176926608098, 32.516609426215815 ], [ 34.924874865128167, 32.516719902740434 ], [ 34.924886805633214, 32.51672159909765 ], [ 34.925914636640911, 32.516910675833898 ], [ 34.926104490981231, 32.516950163748909 ], [ 34.926296039125283, 32.516983262943221 ], [ 34.926488981709269, 32.517009921686849 ], [ 34.926683017189092, 32.517030098315338 ], [ 34.926877842311875, 32.51704376129495 ], [ 34.927098059499819, 32.51706055725915 ], [ 34.927102756727855, 32.517036401264171 ], [ 34.927094484692965, 32.517035225612617 ], [ 34.927086409993905, 32.51703407843938 ], [ 34.927083844613442, 32.517033713940165 ], [ 34.927033209064021, 32.517026521731829 ], [ 34.926915711321577, 32.517009829595658 ], [ 34.926687579128483, 32.516977423240014 ], [ 34.92662261232298, 32.516968193687489 ], [ 34.926589561727511, 32.516963498699475 ], [ 34.926581589644471, 32.516962366553969 ], [ 34.926576200493017, 32.516961600669603 ], [ 34.926575783637759, 32.516961541948021 ], [ 34.926612119110615, 32.516940104705839 ], [ 34.926644505818757, 32.516914524200388 ], [ 34.92667229111904, 32.516885315921947 ], [ 34.926694915096029, 32.516853068465856 ], [ 34.926711921845047, 32.51681843167146 ], [ 34.926722968659043, 32.516782103526417 ] ] ] ] } },
{ "type": "Feature", "properties": { "OBJECTID": 3551900, "LAYER_ID": 3552198, "GROUP_ID": 294548, "SCENARIO": null, "DEFQ": 0, "PLAN_NAME": null, "DATA_DATE": null, "MAVAT_CODE": 670, "MAVAT_NAME": "שטח ציבורי פתוח", "NAME": null, "LABEL": null, "NUM": "316", "LEGAL_AREA": 1.1768, "TYPE_CODE": 0, "TYPE_NAME": null, "SOURCE_COD": 0, "HASAVA": 0, "STATUS": null, "PL_CHANGE": null, "ADDRESS": null, "PLACE_NO": 0, "CALC_AREA": 85.5766434, "OLD_MIG": null, "AGAM_ID": 3000330029.0, "SHAPE_AREA": 85.576643399800005, "SHAPE_LEN": 81.537851314299999 }, "geometry": { "type": "MultiPolygon", "coordinates": [ [ [ [ 34.927218493855136, 32.510994467000728 ], [ 34.927205770947253, 32.510977015793436 ], [ 34.927210862305522, 32.511005496319832 ], [ 34.927210537250637, 32.511034300410401 ], [ 34.927204804070016, 32.51106269323283 ], [ 34.927193809020231, 32.51108995044612 ], [ 34.927177832596215, 32.511115376679705 ], [ 34.927157282375802, 32.511138323273343 ], [ 34.927132682622243, 32.511158204825549 ], [ 34.92710466090962, 32.511174514128257 ], [ 34.927104495018732, 32.511174594647976 ], [ 34.927104176931991, 32.511174749180057 ], [ 34.927103851013406, 32.511174906941086 ], [ 34.927103530963002, 32.511175059800635 ], [ 34.927103527073562, 32.51117506146025 ], [ 34.927103207018185, 32.511175215942906 ], [ 34.927099464212766, 32.511176963951556 ], [ 34.927044582397073, 32.511203644935932 ], [ 34.926991473667549, 32.511232788538756 ], [ 34.927013109643575, 32.511258238214076 ], [ 34.927024385930345, 32.511252017409795 ], [ 34.927090194423563, 32.51121744052756 ], [ 34.927126644106899, 32.511196028382905 ], [ 34.92715828327453, 32.511169691270531 ], [ 34.927184196376878, 32.511139191316914 ], [ 34.927203633563906, 32.511105411109433 ], [ 34.927216032383249, 32.511069328156232 ], [ 34.927221034055471, 32.511031986599505 ], [ 34.927218493855136, 32.510994467000728 ] ] ] ] } },
{ "type": "Feature", "properties": { "OBJECTID": 3551901, "LAYER_ID": 3552198, "GROUP_ID": 294548, "SCENARIO": null, "DEFQ": 0, "PLAN_NAME": null, "DATA_DATE": null, "MAVAT_CODE": 60, "MAVAT_NAME": "מגורים ב'", "NAME": null, "LABEL": null, "NUM": "213", "LEGAL_AREA": 8.0723, "TYPE_CODE": 0, "TYPE_NAME": null, "SOURCE_COD": 0, "HASAVA": 0, "STATUS": null, "PL_CHANGE": null, "ADDRESS": null, "PLACE_NO": 0, "CALC_AREA": 9645.4191354199993, "OLD_MIG": null, "AGAM_ID": 3000330029.0, "SHAPE_AREA": 9645.4191354199993, "SHAPE_LEN": 429.14235585500001 }, "geometry": { "type": "MultiPolygon", "coordinates": [ [ [ [ 34.924008369137596, 32.511718569778047 ], [ 34.924165817209875, 32.511393455049955 ], [ 34.924737988836071, 32.510756216836029 ], [ 34.924141161123096, 32.510371465537467 ], [ 34.924021253532892, 32.510294163135804 ], [ 34.923957951925111, 32.510253356052985 ], [ 34.923942074598898, 32.510292948084505 ], [ 34.923881834607393, 32.510441747083618 ], [ 34.923822979976649, 32.510587813735476 ], [ 34.923762350632686, 32.510737003648387 ], [ 34.923699892001501, 32.510885144835193 ], [ 34.92363388262546, 32.511042934393828 ], [ 34.923586322636289, 32.511154116476746 ], [ 34.923528183341197, 32.511290833202722 ], [ 34.923502398464329, 32.511353519848939 ], [ 34.923430484501864, 32.511524319049265 ], [ 34.923429311167077, 32.511527326409613 ], [ 34.923620459900278, 32.511591029035905 ], [ 34.923653026341121, 32.511579014945852 ], [ 34.923750621390631, 32.511610184054604 ], [ 34.923838934476223, 32.51164211967334 ], [ 34.923924944476603, 32.511678287811051 ], [ 34.924008369137596, 32.511718569778047 ] ] ] ] } },
{ "type": "Feature", "properties": { "OBJECTID": 3551902, "LAYER_ID": 3552198, "GROUP_ID": 294548, "SCENARIO": null, "DEFQ": 0, "PLAN_NAME": null, "DATA_DATE": null, "MAVAT_CODE": 670, "MAVAT_NAME": "שטח ציבורי פתוח", "NAME": null, "LABEL": null, "NUM": "310", "LEGAL_AREA": 2.782, "TYPE_CODE": 0, "TYPE_NAME": null, "SOURCE_COD": 0, "HASAVA": 0, "STATUS": null, "PL_CHANGE": null, "ADDRESS": null, "PLACE_NO": 0, "CALC_AREA": 2555.4391056600002, "OLD_MIG": null, "AGAM_ID": 3000330029.0, "SHAPE_AREA": 2555.4391056600002, "SHAPE_LEN": 665.346000645 }, "geometry": { "type": "MultiPolygon", "coordinates": [ [ [ [ 34.924583513161849, 32.508771422697592 ], [ 34.924496726317095, 32.508743622350032 ], [ 34.924474771921119, 32.508788229179096 ], [ 34.924452784182101, 32.508832891521564 ], [ 34.924426486776106, 32.508902116788015 ], [ 34.924391978528668, 32.50899295786288 ], [ 34.924380255267401, 32.509021240796905 ], [ 34.924320280974428, 32.509165943612423 ], [ 34.924257646887149, 32.509317060580429 ], [ 34.924230545935941, 32.509382444615312 ], [ 34.924172839363969, 32.509521676767591 ], [ 34.924152945433384, 32.509569673450969 ], [ 34.924114615601091, 32.509663627677128 ], [ 34.924051220575009, 32.509819026375865 ], [ 34.923985579707299, 32.509979932636057 ], [ 34.923925886182161, 32.510126251766927 ], [ 34.923896394387292, 32.510198546358751 ], [ 34.923865835877187, 32.510270900242588 ], [ 34.92380329937702, 32.510418969226187 ], [ 34.9237419352689, 32.510564260299461 ], [ 34.923679400213345, 32.510712349009481 ], [ 34.923617553170089, 32.510860335204988 ], [ 34.923551672116297, 32.511017971397067 ], [ 34.923489438101605, 32.511168910009367 ], [ 34.923467875116074, 32.511218264457831 ], [ 34.923421800327418, 32.511329438834906 ], [ 34.923349958357569, 32.511500879822549 ], [ 34.923429311167077, 32.511527326409613 ], [ 34.923430484501864, 32.511524319049265 ], [ 34.923502398464329, 32.511353519848939 ], [ 34.923528183341197, 32.511290833202722 ], [ 34.923586322636289, 32.511154116476746 ], [ 34.92363388262546, 32.511042934393828 ], [ 34.923699892001501, 32.510885144835193 ], [ 34.923762350632686, 32.510737003648387 ], [ 34.923822979976649, 32.510587813735476 ], [ 34.923881834607393, 32.510441747083618 ], [ 34.923942074598898, 32.510292948084505 ], [ 34.923973329203605, 32.510215005085513 ], [ 34.924000616242267, 32.51014819882316 ], [ 34.924060906437745, 32.510002349887195 ], [ 34.924127850964076, 32.509841603393447 ], [ 34.924191203258118, 32.50968632340939 ], [ 34.92422907652788, 32.509594636811116 ], [ 34.92424925374344, 32.509544501973231 ], [ 34.924281755960649, 32.509468305749934 ], [ 34.924335905408846, 32.509340844188166 ], [ 34.92446043553938, 32.509045021435981 ], [ 34.924536468434425, 32.508851657170396 ], [ 34.924583513161849, 32.508771422697592 ] ] ] ] } },
{ "type": "Feature", "properties": { "OBJECTID": 3551903, "LAYER_ID": 3552198, "GROUP_ID": 294548, "SCENARIO": null, "DEFQ": 0, "PLAN_NAME": null, "DATA_DATE": null, "MAVAT_CODE": 820, "MAVAT_NAME": "דרך מאושרת", "NAME": null, "LABEL": null, "NUM": "108", "LEGAL_AREA": 11.5377, "TYPE_CODE": 0, "TYPE_NAME": null, "SOURCE_COD": 0, "HASAVA": 0, "STATUS": null, "PL_CHANGE": null, "ADDRESS": null, "PLACE_NO": 0, "CALC_AREA": 199.16091097, "OLD_MIG": null, "AGAM_ID": 3000330029.0, "SHAPE_AREA": 199.160910973, "SHAPE_LEN": 57.2204435887 }, "geometry": { "type": "MultiPolygon", "coordinates": [ [ [ [ 34.9239497056627, 32.511689688067257 ], [ 34.923893499932092, 32.511818126133655 ], [ 34.923954027340528, 32.511849255589645 ], [ 34.92401277397984, 32.511882744961454 ], [ 34.9240700157684, 32.511751935928459 ], [ 34.924008369137596, 32.511718569778047 ], [ 34.9239497056627, 32.511689688067257 ] ] ] ] } },
{ "type": "Feature", "properties": { "OBJECTID": 3551904, "LAYER_ID": 3552198, "GROUP_ID": 294548, "SCENARIO": null, "DEFQ": 0, "PLAN_NAME": null, "DATA_DATE": null, "MAVAT_CODE": 670, "MAVAT_NAME": "שטח ציבורי פתוח", "NAME": null, "LABEL": null, "NUM": "302", "LEGAL_AREA": 0.8951, "TYPE_CODE": 0, "TYPE_NAME": null, "SOURCE_COD": 0, "HASAVA": 0, "STATUS": null, "PL_CHANGE": null, "ADDRESS": null, "PLACE_NO": 0, "CALC_AREA": 817.23484233, "OLD_MIG": null, "AGAM_ID": 3000330029.0, "SHAPE_AREA": 817.23484232500005, "SHAPE_LEN": 216.817780046 }, "geometry": { "type": "MultiPolygon", "coordinates": [ [ [ [ 34.925394148805125, 32.516568341861991 ], [ 34.925376519539611, 32.51669944512723 ], [ 34.924587086053293, 32.51658728902008 ], [ 34.924601351329606, 32.516612797024997 ], [ 34.924620616587141, 32.51663582537283 ], [ 34.924644299201468, 32.516655677630617 ], [ 34.924671682955172, 32.516671753417647 ], [ 34.924701939697968, 32.516683566562627 ], [ 34.924734154392077, 32.516690759806792 ], [ 34.925002842702952, 32.516729983677109 ], [ 34.925527406724889, 32.51679971144722 ], [ 34.925540118481379, 32.516727925895047 ], [ 34.925511945865019, 32.516721865430725 ], [ 34.925485339089221, 32.516711950518243 ], [ 34.925461027121699, 32.516698452804853 ], [ 34.925439676056556, 32.516681742098676 ], [ 34.925421870864682, 32.516662276236644 ], [ 34.925408099366798, 32.516640588540632 ], [ 34.925398738868431, 32.516617273205497 ], [ 34.925394045822848, 32.516592969019328 ], [ 34.925394148805125, 32.516568341861991 ] ] ] ] } },
{ "type": "Feature", "properties": { "OBJECTID": 3551905, "LAYER_ID": 3552198, "GROUP_ID": 294548, "SCENARIO": null, "DEFQ": 0, "PLAN_NAME": null, "DATA_DATE": null, "MAVAT_CODE": 830, "MAVAT_NAME": "דרך מוצעת", "NAME": null, "LABEL": null, "NUM": "103", "LEGAL_AREA": 12.7536, "TYPE_CODE": 0, "TYPE_NAME": null, "SOURCE_COD": 0, "HASAVA": 0, "STATUS": null, "PL_CHANGE": null, "ADDRESS": null, "PLACE_NO": 0, "CALC_AREA": 12064.2299145, "OLD_MIG": null, "AGAM_ID": 3000330029.0, "SHAPE_AREA": 12064.2299145, "SHAPE_LEN": 1295.2069638099999 }, "geometry": { "type": "MultiPolygon", "coordinates": [ [ [ [ 34.924587086053293, 32.51658728902008 ], [ 34.924579261567878, 32.516564402681503 ], [ 34.924575476051757, 32.516540792354405 ], [ 34.924575811082349, 32.516516966858326 ], [ 34.924580259436276, 32.516493439649416 ], [ 34.924627015657968, 32.516313042767244 ], [ 34.924633085057344, 32.516285441289554 ], [ 34.924670917402295, 32.516109595008579 ], [ 34.924702122439776, 32.515932817270659 ], [ 34.924726668565995, 32.515755287333334 ], [ 34.924730561940265, 32.51572640470016 ], [ 34.924737912264689, 32.515666273537384 ], [ 34.924756443532303, 32.515509754466279 ], [ 34.924767452411629, 32.515352726616605 ], [ 34.924770920753794, 32.515195449419572 ], [ 34.924766842868003, 32.515038182716978 ], [ 34.924760621358168, 32.514931984392447 ], [ 34.924749364349218, 32.514826083970455 ], [ 34.924741895463548, 32.514769077898933 ], [ 34.924723435491018, 32.514633567995233 ], [ 34.924711365452644, 32.514543736295074 ], [ 34.924703989010311, 32.514453540613495 ], [ 34.924704390081082, 32.514444430636296 ], [ 34.924714828677466, 32.514207146667019 ], [ 34.924714965646125, 32.514204036268481 ], [ 34.924724742369897, 32.514078744651442 ], [ 34.924725824328654, 32.514060787811843 ], [ 34.924725551678939, 32.51402569542315 ], [ 34.924732135693432, 32.513918893262577 ], [ 34.924746800392946, 32.513812669763858 ], [ 34.924769485215904, 32.513707463398319 ], [ 34.924800096496043, 32.513603708437266 ], [ 34.924838507849422, 32.513501833159395 ], [ 34.924880644247907, 32.51341006143759 ], [ 34.924929106418396, 32.513320559499867 ], [ 34.924983725015899, 32.513233640065543 ], [ 34.925044309186539, 32.51314960682982 ], [ 34.925110647234547, 32.513068753402699 ], [ 34.925161450075159, 32.513112046226496 ], [ 34.925195344329317, 32.513083489941799 ], [ 34.925311370871462, 32.512985737998008 ], [ 34.925434650112784, 32.512881875842844 ], [ 34.925585242243841, 32.512755002436862 ], [ 34.925755462422657, 32.512611591233927 ], [ 34.925802500923616, 32.512570309530176 ], [ 34.925879506453406, 32.512499084523228 ], [ 34.926051814830444, 32.512279309914184 ], [ 34.926054671494285, 32.512275742085357 ], [ 34.926081769848381, 32.512247693659191 ], [ 34.926113823300149, 32.512223687801281 ], [ 34.926150003134204, 32.51220434516059 ], [ 34.926189373953314, 32.512190165822609 ], [ 34.926229376587962, 32.512180160473186 ], [ 34.92625659148456, 32.512172200073685 ], [ 34.926281970912171, 32.512160681599426 ], [ 34.926304871826474, 32.512145896896932 ], [ 34.926324713982709, 32.512128220569828 ], [ 34.926340999460912, 32.512108097662328 ], [ 34.926353310571521, 32.512086040264961 ], [ 34.926361335422683, 32.512062607189108 ], [ 34.92636487071298, 32.512038392097693 ], [ 34.926369115125716, 32.512009310465281 ], [ 34.926378897761452, 32.511981204108267 ], [ 34.926393956900661, 32.511954824955126 ], [ 34.926413889662619, 32.511930878725884 ], [ 34.926425371714672, 32.5119200997257 ], [ 34.926463698561015, 32.511887453115953 ], [ 34.926335924117886, 32.511805541041845 ], [ 34.926310449872133, 32.511789210188397 ], [ 34.926228163038786, 32.511860270273033 ], [ 34.926189413247414, 32.511872653639657 ], [ 34.926149280530325, 32.511881315475605 ], [ 34.926120012964148, 32.511888393594496 ], [ 34.926092559936407, 32.51189952880376 ], [ 34.926067698441081, 32.511914405947472 ], [ 34.926046132125911, 32.511932603962968 ], [ 34.92602847137735, 32.511953607797786 ], [ 34.926015216044867, 32.511976822986902 ], [ 34.92600674129379, 32.512001592477624 ], [ 34.925996921816562, 32.512031918778327 ], [ 34.925982217332823, 32.512060792195491 ], [ 34.925962913977521, 32.512087650871734 ], [ 34.925939387377532, 32.512111972154692 ], [ 34.92554840898697, 32.512456593681378 ], [ 34.925405472027741, 32.512577580274808 ], [ 34.925257105398295, 32.512693779404188 ], [ 34.925160666936939, 32.512771053613946 ], [ 34.925070023363567, 32.512853209845083 ], [ 34.924985518273864, 32.512939936688646 ], [ 34.924907471998687, 32.513030905410027 ], [ 34.924836180389761, 32.513125771195071 ], [ 34.924771913698009, 32.513224174456752 ], [ 34.924714915548982, 32.513325742198212 ], [ 34.924665402019173, 32.513430089426386 ], [ 34.924623560816599, 32.513536820611222 ], [ 34.92458955056896, 32.513645531184856 ], [ 34.924563500221993, 32.5137558090751 ], [ 34.924545508550288, 32.513867236267181 ], [ 34.924535643782434, 32.513979390388357 ], [ 34.92453394334197, 32.514091846308943 ], [ 34.924530926399221, 32.514134126649189 ], [ 34.924520157084324, 32.51417548966289 ], [ 34.924501899420363, 32.51421492124485 ], [ 34.924476601025283, 32.514251454641936 ], [ 34.924462008541511, 32.514272743990219 ], [ 34.924451759132317, 32.514295780752363 ], [ 34.924446133425157, 32.514319934192592 ], [ 34.924445285453096, 32.514344543000526 ], [ 34.92444923843712, 32.514368933397478 ], [ 34.92445788414993, 32.514392437584249 ], [ 34.924470985878777, 32.514414412025161 ], [ 34.924492333876316, 32.514449338212209 ], [ 34.924507478760077, 32.514486518209203 ], [ 34.924516100359128, 32.514525166030339 ], [ 34.924554245321289, 32.514807335868959 ], [ 34.924570527855828, 32.514956350605665 ], [ 34.924579156057185, 32.515105823939578 ], [ 34.924580113601714, 32.515255473741355 ], [ 34.924573398643929, 32.515405017547089 ], [ 34.924559023820336, 32.515554173091594 ], [ 34.924534785008973, 32.515752476374836 ], [ 34.924514461040559, 32.515906519227315 ], [ 34.924486432840894, 32.516059691598684 ], [ 34.924462363134992, 32.516178829898983 ], [ 34.924435202241852, 32.516297490122597 ], [ 34.924492794783397, 32.516306992769223 ], [ 34.924472577512077, 32.516394953001132 ], [ 34.924453355560644, 32.516490190790464 ], [ 34.924445794840736, 32.516515159935821 ], [ 34.924433537003949, 32.516538752961068 ], [ 34.924416909149798, 32.516560340281259 ], [ 34.924396354993561, 32.516579345833733 ], [ 34.92437242302578, 32.516595262450515 ], [ 34.924345751875919, 32.516607665392449 ], [ 34.924317053270101, 32.516616223683613 ], [ 34.924287093038494, 32.516620708943549 ], [ 34.924256670678602, 32.516621001481781 ], [ 34.924408162337123, 32.516643169843356 ], [ 34.924734154392077, 32.516690759806792 ], [ 34.924701939741553, 32.516683566488446 ], [ 34.924671683040806, 32.516671753306298 ], [ 34.924644299314295, 32.516655677515487 ], [ 34.924620616700601, 32.516635825281035 ], [ 34.924601351407652, 32.516612796975075 ], [ 34.924587086053293, 32.51658728902008 ] ] ] ] } },
{ "type": "Feature", "properties": { "OBJECTID": 3551906, "LAYER_ID": 3552198, "GROUP_ID": 294548, "SCENARIO": null, "DEFQ": 0, "PLAN_NAME": null, "DATA_DATE": null, "MAVAT_CODE": 670, "MAVAT_NAME": "שטח ציבורי פתוח", "NAME": null, "LABEL": null, "NUM": "317", "LEGAL_AREA": 2.782, "TYPE_CODE": 0, "TYPE_NAME": null, "SOURCE_COD": 0, "HASAVA": 0, "STATUS": null, "PL_CHANGE": null, "ADDRESS": null, "PLACE_NO": 0, "CALC_AREA": 1824.2476847099999, "OLD_MIG": null, "AGAM_ID": 3000330029.0, "SHAPE_AREA": 1824.2476847099999, "SHAPE_LEN": 455.83123295299998 }, "geometry": { "type": "MultiPolygon", "coordinates": [ [ [ [ 34.923347549756606, 32.51161635377769 ], [ 34.923318122798179, 32.511606547528146 ], [ 34.923295929535477, 32.511693486113138 ], [ 34.923283958591938, 32.511740192695967 ], [ 34.923253285245337, 32.511864753987268 ], [ 34.923215577159084, 32.512022296118808 ], [ 34.923168774922381, 32.51221793396941 ], [ 34.923153950949931, 32.512279896552734 ], [ 34.923128823453865, 32.512384933596948 ], [ 34.92308914760789, 32.512550778073724 ], [ 34.923064431959837, 32.512654093893893 ], [ 34.923037391096621, 32.512767124677879 ], [ 34.922984823387701, 32.512986905441039 ], [ 34.922857049280708, 32.513547624392793 ], [ 34.922909734537662, 32.513567111571533 ], [ 34.922932029554836, 32.513575358149609 ], [ 34.922936859812353, 32.513577179678457 ], [ 34.923074086394976, 32.513003330660901 ], [ 34.923126411054241, 32.512781648872469 ], [ 34.92314989319231, 32.512667682727546 ], [ 34.923168401031887, 32.512588770283323 ], [ 34.923202476384049, 32.512449626208216 ], [ 34.923204209668114, 32.512442639813436 ], [ 34.923242491148677, 32.512288343994655 ], [ 34.923255640568016, 32.512233048218853 ], [ 34.923302028285867, 32.512037183706155 ], [ 34.923338481148349, 32.511880102730451 ], [ 34.923371911831438, 32.511753824909263 ], [ 34.923382340836532, 32.511707908533026 ], [ 34.923399684207091, 32.511634461406643 ], [ 34.923347549756606, 32.51161635377769 ] ] ] ] } },
{ "type": "Feature", "properties": { "OBJECTID": 3551907, "LAYER_ID": 3552198, "GROUP_ID": 294548, "SCENARIO": null, "DEFQ": 0, "PLAN_NAME": null, "DATA_DATE": null, "MAVAT_CODE": 830, "MAVAT_NAME": "דרך מוצעת", "NAME": null, "LABEL": null, "NUM": "116", "LEGAL_AREA": 21.698, "TYPE_CODE": 0, "TYPE_NAME": null, "SOURCE_COD": 0, "HASAVA": 0, "STATUS": null, "PL_CHANGE": null, "ADDRESS": null, "PLACE_NO": 0, "CALC_AREA": 1397.4547430299999, "OLD_MIG": null, "AGAM_ID": 3000330029.0, "SHAPE_AREA": 1397.4547430299999, "SHAPE_LEN": 244.64215976200001 }, "geometry": { "type": "MultiPolygon", "coordinates": [ [ [ [ 34.923750621390631, 32.511610184054604 ], [ 34.923653026341121, 32.511579014945852 ], [ 34.923620459900278, 32.511591029035905 ], [ 34.923429311167077, 32.511527326409613 ], [ 34.923349958357569, 32.511500879822549 ], [ 34.923350237110341, 32.511500218348679 ], [ 34.923045929038949, 32.511399556221257 ], [ 34.922867421333194, 32.511352266740822 ], [ 34.922828760680758, 32.511455397807943 ], [ 34.923003449136218, 32.511501674361526 ], [ 34.923318122798179, 32.511606547528146 ], [ 34.923347549756606, 32.51161635377769 ], [ 34.923399684207091, 32.511634461406643 ], [ 34.923692192913357, 32.511736057868447 ], [ 34.92379463229463, 32.511773946881895 ], [ 34.923893499932092, 32.511818126133655 ], [ 34.9239497056627, 32.511689688067257 ], [ 34.923851705209863, 32.511647164349377 ], [ 34.923750621390631, 32.511610184054604 ] ] ] ] } },
{ "type": "Feature", "properties": { "OBJECTID": 3551908, "LAYER_ID": 3552198, "GROUP_ID": 294548, "SCENARIO": null, "DEFQ": 0, "PLAN_NAME": null, "DATA_DATE": null, "MAVAT_CODE": 670, "MAVAT_NAME": "שטח ציבורי פתוח", "NAME": null, "LABEL": null, "NUM": "306", "LEGAL_AREA": 3.6069, "TYPE_CODE": 0, "TYPE_NAME": null, "SOURCE_COD": 0, "HASAVA": 0, "STATUS": null, "PL_CHANGE": null, "ADDRESS": null, "PLACE_NO": 0, "CALC_AREA": 3733.1854587399998, "OLD_MIG": null, "AGAM_ID": 3000330029.0, "SHAPE_AREA": 3733.1854587399998, "SHAPE_LEN": 390.46524477000003 }, "geometry": { "type": "MultiPolygon", "coordinates": [ [ [ [ 34.926803217681091, 32.512249505307743 ], [ 34.926508252485135, 32.512008105916664 ], [ 34.926449105609038, 32.512059992692521 ], [ 34.926372559746511, 32.511997347919809 ], [ 34.926367340351625, 32.512017497968444 ], [ 34.926364889409236, 32.512038022834744 ], [ 34.926361401287139, 32.512062335650683 ], [ 34.92635338792693, 32.512085867456399 ], [ 34.926341053878097, 32.512108017567719 ], [ 34.926324713982709, 32.512128220569828 ], [ 34.926304867710272, 32.512145900171689 ], [ 34.926281961611942, 32.512160686990498 ], [ 34.926256576274916, 32.512172206232755 ], [ 34.926229355127177, 32.512180165926296 ], [ 34.926189373953314, 32.512190165822609 ], [ 34.926150003134204, 32.51220434516059 ], [ 34.926113823300149, 32.512223687801281 ], [ 34.926081769848381, 32.512247693659191 ], [ 34.926054671494285, 32.512275742085357 ], [ 34.926103205323543, 32.512315494500136 ], [ 34.92661493192572, 32.512734659371525 ], [ 34.926790362662928, 32.512749247351245 ], [ 34.927414626826469, 32.512801154763935 ], [ 34.92744360462131, 32.512668124530613 ], [ 34.926722231932196, 32.512607673036229 ], [ 34.926554343043179, 32.512467762887368 ], [ 34.926803217681091, 32.512249505307743 ] ] ] ] } },
{ "type": "Feature", "properties": { "OBJECTID": 3551909, "LAYER_ID": 3552198, "GROUP_ID": 294548, "SCENARIO": null, "DEFQ": 0, "PLAN_NAME": null, "DATA_DATE": null, "MAVAT_CODE": 670, "MAVAT_NAME": "שטח ציבורי פתוח", "NAME": null, "LABEL": null, "NUM": "311", "LEGAL_AREA": 1.1768, "TYPE_CODE": 0, "TYPE_NAME": null, "SOURCE_COD": 0, "HASAVA": 0, "STATUS": null, "PL_CHANGE": null, "ADDRESS": null, "PLACE_NO": 0, "CALC_AREA": 1176.7389636800001, "OLD_MIG": null, "AGAM_ID": 3000330029.0, "SHAPE_AREA": 1176.7389636800001, "SHAPE_LEN": 149.84438694799999 }, "geometry": { "type": "MultiPolygon", "coordinates": [ [ [ [ 34.927160359917622, 32.511107111539381 ], [ 34.927182863913025, 32.511108363678247 ], [ 34.927196954127162, 32.511083460266981 ], [ 34.927206391574607, 32.511057025919513 ], [ 34.927210954943199, 32.511029680544098 ], [ 34.927210537222535, 32.511002065412846 ], [ 34.927205148213055, 32.510974828123295 ], [ 34.927194914295733, 32.510948607411699 ], [ 34.92718007546803, 32.510924018174222 ], [ 34.92712651998761, 32.510849891445076 ], [ 34.927092278928789, 32.510802497046882 ], [ 34.927054520090763, 32.510750230130128 ], [ 34.927053479406119, 32.510748792503961 ], [ 34.926872047234419, 32.510887643898798 ], [ 34.926693326634457, 32.511028997834778 ], [ 34.926680621306396, 32.511039036679584 ], [ 34.926668523025228, 32.511048737811947 ], [ 34.926668472242589, 32.511048778954105 ], [ 34.92666846573394, 32.511048784485382 ], [ 34.92666846119932, 32.51104878830774 ], [ 34.926668459225418, 32.511048789971568 ], [ 34.926668416233476, 32.511048823962142 ], [ 34.926668371319018, 32.511048860202784 ], [ 34.926668333553408, 32.511048890372521 ], [ 34.926668205262033, 32.511048994690221 ], [ 34.926668166856253, 32.511049025399586 ], [ 34.926668115434936, 32.511049066585379 ], [ 34.926637157269361, 32.511074147544171 ], [ 34.926632748849187, 32.511077730671978 ], [ 34.927160359917622, 32.511107111539381 ] ] ] ] } },
{ "type": "Feature", "properties": { "OBJECTID": 3551910, "LAYER_ID": 3552198, "GROUP_ID": 294548, "SCENARIO": null, "DEFQ": 0, "PLAN_NAME": null, "DATA_DATE": null, "MAVAT_CODE": 830, "MAVAT_NAME": "דרך מוצעת", "NAME": null, "LABEL": null, "NUM": "3144", "LEGAL_AREA": 0.01, "TYPE_CODE": 0, "TYPE_NAME": null, "SOURCE_COD": 0, "HASAVA": 0, "STATUS": null, "PL_CHANGE": null, "ADDRESS": null, "PLACE_NO": 0, "CALC_AREA": 9.6350982, "OLD_MIG": null, "AGAM_ID": 3000330029.0, "SHAPE_AREA": 9.6350981970300005, "SHAPE_LEN": 21.2550252972 }, "geometry": { "type": "MultiPolygon", "coordinates": [ [ [ [ 34.92350573921388, 32.513901166338911 ], [ 34.923465229691679, 32.51389377190263 ], [ 34.923465229684808, 32.513893774111857 ], [ 34.92346523419755, 32.513893777413244 ], [ 34.923465238130007, 32.513893779090218 ], [ 34.923544214747182, 32.513956874645181 ], [ 34.923515000387717, 32.513915448846966 ], [ 34.92350573921388, 32.513901166338911 ] ] ] ] } },
{ "type": "Feature", "properties": { "OBJECTID": 3551897, "LAYER_ID": 3552198, "GROUP_ID": 294548, "SCENARIO": null, "DEFQ": 0, "PLAN_NAME": null, "DATA_DATE": null, "MAVAT_CODE": 670, "MAVAT_NAME": "שטח ציבורי פתוח", "NAME": null, "LABEL": null, "NUM": "315", "LEGAL_AREA": 18.9783, "TYPE_CODE": 0, "TYPE_NAME": null, "SOURCE_COD": 0, "HASAVA": 0, "STATUS": null, "PL_CHANGE": null, "ADDRESS": null, "PLACE_NO": 0, "CALC_AREA": 2804.3133126399998, "OLD_MIG": null, "AGAM_ID": 3000330029.0, "SHAPE_AREA": 2804.3133126399998, "SHAPE_LEN": 408.86800032899998 }, "geometry": { "type": "MultiPolygon", "coordinates": [ [ [ [ 34.925267434180874, 32.509611255110777 ], [ 34.924335905408846, 32.509340844188166 ], [ 34.924281755960649, 32.509468305749934 ], [ 34.925215944646979, 32.509739285970788 ], [ 34.926221471269763, 32.510029629500622 ], [ 34.926209843553707, 32.510007626820276 ], [ 34.92619361800859, 32.509976494727148 ], [ 34.926183627610804, 32.509943531579985 ], [ 34.926180142039357, 32.50990962720293 ], [ 34.926183255378128, 32.50987569682718 ], [ 34.925267434180874, 32.509611255110777 ] ] ] ] } },
{ "type": "Feature", "properties": { "OBJECTID": 3551911, "LAYER_ID": 3552198, "GROUP_ID": 294548, "SCENARIO": null, "DEFQ": 0, "PLAN_NAME": null, "DATA_DATE": null, "MAVAT_CODE": 670, "MAVAT_NAME": "שטח ציבורי פתוח", "NAME": null, "LABEL": null, "NUM": "3081", "LEGAL_AREA": 1.1647, "TYPE_CODE": 0, "TYPE_NAME": null, "SOURCE_COD": 0, "HASAVA": 0, "STATUS": null, "PL_CHANGE": null, "ADDRESS": null, "PLACE_NO": 0, "CALC_AREA": 113.75904077, "OLD_MIG": null, "AGAM_ID": 3000330029.0, "SHAPE_AREA": 113.759040771, "SHAPE_LEN": 53.508991771600002 }, "geometry": { "type": "MultiPolygon", "coordinates": [ [ [ [ 34.92290691984315, 32.513724306152135 ], [ 34.922854119388425, 32.513702364066255 ], [ 34.922852664108539, 32.513782059804178 ], [ 34.923065750225916, 32.513820922812073 ], [ 34.923042478546741, 32.513795487562717 ], [ 34.923014459557791, 32.51377375871796 ], [ 34.922982502573149, 32.513756363901869 ], [ 34.92290691984315, 32.513724306152135 ] ] ] ] } },
{ "type": "Feature", "properties": { "OBJECTID": 3551912, "LAYER_ID": 3552198, "GROUP_ID": 294548, "SCENARIO": null, "DEFQ": 0, "PLAN_NAME": null, "DATA_DATE": null, "MAVAT_CODE": 670, "MAVAT_NAME": "שטח ציבורי פתוח", "NAME": null, "LABEL": null, "NUM": "308", "LEGAL_AREA": 1.1647, "TYPE_CODE": 0, "TYPE_NAME": null, "SOURCE_COD": 0, "HASAVA": 0, "STATUS": null, "PL_CHANGE": null, "ADDRESS": null, "PLACE_NO": 0, "CALC_AREA": 972.65101701000003, "OLD_MIG": null, "AGAM_ID": 3000330029.0, "SHAPE_AREA": 972.65101700800005, "SHAPE_LEN": 160.06021123400001 }, "geometry": { "type": "MultiPolygon", "coordinates": [ [ [ [ 34.922852664108539, 32.513782059804178 ], [ 34.922852662139704, 32.51378205979978 ], [ 34.922850885059169, 32.513881615586946 ], [ 34.922840497759061, 32.51440196521569 ], [ 34.92289571720832, 32.514301691912436 ], [ 34.922942322309311, 32.514224465464451 ], [ 34.922945182215628, 32.514219916405992 ], [ 34.923075373279474, 32.514012833055091 ], [ 34.923089006762332, 32.51398650498701 ], [ 34.923097778930853, 32.513958731553622 ], [ 34.923101487570996, 32.51393015299621 ], [ 34.923100047194971, 32.513901428115339 ], [ 34.923093491011578, 32.513873219084125 ], [ 34.923081970160112, 32.513846176183542 ], [ 34.923065750225916, 32.513820922812073 ], [ 34.922852664108539, 32.513782059804178 ] ] ] ] } },
{ "type": "Feature", "properties": { "OBJECTID": 3551913, "LAYER_ID": 3552198, "GROUP_ID": 294548, "SCENARIO": null, "DEFQ": 0, "PLAN_NAME": null, "DATA_DATE": null, "MAVAT_CODE": 830, "MAVAT_NAME": "דרך מוצעת", "NAME": null, "LABEL": null, "NUM": "1131", "LEGAL_AREA": 21.698, "TYPE_CODE": 0, "TYPE_NAME": null, "SOURCE_COD": 0, "HASAVA": 0, "STATUS": null, "PL_CHANGE": null, "ADDRESS": null, "PLACE_NO": 0, "CALC_AREA": 462.29830264999998, "OLD_MIG": null, "AGAM_ID": 3000330029.0, "SHAPE_AREA": 462.29830264999998, "SHAPE_LEN": 165.55715207399999 }, "geometry": { "type": "MultiPolygon", "coordinates": [ [ [ [ 34.92313176312642, 32.513832962363942 ], [ 34.923065750225916, 32.513820922812073 ], [ 34.923081970160112, 32.513846176183542 ], [ 34.923093491011578, 32.513873219084125 ], [ 34.923100047194971, 32.513901428115339 ], [ 34.923101487570996, 32.51393015299621 ], [ 34.923097778930853, 32.513958731553622 ], [ 34.923089006762332, 32.51398650498701 ], [ 34.923075373279474, 32.514012833055091 ], [ 34.922945182215628, 32.514219916405992 ], [ 34.922942322309311, 32.514224465464451 ], [ 34.92289571720832, 32.514301691912436 ], [ 34.922840497759061, 32.51440196521569 ], [ 34.922853222160349, 32.514406717007724 ], [ 34.923281084733702, 32.513860195045474 ], [ 34.92313176312642, 32.513832962363942 ] ] ] ] } },
{ "type": "Feature", "properties": { "OBJECTID": 3551914, "LAYER_ID": 3552198, "GROUP_ID": 294548, "SCENARIO": null, "DEFQ": 0, "PLAN_NAME": null, "DATA_DATE": null, "MAVAT_CODE": 100, "MAVAT_NAME": "מגורים ג'", "NAME": null, "LABEL": null, "NUM": "204", "LEGAL_AREA": 7.0958, "TYPE_CODE": 0, "TYPE_NAME": null, "SOURCE_COD": 0, "HASAVA": 0, "STATUS": null, "PL_CHANGE": null, "ADDRESS": null, "PLACE_NO": 0, "CALC_AREA": 7081.9111578299999, "OLD_MIG": null, "AGAM_ID": 3000330029.0, "SHAPE_AREA": 7081.9111578299999, "SHAPE_LEN": 339.29061434599998 }, "geometry": { "type": "MultiPolygon", "coordinates": [ [ [ [ 34.924587086053293, 32.51658728902008 ], [ 34.925376519539611, 32.51669944512723 ], [ 34.925394148805125, 32.516568341861991 ], [ 34.925394688201017, 32.516563855863765 ], [ 34.925463016036147, 32.516056183178286 ], [ 34.925494550823529, 32.515822343968196 ], [ 34.924726668565995, 32.515755287333334 ], [ 34.924702122439776, 32.515932817270659 ], [ 34.924670917402295, 32.516109595008579 ], [ 34.924633085057344, 32.516285441289554 ], [ 34.924627015657968, 32.516313042767244 ], [ 34.924580259436276, 32.516493439649416 ], [ 34.924575811082349, 32.516516966858326 ], [ 34.924575476051757, 32.516540792354405 ], [ 34.924579261567878, 32.516564402681503 ], [ 34.924587086053293, 32.51658728902008 ] ] ] ] } },
{ "type": "Feature", "properties": { "OBJECTID": 3551915, "LAYER_ID": 3552198, "GROUP_ID": 294548, "SCENARIO": null, "DEFQ": 0, "PLAN_NAME": null, "DATA_DATE": null, "MAVAT_CODE": 820, "MAVAT_NAME": "דרך מאושרת", "NAME": null, "LABEL": null, "NUM": "115", "LEGAL_AREA": 11.5377, "TYPE_CODE": 0, "TYPE_NAME": null, "SOURCE_COD": 0, "HASAVA": 0, "STATUS": null, "PL_CHANGE": null, "ADDRESS": null, "PLACE_NO": 0, "CALC_AREA": 1473.4197984299999, "OLD_MIG": null, "AGAM_ID": 3000330029.0, "SHAPE_AREA": 1473.4197984299999, "SHAPE_LEN": 263.42763408399998 }, "geometry": { "type": "MultiPolygon", "coordinates": [ [ [ [ 34.923465223165664, 32.513893782889205 ], [ 34.923465223170851, 32.513893781221014 ], [ 34.923281084733702, 32.513860195045474 ], [ 34.922853215639428, 32.514406726326065 ], [ 34.922933377125105, 32.51443667153999 ], [ 34.92301130416643, 32.514465782833547 ], [ 34.923012949551406, 32.51446369621037 ], [ 34.923283391588555, 32.514118252025135 ], [ 34.923295636900136, 32.514105173893597 ], [ 34.923200950329147, 32.514062436627931 ], [ 34.923214622117221, 32.514044858467763 ], [ 34.923231551346539, 32.514029449743752 ], [ 34.923251267240332, 32.514016638948263 ], [ 34.923273221529932, 32.514006782329197 ], [ 34.923296803700985, 32.514000153983417 ], [ 34.923321357970913, 32.513996938234541 ], [ 34.923346201524957, 32.513997224507456 ], [ 34.923370643503951, 32.514001004841361 ], [ 34.923394004215673, 32.514008174111268 ], [ 34.923426159558367, 32.514023276419891 ], [ 34.92345528257006, 32.514042289074538 ], [ 34.92348071622677, 32.514064783145287 ], [ 34.92350188673592, 32.51409025116034 ], [ 34.92351831648142, 32.514118118554492 ], [ 34.923529634799017, 32.514147756631395 ], [ 34.923659485484805, 32.514222318799213 ], [ 34.923655353350405, 32.514185001431898 ], [ 34.923650706396934, 32.514154709889489 ], [ 34.923643518466768, 32.514124776827295 ], [ 34.923626755977004, 32.514080743633698 ], [ 34.923602364131973, 32.514039349079269 ], [ 34.923544208864904, 32.513956883964966 ], [ 34.923465231609178, 32.513893788408616 ], [ 34.923465227683437, 32.513893784567472 ], [ 34.923465223165664, 32.513893782889205 ] ] ] ] } },
{ "type": "Feature", "properties": { "OBJECTID": 3551916, "LAYER_ID": 3552198, "GROUP_ID": 294548, "SCENARIO": null, "DEFQ": 0, "PLAN_NAME": null, "DATA_DATE": null, "MAVAT_CODE": 820, "MAVAT_NAME": "דרך מאושרת", "NAME": null, "LABEL": null, "NUM": "309", "LEGAL_AREA": 0.2985, "TYPE_CODE": 0, "TYPE_NAME": null, "SOURCE_COD": 0, "HASAVA": 0, "STATUS": null, "PL_CHANGE": null, "ADDRESS": null, "PLACE_NO": 0, "CALC_AREA": 202.22998562000001, "OLD_MIG": null, "AGAM_ID": 3000330029.0, "SHAPE_AREA": 202.22998562399999, "SHAPE_LEN": 80.225556645099999 }, "geometry": { "type": "MultiPolygon", "coordinates": [ [ [ [ 34.92352681358512, 32.514146136639141 ], [ 34.923529634799017, 32.514147756631395 ], [ 34.92351831648142, 32.514118118554492 ], [ 34.92350188673592, 32.51409025116034 ], [ 34.92348071622677, 32.514064783145287 ], [ 34.92345528257006, 32.514042289074538 ], [ 34.923426159558367, 32.514023276419891 ], [ 34.923394004215673, 32.514008174111268 ], [ 34.923370643503951, 32.514001004841361 ], [ 34.923346201524957, 32.513997224507456 ], [ 34.923321357970913, 32.513996938234541 ], [ 34.923296803700985, 32.514000153983417 ], [ 34.923273221529932, 32.514006782329197 ], [ 34.923251267240332, 32.514016638948263 ], [ 34.923231551346539, 32.514029449743752 ], [ 34.923214622117221, 32.514044858467763 ], [ 34.923200950329147, 32.514062436627931 ], [ 34.923295636900136, 32.514105173893597 ], [ 34.923323932976153, 32.514074946245401 ], [ 34.92334308875791, 32.514068301088322 ], [ 34.923363315377024, 32.514064575243623 ], [ 34.92338399828931, 32.514063881913437 ], [ 34.923404509087149, 32.514066242163153 ], [ 34.923424224592239, 32.514071584281524 ], [ 34.923442545789342, 32.514079745959229 ], [ 34.923458916026043, 32.514090479220457 ], [ 34.923472837925345, 32.514103457957006 ], [ 34.923483198275875, 32.514137324650825 ], [ 34.923514655645832, 32.514139907340265 ], [ 34.92352681358512, 32.514146136639141 ] ] ] ] } },
{ "type": "Feature", "properties": { "OBJECTID": 3551917, "LAYER_ID": 3552198, "GROUP_ID": 294548, "SCENARIO": null, "DEFQ": 0, "PLAN_NAME": null, "DATA_DATE": null, "MAVAT_CODE": 830, "MAVAT_NAME": "דרך מוצעת", "NAME": null, "LABEL": null, "NUM": "113", "LEGAL_AREA": 21.698, "TYPE_CODE": 0, "TYPE_NAME": null, "SOURCE_COD": 0, "HASAVA": 0, "STATUS": null, "PL_CHANGE": null, "ADDRESS": null, "PLACE_NO": 0, "CALC_AREA": 640.69372711000005, "OLD_MIG": null, "AGAM_ID": 3000330029.0, "SHAPE_AREA": 640.69372710599998, "SHAPE_LEN": 166.05420764 }, "geometry": { "type": "MultiPolygon", "coordinates": [ [ [ [ 34.922854789013698, 32.513665712344462 ], [ 34.922854742247758, 32.513665710030551 ], [ 34.922729689365909, 32.513630529848896 ], [ 34.922734539488609, 32.513632365670766 ], [ 34.92273896324749, 32.513634857448118 ], [ 34.922742838186039, 32.513637936204709 ], [ 34.922746057039951, 32.513641516715815 ], [ 34.922765757731476, 32.513667694757508 ], [ 34.922768293930417, 32.513670613129214 ], [ 34.922771267794452, 32.513673218042484 ], [ 34.922774625941528, 32.513675462738036 ], [ 34.922786637831877, 32.513679329064772 ], [ 34.92285408564387, 32.513702349653187 ], [ 34.922854119388425, 32.513702364066255 ], [ 34.92290691984315, 32.513724306152135 ], [ 34.922982502573149, 32.513756363901869 ], [ 34.923014459557791, 32.51377375871796 ], [ 34.923042478546741, 32.513795487562717 ], [ 34.923065750225916, 32.513820922812073 ], [ 34.92313176312642, 32.513832962363942 ], [ 34.923281091252868, 32.513860186268147 ], [ 34.923465229691679, 32.51389377190263 ], [ 34.92350573921388, 32.513901166338911 ], [ 34.923490118009873, 32.51386885218345 ], [ 34.923480574211794, 32.513834881578127 ], [ 34.923480009289868, 32.513831690351374 ], [ 34.923477420588576, 32.513794172225609 ], [ 34.923433918983726, 32.513785196990291 ], [ 34.922854789013698, 32.513665712344462 ] ] ] ] } },
{ "type": "Feature", "properties": { "OBJECTID": 3551919, "LAYER_ID": 3552198, "GROUP_ID": 294548, "SCENARIO": null, "DEFQ": 0, "PLAN_NAME": null, "DATA_DATE": null, "MAVAT_CODE": 820, "MAVAT_NAME": "דרך מאושרת", "NAME": null, "LABEL": null, "NUM": "119", "LEGAL_AREA": 11.5377, "TYPE_CODE": 0, "TYPE_NAME": null, "SOURCE_COD": 0, "HASAVA": 0, "STATUS": null, "PL_CHANGE": null, "ADDRESS": null, "PLACE_NO": 0, "CALC_AREA": 508.3276857, "OLD_MIG": null, "AGAM_ID": 3000330029.0, "SHAPE_AREA": 508.32768570299999, "SHAPE_LEN": 110.922118643 }, "geometry": { "type": "MultiPolygon", "coordinates": [ [ [ [ 34.926920461983428, 32.510133716483701 ], [ 34.92687378644419, 32.510396976653787 ], [ 34.92686672849117, 32.510427659831571 ], [ 34.926857452689234, 32.51045542850521 ], [ 34.926845586576277, 32.510482479935902 ], [ 34.926898628294836, 32.510551808620086 ], [ 34.926907107939435, 32.510563464942187 ], [ 34.926930147748656, 32.510595352670492 ], [ 34.926958968532688, 32.510551207820676 ], [ 34.926982347430801, 32.510504810420656 ], [ 34.927000042536079, 32.510456640571874 ], [ 34.927011870756225, 32.510407196715676 ], [ 34.92703780567912, 32.510260918916771 ], [ 34.926980470799734, 32.510196432166637 ], [ 34.926920461983428, 32.510133716483701 ] ] ] ] } },
{ "type": "Feature", "properties": { "OBJECTID": 3551920, "LAYER_ID": 3552198, "GROUP_ID": 294548, "SCENARIO": null, "DEFQ": 0, "PLAN_NAME": null, "DATA_DATE": null, "MAVAT_CODE": 820, "MAVAT_NAME": "דרך מאושרת", "NAME": null, "LABEL": null, "NUM": "102", "LEGAL_AREA": 11.5377, "TYPE_CODE": 0, "TYPE_NAME": null, "SOURCE_COD": 0, "HASAVA": 0, "STATUS": null, "PL_CHANGE": null, "ADDRESS": null, "PLACE_NO": 0, "CALC_AREA": 232.81955776000001, "OLD_MIG": null, "AGAM_ID": 3000330029.0, "SHAPE_AREA": 232.819557758, "SHAPE_LEN": 61.898313827199999 }, "geometry": { "type": "MultiPolygon", "coordinates": [ [ [ [ 34.924220999439598, 32.512280326385707 ], [ 34.924079315699693, 32.512197392032668 ], [ 34.923992106194085, 32.51228882273373 ], [ 34.924148908687719, 32.512380603983978 ], [ 34.924236173249831, 32.512289207969502 ], [ 34.924220999439598, 32.512280326385707 ] ] ] ] } },
{ "type": "Feature", "properties": { "OBJECTID": 3551921, "LAYER_ID": 3552198, "GROUP_ID": 294548, "SCENARIO": null, "DEFQ": 0, "PLAN_NAME": null, "DATA_DATE": null, "MAVAT_CODE": 830, "MAVAT_NAME": "דרך מוצעת", "NAME": null, "LABEL": null, "NUM": "118", "LEGAL_AREA": 21.698, "TYPE_CODE": 0, "TYPE_NAME": null, "SOURCE_COD": 0, "HASAVA": 0, "STATUS": null, "PL_CHANGE": null, "ADDRESS": null, "PLACE_NO": 0, "CALC_AREA": 1967.5090500599999, "OLD_MIG": null, "AGAM_ID": 3000330029.0, "SHAPE_AREA": 1967.5090500599999, "SHAPE_LEN": 307.82368486000001 }, "geometry": { "type": "MultiPolygon", "coordinates": [ [ [ [ 34.92460971817281, 32.510503571079568 ], [ 34.924012790239502, 32.510118751807035 ], [ 34.924000616242267, 32.51014819882316 ], [ 34.923973329203605, 32.510215005085513 ], [ 34.923957951925111, 32.510253356052985 ], [ 34.924021253532892, 32.510294163135804 ], [ 34.924141161123096, 32.510371465537467 ], [ 34.924737988836071, 32.510756216836029 ], [ 34.924939142819923, 32.510885893190981 ], [ 34.925253165396853, 32.510918374406536 ], [ 34.92460971817281, 32.510503571079568 ] ] ] ] } },
{ "type": "Feature", "properties": { "OBJECTID": 3551922, "LAYER_ID": 3552198, "GROUP_ID": 294548, "SCENARIO": null, "DEFQ": 0, "PLAN_NAME": null, "DATA_DATE": null, "MAVAT_CODE": 820, "MAVAT_NAME": "דרך מאושרת", "NAME": null, "LABEL": null, "NUM": "105", "LEGAL_AREA": 9.5197, "TYPE_CODE": 0, "TYPE_NAME": null, "SOURCE_COD": 0, "HASAVA": 0, "STATUS": null, "PL_CHANGE": null, "ADDRESS": null, "PLACE_NO": 0, "CALC_AREA": 3625.6675201600001, "OLD_MIG": null, "AGAM_ID": 3000330029.0, "SHAPE_AREA": 3625.6675201600001, "SHAPE_LEN": 494.35325267299999 }, "geometry": { "type": "MultiPolygon", "coordinates": [ [ [ [ 34.927621198347943, 32.507583497903362 ], [ 34.927709332232169, 32.507370794464613 ], [ 34.927684751703843, 32.507363479880709 ], [ 34.927657122501735, 32.507374373222859 ], [ 34.927455596252543, 32.507314417290438 ], [ 34.927419158986623, 32.507300517632487 ], [ 34.92738604403786, 32.507281567222002 ], [ 34.927357217134293, 32.507258118709373 ], [ 34.927328439711928, 32.507234656732507 ], [ 34.927135360294493, 32.507193106928661 ], [ 34.927128165452743, 32.50719403099361 ], [ 34.927121171457237, 32.507195733967237 ], [ 34.927089719703133, 32.507200511136347 ], [ 34.927057793230539, 32.507201614846522 ], [ 34.927025986759745, 32.507199024538046 ], [ 34.926994892775639, 32.507192788462753 ], [ 34.926987200325776, 32.507190765958605 ], [ 34.926967040918285, 32.507156885076 ], [ 34.925726861025346, 32.50688999456321 ], [ 34.925706706614221, 32.506884100981985 ], [ 34.925687990316916, 32.506875448078659 ], [ 34.92567123387726, 32.506864277065723 ], [ 34.925656904404725, 32.50685089935147 ], [ 34.925645401353009, 32.506835687859102 ], [ 34.925637045384725, 32.506819066630861 ], [ 34.925632069432616, 32.506801499007125 ], [ 34.925630612206341, 32.506783474710161 ], [ 34.925632714326021, 32.506765496192358 ], [ 34.925560493012256, 32.506755579679172 ], [ 34.925509821374739, 32.507020551622439 ], [ 34.925546369813851, 32.507021012937173 ], [ 34.925721733973774, 32.507037748133726 ], [ 34.925760490509248, 32.507046088475995 ], [ 34.92578324889157, 32.507044538931503 ], [ 34.925790965464344, 32.507046110831595 ], [ 34.925895053554576, 32.507067315489195 ], [ 34.925929995677528, 32.507082567186075 ], [ 34.927265098932459, 32.507369881709941 ], [ 34.927289753150674, 32.507377047777787 ], [ 34.927312702427663, 32.50738751813897 ], [ 34.927333334887152, 32.507401013631785 ], [ 34.927351100423422, 32.507417174438139 ], [ 34.927365525368153, 32.507435569676829 ], [ 34.927376225119531, 32.507455708891776 ], [ 34.92738291439673, 32.507477055128362 ], [ 34.927385414846313, 32.507499039249858 ], [ 34.927383659797769, 32.507521075111704 ], [ 34.927381511061654, 32.507533196789268 ], [ 34.927397300675615, 32.50752919345998 ], [ 34.927410154498673, 32.507527699631567 ], [ 34.927423128648527, 32.50752769265933 ], [ 34.927435984697333, 32.507529172671333 ], [ 34.927448486387604, 32.507532112469207 ], [ 34.927621198347943, 32.507583497903362 ] ] ] ] } },
{ "type": "Feature", "properties": { "OBJECTID": 3551923, "LAYER_ID": 3552198, "GROUP_ID": 294548, "SCENARIO": null, "DEFQ": 0, "PLAN_NAME": null, "DATA_DATE": null, "MAVAT_CODE": 830, "MAVAT_NAME": "דרך מוצעת", "NAME": null, "LABEL": null, "NUM": "107", "LEGAL_AREA": 4.2457, "TYPE_CODE": 0, "TYPE_NAME": null, "SOURCE_COD": 0, "HASAVA": 0, "STATUS": null, "PL_CHANGE": null, "ADDRESS": null, "PLACE_NO": 0, "CALC_AREA": 153.82325831, "OLD_MIG": null, "AGAM_ID": 3000330029.0, "SHAPE_AREA": 153.82325830600001, "SHAPE_LEN": 70.364845441699998 }, "geometry": { "type": "MultiPolygon", "coordinates": [ [ [ [ 34.925509821374739, 32.507020551622439 ], [ 34.925405146493127, 32.507019229809714 ], [ 34.925435051432558, 32.507034470082203 ], [ 34.925461950697553, 32.507053307790684 ], [ 34.925483372564464, 32.507068108231458 ], [ 34.925507338239093, 32.507079776619534 ], [ 34.925533216153063, 32.507088005457021 ], [ 34.925560324343984, 32.507092577888663 ], [ 34.925587948427363, 32.50709337341673 ], [ 34.925615360423201, 32.507090371076579 ], [ 34.925641837940702, 32.507083649989156 ], [ 34.925666683215809, 32.507073387275803 ], [ 34.925696390232176, 32.507060700622425 ], [ 34.925727853071308, 32.507051544641989 ], [ 34.925760490509248, 32.507046088475995 ], [ 34.925721733973774, 32.507037748133726 ], [ 34.925546369813851, 32.507021012937173 ], [ 34.925509821374739, 32.507020551622439 ] ] ] ] } },
{ "type": "Feature", "properties": { "OBJECTID": 3551918, "LAYER_ID": 3552198, "GROUP_ID": 294548, "SCENARIO": null, "DEFQ": 0, "PLAN_NAME": null, "DATA_DATE": null, "MAVAT_CODE": 820, "MAVAT_NAME": "דרך מאושרת", "NAME": null, "LABEL": null, "NUM": "117", "LEGAL_AREA": 11.5377, "TYPE_CODE": 0, "TYPE_NAME": null, "SOURCE_COD": 0, "HASAVA": 0, "STATUS": null, "PL_CHANGE": null, "ADDRESS": null, "PLACE_NO": 0, "CALC_AREA": 670.98959445000003, "OLD_MIG": null, "AGAM_ID": 3000330029.0, "SHAPE_AREA": 670.98959445499997, "SHAPE_LEN": 178.41902115799999 }, "geometry": { "type": "MultiPolygon", "coordinates": [ [ [ [ 34.925784182341573, 32.510973296585306 ], [ 34.925644165097182, 32.510958814852067 ], [ 34.925557634605418, 32.510949865565792 ], [ 34.925488540338343, 32.51101748649014 ], [ 34.925482157451292, 32.511022687790287 ], [ 34.925474844886686, 32.511026920060274 ], [ 34.925466805192961, 32.511030066071726 ], [ 34.92545826105917, 32.511032038684171 ], [ 34.925449449146733, 32.511032783258827 ], [ 34.925440613534235, 32.511032279171935 ], [ 34.925431998956753, 32.511030540386081 ], [ 34.925423844026902, 32.511027615063334 ], [ 34.925416374625613, 32.51102358423136 ], [ 34.925253161517688, 32.510918372729726 ], [ 34.924939142819923, 32.510885893190981 ], [ 34.925157344317263, 32.511026557289725 ], [ 34.925677878392271, 32.511080397701271 ], [ 34.925784182341573, 32.510973296585306 ] ] ] ] } },
{ "type": "Feature", "properties": { "OBJECTID": 3551924, "LAYER_ID": 3552198, "GROUP_ID": 294548, "SCENARIO": null, "DEFQ": 0, "PLAN_NAME": null, "DATA_DATE": null, "MAVAT_CODE": 400, "MAVAT_NAME": "מבנים ומוסדות ציבור", "NAME": null, "LABEL": "305", "NUM": "307", "LEGAL_AREA": 15.4731, "TYPE_CODE": 0, "TYPE_NAME": null, "SOURCE_COD": 0, "HASAVA": 0, "STATUS": null, "PL_CHANGE": null, "ADDRESS": null, "PLACE_NO": 0, "CALC_AREA": 12323.8657671, "OLD_MIG": null, "AGAM_ID": 3000330029.0, "SHAPE_AREA": 12323.865767, "SHAPE_LEN": 511.48028747400002 }, "geometry": { "type": "MultiPolygon", "coordinates": [ [ [ [ 34.926183255378128, 32.50987569682718 ], [ 34.926192454648181, 32.509843747387734 ], [ 34.9262075055628, 32.509813434323995 ], [ 34.926228028717119, 32.509785521759291 ], [ 34.92625350676488, 32.509760713305106 ], [ 34.926283297459982, 32.509739634324973 ], [ 34.926316649846129, 32.509722816170616 ], [ 34.926346623993616, 32.50970682156089 ], [ 34.926373218516133, 32.509686994986318 ], [ 34.926395757863112, 32.50966384008067 ], [ 34.926413669494721, 32.5096379450234 ], [ 34.926476729014198, 32.509518045307694 ], [ 34.926537703666249, 32.509397373835846 ], [ 34.924583513161849, 32.508771422697592 ], [ 34.924536468434425, 32.508851657170396 ], [ 34.92446043553938, 32.509045021435981 ], [ 34.924335905408846, 32.509340844188166 ], [ 34.925267434180874, 32.509611255110777 ], [ 34.926183255378128, 32.50987569682718 ] ] ] ] } },
{ "type": "Feature", "properties": { "OBJECTID": 3551925, "LAYER_ID": 3552198, "GROUP_ID": 294548, "SCENARIO": null, "DEFQ": 0, "PLAN_NAME": null, "DATA_DATE": null, "MAVAT_CODE": 100, "MAVAT_NAME": "מגורים ג'", "NAME": null, "LABEL": null, "NUM": "206", "LEGAL_AREA": 5.7728, "TYPE_CODE": 0, "TYPE_NAME": null, "SOURCE_COD": 0, "HASAVA": 0, "STATUS": null, "PL_CHANGE": null, "ADDRESS": null, "PLACE_NO": 0, "CALC_AREA": 5772.7915398799996, "OLD_MIG": null, "AGAM_ID": 3000330029.0, "SHAPE_AREA": 5772.7915398799996, "SHAPE_LEN": 295.82008617999998 }, "geometry": { "type": "MultiPolygon", "coordinates": [ [ [ [ 34.924733853858704, 32.514487355344201 ], [ 34.924724283009255, 32.51450587140728 ], [ 34.924717775578436, 32.514525318900198 ], [ 34.924714452682188, 32.514545335873102 ], [ 34.924714376167273, 32.514565549777046 ], [ 34.924723435491018, 32.514633567995233 ], [ 34.92474168511869, 32.514767564416239 ], [ 34.924749364349218, 32.514826083970455 ], [ 34.924760621358168, 32.514931984392447 ], [ 34.924766842868003, 32.515038182716978 ], [ 34.925591663411694, 32.515097455851375 ], [ 34.925663674930902, 32.514564214114174 ], [ 34.925664235939301, 32.514549644996698 ], [ 34.925662019084015, 32.514535189651738 ], [ 34.925657082297818, 32.514521225830357 ], [ 34.925649554591345, 32.514508118438826 ], [ 34.925639632681602, 32.514496210002868 ], [ 34.925627575851244, 32.514485811716568 ], [ 34.925613699172843, 32.514477195310391 ], [ 34.925598365275334, 32.514470585950228 ], [ 34.92558197486774, 32.514466156353258 ], [ 34.92556495626782, 32.514464022274694 ], [ 34.924872231763572, 32.514425216456701 ], [ 34.924848749298121, 32.514425651594422 ], [ 34.924825628293, 32.514429156279981 ], [ 34.924803424256339, 32.51443564630943 ], [ 34.92478267066523, 32.514444965752489 ], [ 34.924763866148645, 32.514456890699016 ], [ 34.924747462507298, 32.514471134638576 ], [ 34.924733853858704, 32.514487355344201 ] ] ] ] } },
{ "type": "Feature", "properties": { "OBJECTID": 3551926, "LAYER_ID": 3552198, "GROUP_ID": 294548, "SCENARIO": null, "DEFQ": 0, "PLAN_NAME": null, "DATA_DATE": null, "MAVAT_CODE": 820, "MAVAT_NAME": "דרך מאושרת", "NAME": null, "LABEL": null, "NUM": "106", "LEGAL_AREA": 11.5377, "TYPE_CODE": 0, "TYPE_NAME": null, "SOURCE_COD": 0, "HASAVA": 0, "STATUS": null, "PL_CHANGE": null, "ADDRESS": null, "PLACE_NO": 0, "CALC_AREA": 1044.23849307, "OLD_MIG": null, "AGAM_ID": 3000330029.0, "SHAPE_AREA": 1044.23849307, "SHAPE_LEN": 251.69491889899999 }, "geometry": { "type": "MultiPolygon", "coordinates": [ [ [ [ 34.923505163750391, 32.51362566309048 ], [ 34.923507029531756, 32.513620370485498 ], [ 34.92352686966597, 32.513553009143855 ], [ 34.923541509655138, 32.513484699001253 ], [ 34.923555317224839, 32.513433123504974 ], [ 34.923486755762383, 32.513489761256245 ], [ 34.923450702157766, 32.513513774731024 ], [ 34.92341158076524, 32.513534049798309 ], [ 34.923369928773269, 32.513550308053702 ], [ 34.923326318119919, 32.513562326249023 ], [ 34.923310410338921, 32.513609599877711 ], [ 34.923291243462785, 32.513655997387112 ], [ 34.923286117656261, 32.513665080994286 ], [ 34.923279352446713, 32.513673358468175 ], [ 34.923271119967787, 32.513680619196663 ], [ 34.923261629686458, 32.513686678437686 ], [ 34.923251123073413, 32.513691382019815 ], [ 34.923239867459024, 32.513694610264956 ], [ 34.923228149231441, 32.513696281033589 ], [ 34.923216266549524, 32.513696351814602 ], [ 34.923204521756645, 32.513694820807075 ], [ 34.923193213687618, 32.513691726965988 ], [ 34.923182630065213, 32.513687149011147 ], [ 34.923101096935333, 32.513646723549677 ], [ 34.923017507434309, 32.513609434949473 ], [ 34.922932029554836, 32.513575358149609 ], [ 34.922909734537662, 32.513567111571533 ], [ 34.92285685788471, 32.513547554035185 ], [ 34.922856857857163, 32.513547562872084 ], [ 34.922757982191989, 32.513517428944809 ], [ 34.922657602072135, 32.513491107185459 ], [ 34.922555922105033, 32.513468651246036 ], [ 34.922535928364816, 32.513464829819796 ], [ 34.92250032574821, 32.513605234447418 ], [ 34.92250479159388, 32.513604960287275 ], [ 34.922509168244616, 32.513604159415316 ], [ 34.922513369605532, 32.513602847585844 ], [ 34.922517313029871, 32.513601050604422 ], [ 34.922536239652665, 32.51359091990188 ], [ 34.922540822484429, 32.513588886395823 ], [ 34.922545732752795, 32.513587506702891 ], [ 34.922550841538921, 32.513586817046821 ], [ 34.92255601471188, 32.513586835534483 ], [ 34.922561116450304, 32.513587561680545 ], [ 34.922645734858015, 32.513608110775643 ], [ 34.922729689365909, 32.513630529848896 ], [ 34.922854742247758, 32.513665710030551 ], [ 34.922854789013698, 32.513665712344462 ], [ 34.923065001353223, 32.513701829732227 ], [ 34.923130213288054, 32.513708798628727 ], [ 34.923195932915924, 32.513709716887327 ], [ 34.923261380581707, 32.513704573614376 ], [ 34.923325779856768, 32.513693429826255 ], [ 34.923388366750544, 32.513676417725478 ], [ 34.923448398774397, 32.513653739132323 ], [ 34.923505163750391, 32.51362566309048 ] ] ] ] } },
{ "type": "Feature", "properties": { "OBJECTID": 3551927, "LAYER_ID": 3552198, "GROUP_ID": 294548, "SCENARIO": null, "DEFQ": 0, "PLAN_NAME": null, "DATA_DATE": null, "MAVAT_CODE": 820, "MAVAT_NAME": "דרך מאושרת", "NAME": null, "LABEL": null, "NUM": "121", "LEGAL_AREA": 9.5197, "TYPE_CODE": 0, "TYPE_NAME": null, "SOURCE_COD": 0, "HASAVA": 0, "STATUS": null, "PL_CHANGE": null, "ADDRESS": null, "PLACE_NO": 0, "CALC_AREA": 7218.6423882899999, "OLD_MIG": null, "AGAM_ID": 3000330029.0, "SHAPE_AREA": 7218.6423882899999, "SHAPE_LEN": 841.73344837399998 }, "geometry": { "type": "MultiPolygon", "coordinates": [ [ [ [ 34.925509821374739, 32.507020551622439 ], [ 34.925560493012256, 32.506755579679172 ], [ 34.925632714326021, 32.506765496192358 ], [ 34.925862818172881, 32.505707963675214 ], [ 34.926025596695283, 32.505095801653987 ], [ 34.926040346837091, 32.505053791464739 ], [ 34.926061640995059, 32.505013847968691 ], [ 34.926089090964304, 32.504976699343437 ], [ 34.926122196320108, 32.504943022814665 ], [ 34.926160353541071, 32.504913432310495 ], [ 34.926202867011682, 32.504888467269659 ], [ 34.926248961703422, 32.504868582807724 ], [ 34.926278231042716, 32.504848786166988 ], [ 34.926750270871267, 32.50482186032712 ], [ 34.927029258496034, 32.504806004604639 ], [ 34.926926585945473, 32.504791161404285 ], [ 34.926909357004398, 32.504632501197825 ], [ 34.926740011752287, 32.50464212953753 ], [ 34.926227512412197, 32.504671252694301 ], [ 34.925941644981336, 32.504702925663445 ], [ 34.925784864065243, 32.504720297867799 ], [ 34.925442312166268, 32.504733964744929 ], [ 34.925453854140912, 32.504897889519036 ], [ 34.925664779984871, 32.504888268061926 ], [ 34.925694718024566, 32.504892601558602 ], [ 34.925723376265331, 32.504901123772534 ], [ 34.925749944703753, 32.50491359382989 ], [ 34.925773672402258, 32.504929659274083 ], [ 34.925793888713578, 32.504948866027362 ], [ 34.925810022236142, 32.504970671225031 ], [ 34.925821616964413, 32.504994458558741 ], [ 34.925828345177742, 32.505019555696045 ], [ 34.925830016703628, 32.505045253283228 ], [ 34.925826584293169, 32.505070824994647 ], [ 34.92581360605412, 32.505144126974599 ], [ 34.925683911873712, 32.505702088516358 ], [ 34.92566347004697, 32.505808851532159 ], [ 34.925657956049356, 32.505834868687408 ], [ 34.925620802794789, 32.506010133882555 ], [ 34.925456316372333, 32.506786097567506 ], [ 34.925452856871402, 32.506791540292127 ], [ 34.925448355651078, 32.506796405340772 ], [ 34.925442943790728, 32.506800551038921 ], [ 34.925436778888404, 32.506803856660206 ], [ 34.925418797980313, 32.506814352660754 ], [ 34.925402610647566, 32.506826769168789 ], [ 34.925388500531994, 32.506840888617113 ], [ 34.925376714877935, 32.506856463598922 ], [ 34.92537084932713, 32.506863936102647 ], [ 34.92536360670605, 32.506870484168296 ], [ 34.925355186303733, 32.506875927617976 ], [ 34.925345819817494, 32.506880116668704 ], [ 34.925335764977333, 32.506882936053664 ], [ 34.925325298454275, 32.50688430819411 ], [ 34.925314708247313, 32.506884195333967 ], [ 34.925191886432707, 32.50687421261712 ], [ 34.925153895404954, 32.506871677484703 ], [ 34.925143076028576, 32.506999587854345 ], [ 34.925375299898704, 32.507008606363641 ], [ 34.925405146493127, 32.507019229809714 ], [ 34.925509821374739, 32.507020551622439 ] ] ] ] } },
{ "type": "Feature", "properties": { "OBJECTID": 3551928, "LAYER_ID": 3552198, "GROUP_ID": 294548, "SCENARIO": null, "DEFQ": 0, "PLAN_NAME": null, "DATA_DATE": null, "MAVAT_CODE": 280, "MAVAT_NAME": "מתקנים הנדסיים", "NAME": null, "LABEL": null, "NUM": "403", "LEGAL_AREA": 4.5486, "TYPE_CODE": 0, "TYPE_NAME": null, "SOURCE_COD": 0, "HASAVA": 0, "STATUS": null, "PL_CHANGE": null, "ADDRESS": null, "PLACE_NO": 0, "CALC_AREA": 79.99971438, "OLD_MIG": null, "AGAM_ID": 3000330029.0, "SHAPE_AREA": 79.999714384900003, "SHAPE_LEN": 35.999903858000003 }, "geometry": { "type": "MultiPolygon", "coordinates": [ [ [ [ 34.924760195021229, 32.511882082098744 ], [ 34.92482280079539, 32.511930971116229 ], [ 34.924894921056485, 32.511864664444538 ], [ 34.9248323178943, 32.511815776009293 ], [ 34.924760195021229, 32.511882082098744 ] ] ] ] } },
{ "type": "Feature", "properties": { "OBJECTID": 3551929, "LAYER_ID": 3552198, "GROUP_ID": 294548, "SCENARIO": null, "DEFQ": 0, "PLAN_NAME": null, "DATA_DATE": null, "MAVAT_CODE": 280, "MAVAT_NAME": "מתקנים הנדסיים", "NAME": null, "LABEL": null, "NUM": "408", "LEGAL_AREA": 4.5486, "TYPE_CODE": 0, "TYPE_NAME": null, "SOURCE_COD": 0, "HASAVA": 0, "STATUS": null, "PL_CHANGE": null, "ADDRESS": null, "PLACE_NO": 0, "CALC_AREA": 80.2750956, "OLD_MIG": null, "AGAM_ID": 3000330029.0, "SHAPE_AREA": 80.275095604499995, "SHAPE_LEN": 36.069241299799998 }, "geometry": { "type": "MultiPolygon", "coordinates": [ [ [ [ 34.92580086979104, 32.515378157240498 ], [ 34.925716210824874, 32.515370528682986 ], [ 34.925704033614636, 32.515460108506311 ], [ 34.925788614745606, 32.515468362701313 ], [ 34.92580086979104, 32.515378157240498 ] ] ] ] } },
{ "type": "Feature", "properties": { "OBJECTID": 3551930, "LAYER_ID": 3552198, "GROUP_ID": 294548, "SCENARIO": null, "DEFQ": 0, "PLAN_NAME": null, "DATA_DATE": null, "MAVAT_CODE": 280, "MAVAT_NAME": "מתקנים הנדסיים", "NAME": null, "LABEL": null, "NUM": "407", "LEGAL_AREA": 4.5486, "TYPE_CODE": 0, "TYPE_NAME": null, "SOURCE_COD": 0, "HASAVA": 0, "STATUS": null, "PL_CHANGE": null, "ADDRESS": null, "PLACE_NO": 0, "CALC_AREA": 91.76381878, "OLD_MIG": null, "AGAM_ID": 3000330029.0, "SHAPE_AREA": 91.763818783199994, "SHAPE_LEN": 38.721466206800002 }, "geometry": { "type": "MultiPolygon", "coordinates": [ [ [ [ 34.926508252485135, 32.512008105916664 ], [ 34.926413889662619, 32.511930878725884 ], [ 34.926396464030397, 32.511951312119116 ], [ 34.926382595859117, 32.511973615723697 ], [ 34.926372559746511, 32.511997347919809 ], [ 34.926449105609038, 32.512059992692521 ], [ 34.926508252485135, 32.512008105916664 ] ] ] ] } },
{ "type": "Feature", "properties": { "OBJECTID": 3551931, "LAYER_ID": 3552198, "GROUP_ID": 294548, "SCENARIO": null, "DEFQ": 0, "PLAN_NAME": null, "DATA_DATE": null, "MAVAT_CODE": 280, "MAVAT_NAME": "מתקנים הנדסיים", "NAME": null, "LABEL": null, "NUM": "404", "LEGAL_AREA": 4.5486, "TYPE_CODE": 0, "TYPE_NAME": null, "SOURCE_COD": 0, "HASAVA": 0, "STATUS": null, "PL_CHANGE": null, "ADDRESS": null, "PLACE_NO": 0, "CALC_AREA": 85.23126736, "OLD_MIG": null, "AGAM_ID": 3000330029.0, "SHAPE_AREA": 85.2312673606, "SHAPE_LEN": 37.038665871699997 }, "geometry": { "type": "MultiPolygon", "coordinates": [ [ [ [ 34.926790114755669, 32.510415777165953 ], [ 34.926717879479419, 32.510469629790251 ], [ 34.926788332359777, 32.510537324911965 ], [ 34.926851599453215, 32.510490048137683 ], [ 34.926845586576277, 32.510482479935902 ], [ 34.926790114755669, 32.510415777165953 ] ] ] ] } },
{ "type": "Feature", "properties": { "OBJECTID": 3551932, "LAYER_ID": 3552198, "GROUP_ID": 294548, "SCENARIO": null, "DEFQ": 0, "PLAN_NAME": null, "DATA_DATE": null, "MAVAT_CODE": 280, "MAVAT_NAME": "מתקנים הנדסיים", "NAME": null, "LABEL": null, "NUM": "401", "LEGAL_AREA": 4.5486, "TYPE_CODE": 0, "TYPE_NAME": null, "SOURCE_COD": 0, "HASAVA": 0, "STATUS": null, "PL_CHANGE": null, "ADDRESS": null, "PLACE_NO": 0, "CALC_AREA": 91.05459324, "OLD_MIG": null, "AGAM_ID": 3000330029.0, "SHAPE_AREA": 91.054593238500004, "SHAPE_LEN": 39.227641757699999 }, "geometry": { "type": "MultiPolygon", "coordinates": [ [ [ [ 34.923169881990432, 32.512582725003455 ], [ 34.923155777413669, 32.512642674813058 ], [ 34.923152270222417, 32.512657572731726 ], [ 34.923244124312205, 32.512703111745886 ], [ 34.923287121514363, 32.512640847226656 ], [ 34.923252245128609, 32.512623557442765 ], [ 34.923169881990432, 32.512582725003455 ] ] ] ] } },
{ "type": "Feature", "properties": { "OBJECTID": 3551933, "LAYER_ID": 3552198, "GROUP_ID": 294548, "SCENARIO": null, "DEFQ": 0, "PLAN_NAME": null, "DATA_DATE": null, "MAVAT_CODE": 670, "MAVAT_NAME": "שטח ציבורי פתוח", "NAME": null, "LABEL": null, "NUM": "312", "LEGAL_AREA": 28.5055, "TYPE_CODE": 0, "TYPE_NAME": null, "SOURCE_COD": 0, "HASAVA": 0, "STATUS": null, "PL_CHANGE": null, "ADDRESS": null, "PLACE_NO": 0, "CALC_AREA": 29014.104603700001, "OLD_MIG": null, "AGAM_ID": 3000330029.0, "SHAPE_AREA": 29014.104603700001, "SHAPE_LEN": 1550.5955213100001 }, "geometry": { "type": "MultiPolygon", "coordinates": [ [ [ [ 34.926906542975892, 32.511287143261491 ], [ 34.926855249892846, 32.511229055963902 ], [ 34.926940458887884, 32.51117503543967 ], [ 34.926991463274689, 32.511232794016408 ], [ 34.927044577015728, 32.511203647420238 ], [ 34.927099464212766, 32.511176963951556 ], [ 34.927124331650226, 32.511163661263446 ], [ 34.927146797674155, 32.511147581135894 ], [ 34.927166433383803, 32.511129030556965 ], [ 34.927182863913025, 32.511108363678247 ], [ 34.927160359917622, 32.511107111539381 ], [ 34.926632748849187, 32.511077730671978 ], [ 34.926560281793776, 32.51113705227683 ], [ 34.926496349705715, 32.511191887865152 ], [ 34.926420531234179, 32.511261840708343 ], [ 34.926391988096228, 32.51129093814744 ], [ 34.926365766498506, 32.511321563987892 ], [ 34.926360681279611, 32.511327876009446 ], [ 34.9263260440406, 32.511367756415737 ], [ 34.926288592463543, 32.511405766753747 ], [ 34.926282771648111, 32.511411129966739 ], [ 34.92613861754527, 32.511539973935747 ], [ 34.924753702676746, 32.512658585075428 ], [ 34.924753700122629, 32.512658585069744 ], [ 34.924753698148791, 32.512658586688474 ], [ 34.924652268126763, 32.512745330737815 ], [ 34.924556850627752, 32.512836841727598 ], [ 34.924467757170994, 32.512932820910216 ], [ 34.924385278632897, 32.513032954950127 ], [ 34.924309684297484, 32.513136916946777 ], [ 34.924241220977009, 32.513244367501684 ], [ 34.924180112205889, 32.513354955826195 ], [ 34.92412655751086, 32.513468320886702 ], [ 34.924080731759176, 32.513584092583152 ], [ 34.924042784587428, 32.513701892957208 ], [ 34.924012839912663, 32.513821337426066 ], [ 34.923990995527447, 32.513942036037939 ], [ 34.923977322780239, 32.514063594745046 ], [ 34.923971866341986, 32.514185616690149 ], [ 34.923974644059896, 32.514307703501999 ], [ 34.923985646898736, 32.514429456596019 ], [ 34.924004838969829, 32.514550478475556 ], [ 34.924070538999239, 32.514890799536971 ], [ 34.924073215010196, 32.514904889010701 ], [ 34.924094872579658, 32.51504258177151 ], [ 34.924108508170313, 32.515181010632809 ], [ 34.924114088715733, 32.515319840278821 ], [ 34.924111600660979, 32.515458734421443 ], [ 34.924101049995748, 32.515597356614805 ], [ 34.924082462240186, 32.515735371070242 ], [ 34.924055882383492, 32.515872443469782 ], [ 34.924021374775258, 32.516008241775857 ], [ 34.923870618808792, 32.516350584982405 ], [ 34.923861732441729, 32.516380546192565 ], [ 34.92383717086016, 32.516467024915677 ], [ 34.923827647784961, 32.51650495429157 ], [ 34.923822559434115, 32.516543491993282 ], [ 34.924169121197984, 32.516608191401296 ], [ 34.924256670678602, 32.516621001481781 ], [ 34.924287093038494, 32.516620708943549 ], [ 34.924317053270101, 32.516616223683613 ], [ 34.924345751875919, 32.516607665392449 ], [ 34.92437242302578, 32.516595262450515 ], [ 34.924396354993561, 32.516579345833733 ], [ 34.924416909149805, 32.516560340281259 ], [ 34.924433537003964, 32.516538752961075 ], [ 34.924445794840736, 32.516515159935821 ], [ 34.924453355560644, 32.516490190790464 ], [ 34.924472577512077, 32.516394953001132 ], [ 34.924414560205314, 32.516386673950699 ], [ 34.924388875577677, 32.516383007964279 ], [ 34.924408062862582, 32.516299806774299 ], [ 34.924409649927938, 32.516293274604344 ], [ 34.924435202241852, 32.516297490122597 ], [ 34.924462362077278, 32.516178829735409 ], [ 34.924486432840894, 32.516059691598684 ], [ 34.924514461040559, 32.515906519227315 ], [ 34.924534785008973, 32.515752476374836 ], [ 34.924559023820336, 32.515554173091594 ], [ 34.924573398643929, 32.515405017547089 ], [ 34.924580113601714, 32.515255473741355 ], [ 34.924579156057185, 32.515105823939578 ], [ 34.924570527855828, 32.514956350605665 ], [ 34.924554245321289, 32.514807335868959 ], [ 34.924516100359128, 32.514525166030339 ], [ 34.924507478760077, 32.514486518209203 ], [ 34.924492333876316, 32.514449338212209 ], [ 34.924470985878777, 32.514414412025161 ], [ 34.92445788414993, 32.514392437584249 ], [ 34.92444923843712, 32.514368933397478 ], [ 34.924445285453096, 32.514344543000526 ], [ 34.924446133425157, 32.514319934192592 ], [ 34.924451759132317, 32.514295780752363 ], [ 34.924462008541511, 32.514272743990219 ], [ 34.924476601025283, 32.514251454641936 ], [ 34.924501899420363, 32.51421492124485 ], [ 34.924520157084324, 32.51417548966289 ], [ 34.924530926399214, 32.514134126649189 ], [ 34.92453394334197, 32.514091846308943 ], [ 34.924535643782434, 32.513979390388357 ], [ 34.924545508550288, 32.513867236267181 ], [ 34.924563500221993, 32.5137558090751 ], [ 34.92458955056896, 32.513645531184856 ], [ 34.924623560816599, 32.513536820611222 ], [ 34.924665402019173, 32.513430089426386 ], [ 34.924714915548982, 32.513325742198212 ], [ 34.924771913698009, 32.513224174456752 ], [ 34.924836180389761, 32.513125771195071 ], [ 34.924907471998687, 32.513030905410027 ], [ 34.924985518273864, 32.512939936688646 ], [ 34.925070023363567, 32.512853209845083 ], [ 34.925160666936939, 32.512771053613946 ], [ 34.925257105398295, 32.512693779404188 ], [ 34.925405472027741, 32.512577580274808 ], [ 34.92554840898697, 32.512456593681378 ], [ 34.925939387377532, 32.512111972154692 ], [ 34.925962913977521, 32.512087650871734 ], [ 34.92598221733283, 32.512060792195491 ], [ 34.925996921816562, 32.512031918778327 ], [ 34.92600674129379, 32.512001592477624 ], [ 34.926015216044867, 32.511976822986902 ], [ 34.92602847137735, 32.511953607797786 ], [ 34.926046132125911, 32.511932603962968 ], [ 34.926067698441081, 32.511914405947472 ], [ 34.926092559936407, 32.51189952880376 ], [ 34.926120012964148, 32.511888393594496 ], [ 34.926149280530325, 32.511881315475605 ], [ 34.926189413247414, 32.511872653639657 ], [ 34.926228163038786, 32.511860270273033 ], [ 34.926483366881506, 32.511640641965769 ], [ 34.926827383217734, 32.511348096953867 ], [ 34.926850125152079, 32.511329423971326 ], [ 34.926906542975892, 32.511287143261491 ] ] ] ] } },
{ "type": "Feature", "properties": { "OBJECTID": 3551934, "LAYER_ID": 3552198, "GROUP_ID": 294548, "SCENARIO": null, "DEFQ": 0, "PLAN_NAME": null, "DATA_DATE": null, "MAVAT_CODE": 280, "MAVAT_NAME": "מתקנים הנדסיים", "NAME": null, "LABEL": null, "NUM": "406", "LEGAL_AREA": 4.5486, "TYPE_CODE": 0, "TYPE_NAME": null, "SOURCE_COD": 0, "HASAVA": 0, "STATUS": null, "PL_CHANGE": null, "ADDRESS": null, "PLACE_NO": 0, "CALC_AREA": 79.47771618, "OLD_MIG": null, "AGAM_ID": 3000330029.0, "SHAPE_AREA": 79.477716181900007, "SHAPE_LEN": 36.048714369499997 }, "geometry": { "type": "MultiPolygon", "coordinates": [ [ [ [ 34.926855249892846, 32.511229055963902 ], [ 34.926906542975892, 32.511287143261491 ], [ 34.926948277162424, 32.511259154237251 ], [ 34.926991463274689, 32.511232794016408 ], [ 34.926940458887884, 32.51117503543967 ], [ 34.926855249892846, 32.511229055963902 ] ] ] ] } },
{ "type": "Feature", "properties": { "OBJECTID": 3551935, "LAYER_ID": 3552198, "GROUP_ID": 294548, "SCENARIO": null, "DEFQ": 0, "PLAN_NAME": null, "DATA_DATE": null, "MAVAT_CODE": 280, "MAVAT_NAME": "מתקנים הנדסיים", "NAME": null, "LABEL": null, "NUM": "405", "LEGAL_AREA": 4.5486, "TYPE_CODE": 0, "TYPE_NAME": null, "SOURCE_COD": 0, "HASAVA": 0, "STATUS": null, "PL_CHANGE": null, "ADDRESS": null, "PLACE_NO": 0, "CALC_AREA": 80.00918409000001, "OLD_MIG": null, "AGAM_ID": 3000330029.0, "SHAPE_AREA": 80.009184094000005, "SHAPE_LEN": 36.0135554915 }, "geometry": { "type": "MultiPolygon", "coordinates": [ [ [ [ 34.924435202241852, 32.516297490122597 ], [ 34.924409649927938, 32.516293274604344 ], [ 34.924408062862582, 32.516299806774299 ], [ 34.924388875577677, 32.516383007964279 ], [ 34.924414560205314, 32.516386673950699 ], [ 34.924472577512077, 32.516394953001132 ], [ 34.924492794783397, 32.516306992769223 ], [ 34.924435202241852, 32.516297490122597 ] ] ] ] } },
{ "type": "Feature", "properties": { "OBJECTID": 3551936, "LAYER_ID": 3552198, "GROUP_ID": 294548, "SCENARIO": null, "DEFQ": 0, "PLAN_NAME": null, "DATA_DATE": null, "MAVAT_CODE": 670, "MAVAT_NAME": "שטח ציבורי פתוח", "NAME": null, "LABEL": null, "NUM": "3143", "LEGAL_AREA": 18.9783, "TYPE_CODE": 0, "TYPE_NAME": null, "SOURCE_COD": 0, "HASAVA": 0, "STATUS": null, "PL_CHANGE": null, "ADDRESS": null, "PLACE_NO": 0, "CALC_AREA": 349.25014918, "OLD_MIG": null, "AGAM_ID": 3000330029.0, "SHAPE_AREA": 349.25014918099998, "SHAPE_LEN": 146.41849794300001 }, "geometry": { "type": "MultiPolygon", "coordinates": [ [ [ [ 34.9260768483459, 32.511254653581915 ], [ 34.926074999972379, 32.511255639639558 ], [ 34.925996063228887, 32.511297790341708 ], [ 34.925800518345774, 32.511398860105565 ], [ 34.925568206054464, 32.511605026084709 ], [ 34.925528152594808, 32.51170940091319 ], [ 34.925942584063662, 32.511374656581069 ], [ 34.925995685782091, 32.511327112295547 ], [ 34.9260768483459, 32.511254653581915 ] ] ] ] } },
{ "type": "Feature", "properties": { "OBJECTID": 3551937, "LAYER_ID": 3552198, "GROUP_ID": 294548, "SCENARIO": null, "DEFQ": 0, "PLAN_NAME": null, "DATA_DATE": null, "MAVAT_CODE": 830, "MAVAT_NAME": "דרך מוצעת", "NAME": null, "LABEL": null, "NUM": "124", "LEGAL_AREA": 4.2457, "TYPE_CODE": 0, "TYPE_NAME": null, "SOURCE_COD": 0, "HASAVA": 0, "STATUS": null, "PL_CHANGE": null, "ADDRESS": null, "PLACE_NO": 0, "CALC_AREA": 25.93523904, "OLD_MIG": null, "AGAM_ID": 3000330029.0, "SHAPE_AREA": 25.935239036700001, "SHAPE_LEN": 38.037835283299998 }, "geometry": { "type": "MultiPolygon", "coordinates": [ [ [ [ 34.927135360294493, 32.507193106928661 ], [ 34.927215898454627, 32.507210438991208 ], [ 34.927247902146611, 32.507217324743245 ], [ 34.927328439711928, 32.507234656732507 ], [ 34.927294437605362, 32.507215147056527 ], [ 34.927256975454, 32.50720089642769 ], [ 34.927217174975262, 32.5071923315476 ], [ 34.927176227901022, 32.507189708871316 ], [ 34.927135360294493, 32.507193106928661 ] ] ] ] } },
{ "type": "Feature", "properties": { "OBJECTID": 3551938, "LAYER_ID": 3552198, "GROUP_ID": 294548, "SCENARIO": null, "DEFQ": 0, "PLAN_NAME": null, "DATA_DATE": null, "MAVAT_CODE": 830, "MAVAT_NAME": "דרך מוצעת", "NAME": null, "LABEL": null, "NUM": "123", "LEGAL_AREA": 4.2457, "TYPE_CODE": 0, "TYPE_NAME": null, "SOURCE_COD": 0, "HASAVA": 0, "STATUS": null, "PL_CHANGE": null, "ADDRESS": null, "PLACE_NO": 0, "CALC_AREA": 2794.3883867099998, "OLD_MIG": null, "AGAM_ID": 3000330029.0, "SHAPE_AREA": 2794.3883867099998, "SHAPE_LEN": 719.12223909500005 }, "geometry": { "type": "MultiPolygon", "coordinates": [ [ [ [ 34.926768230976265, 32.507086021220751 ], [ 34.925898384353196, 32.506857442719813 ], [ 34.92589744397646, 32.506862252553674 ], [ 34.925720551755063, 32.506837333474884 ], [ 34.925783367593993, 32.506516816533761 ], [ 34.925804853700932, 32.506519839964419 ], [ 34.925830368920508, 32.50638986675218 ], [ 34.925795692506384, 32.506385010563456 ], [ 34.925823695021435, 32.506241877380496 ], [ 34.925830396103585, 32.506242883987895 ], [ 34.925833748269994, 32.506225578278247 ], [ 34.925866922864003, 32.506230256150523 ], [ 34.926101397165681, 32.505222816270731 ], [ 34.926129114306399, 32.505103718814077 ], [ 34.926149205406553, 32.505017399109555 ], [ 34.926163150309726, 32.504975547242722 ], [ 34.926184829062805, 32.504936129659264 ], [ 34.926213681408434, 32.504900165034641 ], [ 34.926248961703422, 32.504868582807724 ], [ 34.926202867011682, 32.504888467269659 ], [ 34.926160353541071, 32.504913432310495 ], [ 34.926122196320108, 32.504943022814665 ], [ 34.926089090964304, 32.504976699343437 ], [ 34.926061640995059, 32.505013847968691 ], [ 34.926040346837091, 32.505053791464739 ], [ 34.926025596695283, 32.505095801653987 ], [ 34.925862818172881, 32.505707963675214 ], [ 34.925632714326021, 32.506765496192358 ], [ 34.925630612206341, 32.506783474710161 ], [ 34.925632069432616, 32.506801499007125 ], [ 34.925637045384725, 32.506819066630861 ], [ 34.925645401353009, 32.506835687859102 ], [ 34.925656904404725, 32.50685089935147 ], [ 34.92567123387726, 32.506864277065723 ], [ 34.925687990316916, 32.506875448078659 ], [ 34.925706706614221, 32.506884100981985 ], [ 34.925726861025346, 32.50688999456321 ], [ 34.926967040918285, 32.507156885076 ], [ 34.926958520434624, 32.507142566477597 ], [ 34.926952764337734, 32.507140923587379 ], [ 34.926768230976265, 32.507086021220751 ] ] ] ] } },
{ "type": "Feature", "properties": { "OBJECTID": 3551939, "LAYER_ID": 3552198, "GROUP_ID": 294548, "SCENARIO": null, "DEFQ": 0, "PLAN_NAME": null, "DATA_DATE": null, "MAVAT_CODE": 280, "MAVAT_NAME": "מתקנים הנדסיים", "NAME": null, "LABEL": null, "NUM": "409", "LEGAL_AREA": 4.5486, "TYPE_CODE": 0, "TYPE_NAME": null, "SOURCE_COD": 0, "HASAVA": 0, "STATUS": null, "PL_CHANGE": null, "ADDRESS": null, "PLACE_NO": 0, "CALC_AREA": 83.25520687, "OLD_MIG": null, "AGAM_ID": 3000330029.0, "SHAPE_AREA": 83.255206874699994, "SHAPE_LEN": 36.672248595900001 }, "geometry": { "type": "MultiPolygon", "coordinates": [ [ [ [ 34.926465142494671, 32.514333706779993 ], [ 34.926548081881215, 32.514338351848231 ], [ 34.926556839104229, 32.514282036099551 ], [ 34.92656201390934, 32.514248763130254 ], [ 34.926470147206686, 32.514243616779282 ], [ 34.926463127218241, 32.514333593894413 ], [ 34.926465142494671, 32.514333706779993 ] ] ] ] } },
{ "type": "Feature", "properties": { "OBJECTID": 3551940, "LAYER_ID": 3552198, "GROUP_ID": 294548, "SCENARIO": null, "DEFQ": 0, "PLAN_NAME": null, "DATA_DATE": null, "MAVAT_CODE": 400, "MAVAT_NAME": "מבנים ומוסדות ציבור", "NAME": null, "LABEL": "303", "NUM": "300", "LEGAL_AREA": 24.2166, "TYPE_CODE": 0, "TYPE_NAME": null, "SOURCE_COD": 0, "HASAVA": 0, "STATUS": null, "PL_CHANGE": null, "ADDRESS": null, "PLACE_NO": 0, "CALC_AREA": 24231.821769099999, "OLD_MIG": null, "AGAM_ID": 3000330029.0, "SHAPE_AREA": 24231.821769099999, "SHAPE_LEN": 653.01272653399997 }, "geometry": { "type": "MultiPolygon", "coordinates": [ [ [ [ 34.926463127218241, 32.514333593894413 ], [ 34.926470147206686, 32.514243616779282 ], [ 34.92656201390934, 32.514248763130254 ], [ 34.926573101031885, 32.514177458713711 ], [ 34.926642940839017, 32.513728346505623 ], [ 34.926790362662928, 32.512749247351245 ], [ 34.92661493192572, 32.512734659371525 ], [ 34.926103205323543, 32.512315494500136 ], [ 34.926054671494285, 32.512275742085357 ], [ 34.926051814830444, 32.512279309914184 ], [ 34.925879506453406, 32.512499084523228 ], [ 34.925802500923616, 32.512570309530176 ], [ 34.925755462422657, 32.512611591233927 ], [ 34.925585242243841, 32.512755002436862 ], [ 34.925434650112784, 32.512881875842844 ], [ 34.925311370871462, 32.512985737998008 ], [ 34.925195344329317, 32.513083489941799 ], [ 34.925161450075159, 32.513112046226496 ], [ 34.925380547190095, 32.513298748991403 ], [ 34.925329698249278, 32.51367266932661 ], [ 34.92524915891736, 32.514264908543083 ], [ 34.925949654806978, 32.51430483297834 ], [ 34.926463127218241, 32.514333593894413 ] ] ] ] } },
{ "type": "Feature", "properties": { "OBJECTID": 3551941, "LAYER_ID": 3552198, "GROUP_ID": 294548, "SCENARIO": null, "DEFQ": 0, "PLAN_NAME": null, "DATA_DATE": null, "MAVAT_CODE": 670, "MAVAT_NAME": "שטח ציבורי פתוח", "NAME": null, "LABEL": null, "NUM": "304", "LEGAL_AREA": 2.753, "TYPE_CODE": 0, "TYPE_NAME": null, "SOURCE_COD": 0, "HASAVA": 0, "STATUS": null, "PL_CHANGE": null, "ADDRESS": null, "PLACE_NO": 0, "CALC_AREA": 3455.6125277000001, "OLD_MIG": null, "AGAM_ID": 3000330029.0, "SHAPE_AREA": 3455.6125277000001, "SHAPE_LEN": 332.325540918 }, "geometry": { "type": "MultiPolygon", "coordinates": [ [ [ [ 34.925788614745606, 32.515468362701313 ], [ 34.925704033614636, 32.515460108506311 ], [ 34.925679000487321, 32.515644253576333 ], [ 34.925670060017808, 32.51571068581756 ], [ 34.925653224737765, 32.515835789022326 ], [ 34.926188092313438, 32.515882059612345 ], [ 34.926188129606118, 32.515881769111907 ], [ 34.926861707814275, 32.515940491923892 ], [ 34.926868521130892, 32.515899517902916 ], [ 34.926877519572258, 32.515850079596383 ], [ 34.926276435396332, 32.515803043094131 ], [ 34.92632111036383, 32.515425033291379 ], [ 34.92580086979104, 32.515378157240498 ], [ 34.925788614745606, 32.515468362701313 ] ] ] ] } },
{ "type": "Feature", "properties": { "OBJECTID": 3551942, "LAYER_ID": 3552198, "GROUP_ID": 294548, "SCENARIO": null, "DEFQ": 0, "PLAN_NAME": null, "DATA_DATE": null, "MAVAT_CODE": 740, "MAVAT_NAME": "נחל/ תעלה/מאגר מים", "NAME": null, "LABEL": null, "NUM": "6002", "LEGAL_AREA": 17.2656, "TYPE_CODE": 0, "TYPE_NAME": null, "SOURCE_COD": 0, "HASAVA": 0, "STATUS": null, "PL_CHANGE": null, "ADDRESS": null, "PLACE_NO": 0, "CALC_AREA": 1362.0459534, "OLD_MIG": null, "AGAM_ID": 3000330029.0, "SHAPE_AREA": 1362.0459534, "SHAPE_LEN": 235.311257418 }, "geometry": { "type": "MultiPolygon", "coordinates": [ [ [ [ 34.926898628294836, 32.510551808620086 ], [ 34.926643290982348, 32.510747451537945 ], [ 34.926393253324051, 32.510947949170756 ], [ 34.926367451378454, 32.510969164099926 ], [ 34.926305919473542, 32.511021640510918 ], [ 34.926295728319204, 32.511030683726233 ], [ 34.92622552835185, 32.511095142943098 ], [ 34.926216874527029, 32.511103358514852 ], [ 34.926177718606212, 32.511142798277398 ], [ 34.926141605446027, 32.511184270296908 ], [ 34.926136518298662, 32.511190583973452 ], [ 34.926110475116346, 32.511221015164828 ], [ 34.926082139054685, 32.511249938137041 ], [ 34.9260768483459, 32.511254653581915 ], [ 34.926628579609037, 32.510960036200352 ], [ 34.926951453995521, 32.510721322932127 ], [ 34.92700122212738, 32.510684527939787 ], [ 34.926944392523602, 32.510615070384652 ], [ 34.926906911320621, 32.510563190427064 ], [ 34.926898628294836, 32.510551808620086 ] ] ] ] } },
{ "type": "Feature", "properties": { "OBJECTID": 3551943, "LAYER_ID": 3552198, "GROUP_ID": 294548, "SCENARIO": null, "DEFQ": 0, "PLAN_NAME": null, "DATA_DATE": null, "MAVAT_CODE": 830, "MAVAT_NAME": "דרך מוצעת", "NAME": null, "LABEL": null, "NUM": "1011", "LEGAL_AREA": 32.9914, "TYPE_CODE": 0, "TYPE_NAME": null, "SOURCE_COD": 0, "HASAVA": 0, "STATUS": null, "PL_CHANGE": null, "ADDRESS": null, "PLACE_NO": 0, "CALC_AREA": 603.43142021999995, "OLD_MIG": null, "AGAM_ID": 3000330029.0, "SHAPE_AREA": 603.43142021599999, "SHAPE_LEN": 112.902492112 }, "geometry": { "type": "MultiPolygon", "coordinates": [ [ [ [ 34.927037805667368, 32.510260922749112 ], [ 34.927011870756225, 32.510407196715676 ], [ 34.927000042536079, 32.510456640571874 ], [ 34.926982347430801, 32.510504810420656 ], [ 34.926958968532688, 32.510551207820676 ], [ 34.926930147748656, 32.510595352670492 ], [ 34.926944392523602, 32.510615070384652 ], [ 34.92700122212738, 32.510684527939787 ], [ 34.927231213395103, 32.510514485069017 ], [ 34.927199942762506, 32.510471540436505 ], [ 34.927168046713007, 32.510427734706525 ], [ 34.927112019110126, 32.510352213355439 ], [ 34.927037805667368, 32.510260922749112 ] ] ] ] } },
{ "type": "Feature", "properties": { "OBJECTID": 3551944, "LAYER_ID": 3552198, "GROUP_ID": 294548, "SCENARIO": null, "DEFQ": 0, "PLAN_NAME": null, "DATA_DATE": null, "MAVAT_CODE": 830, "MAVAT_NAME": "דרך מוצעת", "NAME": null, "LABEL": null, "NUM": "101", "LEGAL_AREA": 32.9914, "TYPE_CODE": 0, "TYPE_NAME": null, "SOURCE_COD": 0, "HASAVA": 0, "STATUS": null, "PL_CHANGE": null, "ADDRESS": null, "PLACE_NO": 0, "CALC_AREA": 32706.796272700001, "OLD_MIG": null, "AGAM_ID": 3000330029.0, "SHAPE_AREA": 32706.796272700001, "SHAPE_LEN": 2784.7065242200001 }, "geometry": { "type": "MultiPolygon", "coordinates": [ [ [ [ 34.927184069973606, 32.515876831626834 ], [ 34.927282010561228, 32.515282878863161 ], [ 34.927294344788137, 32.515208081713958 ], [ 34.927392576473359, 32.514612352846228 ], [ 34.927437638240157, 32.514339070646493 ], [ 34.927559900209282, 32.513597586304655 ], [ 34.927560708994434, 32.513592684242305 ], [ 34.927585604208701, 32.513441690179057 ], [ 34.927598731473488, 32.51336230680085 ], [ 34.927619965385617, 32.513246336605469 ], [ 34.927645215209566, 32.513130945678029 ], [ 34.927684952503043, 32.51297484594005 ], [ 34.927739613411042, 32.512760130100304 ], [ 34.927749012266432, 32.512714373453889 ], [ 34.927775716744414, 32.512559021496678 ], [ 34.927794583393336, 32.512402846388426 ], [ 34.927805577973629, 32.51224613189558 ], [ 34.927808680549504, 32.512089162763239 ], [ 34.927803885524838, 32.511932224197658 ], [ 34.927791201653044, 32.511775601348099 ], [ 34.927770652020946, 32.511619578788753 ], [ 34.927742274006427, 32.511464440001667 ], [ 34.927706119210285, 32.511310466861637 ], [ 34.927704389200549, 32.511303981317155 ], [ 34.927701574436774, 32.511280434237825 ], [ 34.927703564797937, 32.51125682684372 ], [ 34.927710301364527, 32.511233857926882 ], [ 34.927721584727053, 32.511212207379629 ], [ 34.927737080889067, 32.511192516069258 ], [ 34.927756331153972, 32.511175366868372 ], [ 34.927778765702755, 32.511161267401498 ], [ 34.927803720461128, 32.51115063501944 ], [ 34.927830456756283, 32.511143784445466 ], [ 34.927779101151593, 32.511014951277446 ], [ 34.927744205353967, 32.511019950246364 ], [ 34.927708815772284, 32.511020218755846 ], [ 34.927673819923541, 32.511015750072083 ], [ 34.927640095450336, 32.511006656262893 ], [ 34.927608488110437, 32.51099316538717 ], [ 34.927579790566298, 32.510975615775344 ], [ 34.927554722505995, 32.510954447544485 ], [ 34.927533912594484, 32.510930191560746 ], [ 34.927285134707581, 32.510588536637144 ], [ 34.927231213395103, 32.510514485069017 ], [ 34.92700122212738, 32.510684527939787 ], [ 34.927051061070159, 32.510745445263638 ], [ 34.927092278928789, 32.510802497046882 ], [ 34.92712651998761, 32.510849891445076 ], [ 34.92718007546803, 32.510924018174222 ], [ 34.927195422887984, 32.510949646840672 ], [ 34.927205770947253, 32.510977015793436 ], [ 34.927218493855136, 32.510994467000728 ], [ 34.927221034055464, 32.511031986599505 ], [ 34.927216032383249, 32.511069328156232 ], [ 34.927203633563906, 32.511105411109433 ], [ 34.927184196376878, 32.511139191316914 ], [ 34.92715828327453, 32.511169691270531 ], [ 34.927126644106899, 32.511196028382905 ], [ 34.927090194423563, 32.51121744052756 ], [ 34.927024385930345, 32.511252017409795 ], [ 34.927013109643575, 32.511258238214076 ], [ 34.926991473667549, 32.511232788538756 ], [ 34.926918594358106, 32.511278790569371 ], [ 34.926850125152079, 32.511329423971326 ], [ 34.926827383217734, 32.511348096953867 ], [ 34.926483366881506, 32.511640641965769 ], [ 34.926310449872133, 32.511789210188397 ], [ 34.926335924117886, 32.511805541041845 ], [ 34.926463698561015, 32.511887453115953 ], [ 34.926519948572796, 32.511839079031716 ], [ 34.926741096973274, 32.511650933344676 ], [ 34.926958792667875, 32.511459918928054 ], [ 34.927004229041358, 32.511423938032408 ], [ 34.927052238695808, 32.511390442052416 ], [ 34.927102632673417, 32.511359562820694 ], [ 34.927133203867768, 32.511344996766887 ], [ 34.927166182885152, 32.511334881985356 ], [ 34.927200674418032, 32.511329493069972 ], [ 34.927235742098233, 32.511328976317749 ], [ 34.927270433916647, 32.511333345757429 ], [ 34.927303808067819, 32.51134248276847 ], [ 34.92733495851742, 32.511356139301441 ], [ 34.92736303959861, 32.511373944611719 ], [ 34.927387288969925, 32.511395415324387 ], [ 34.927407048310968, 32.511419968556517 ], [ 34.92742178119461, 32.511446937741056 ], [ 34.927431087649943, 32.511475590722362 ], [ 34.927459980928326, 32.5116234223674 ], [ 34.927481110756908, 32.511772194058629 ], [ 34.927494435544219, 32.511921613228175 ], [ 34.927499929047414, 32.512071386033348 ], [ 34.927497580424102, 32.512221217934616 ], [ 34.927487394254101, 32.512370814274774 ], [ 34.927469390530632, 32.512519880858434 ], [ 34.92744360462131, 32.512668124530613 ], [ 34.927414626826469, 32.512801154763935 ], [ 34.927388651888357, 32.512900920989786 ], [ 34.927333988351073, 32.513116835380515 ], [ 34.927281362692739, 32.5133969415173 ], [ 34.927259442833503, 32.513529662531248 ], [ 34.927210775031831, 32.51382398136866 ], [ 34.927143476769146, 32.514230887458453 ], [ 34.927134195781164, 32.514257464634014 ], [ 34.927119740002865, 32.514282327513186 ], [ 34.927100526504546, 32.514304758758755 ], [ 34.927077109626076, 32.514324111189836 ], [ 34.927050164983655, 32.514339826454446 ], [ 34.927020469976974, 32.514351451138999 ], [ 34.926988881359797, 32.514358649850422 ], [ 34.926956310520787, 32.514361214892794 ], [ 34.926548081881215, 32.514338351848231 ], [ 34.925949654806978, 32.51430483297834 ], [ 34.92524915891736, 32.514264908543083 ], [ 34.925245968827831, 32.514264726438299 ], [ 34.924889437075478, 32.514245440055781 ], [ 34.924865538615727, 32.514245252458586 ], [ 34.924841965857276, 32.51424191551618 ], [ 34.924819293343681, 32.514235510560574 ], [ 34.9247980736763, 32.514226193700985 ], [ 34.924778824045589, 32.514214192019026 ], [ 34.924762013625454, 32.514199798033857 ], [ 34.924748052137836, 32.51418336257251 ], [ 34.924737279866683, 32.514165286219139 ], [ 34.924727337380482, 32.514122397527998 ], [ 34.924724742369897, 32.514078744651442 ], [ 34.924714965646125, 32.514204036268481 ], [ 34.924714828677466, 32.514207146667019 ], [ 34.924704390081082, 32.514444430636296 ], [ 34.924703989010311, 32.514453540613495 ], [ 34.924711365452644, 32.514543736295074 ], [ 34.924723435491018, 32.514633567995233 ], [ 34.924714376167273, 32.514565549777046 ], [ 34.924714452682188, 32.514545335873102 ], [ 34.924717775578422, 32.514525318900191 ], [ 34.92472428300924, 32.51450587140728 ], [ 34.924733853858704, 32.514487355344201 ], [ 34.924747462507298, 32.514471134638576 ], [ 34.924763866148645, 32.514456890699002 ], [ 34.924782670665223, 32.514444965752482 ], [ 34.924803424256332, 32.514435646309423 ], [ 34.924825628292993, 32.514429156279981 ], [ 34.924848749298107, 32.514425651594394 ], [ 34.924872231763572, 32.514425216456701 ], [ 34.924875351695377, 32.514425390705298 ], [ 34.92556495626782, 32.514464022274694 ], [ 34.925581980053565, 32.514466157449043 ], [ 34.925598375113822, 32.514470589518034 ], [ 34.925613712749623, 32.514477202591721 ], [ 34.925627591911329, 32.514485823751102 ], [ 34.925639649685316, 32.514496227569545 ], [ 34.925649570783378, 32.514508142007294 ], [ 34.925657095786953, 32.51452125552467 ], [ 34.9256620279305, 32.514535225228244 ], [ 34.925664238246576, 32.514549685836741 ], [ 34.925663668938313, 32.51456425923255 ], [ 34.92566366630593, 32.514564284565374 ], [ 34.925591663411694, 32.515097455851375 ], [ 34.925506541440235, 32.515731840790451 ], [ 34.925494550823529, 32.515822343968196 ], [ 34.925463016036147, 32.516056183178286 ], [ 34.925394688201017, 32.516563855863765 ], [ 34.925393719242877, 32.516588719137708 ], [ 34.925397653133885, 32.516613371660384 ], [ 34.925406379902313, 32.516637124247055 ], [ 34.925419655586538, 32.516659312871134 ], [ 34.925437109054798, 32.516679317227556 ], [ 34.925458252380317, 32.51669657807431 ], [ 34.925482494481585, 32.516710612866632 ], [ 34.925509157646609, 32.516721029247257 ], [ 34.925537496479151, 32.516727536015267 ], [ 34.925566718737286, 32.516729951267024 ], [ 34.925596007481587, 32.516728207481563 ], [ 34.925624543913948, 32.516722353408227 ], [ 34.925651530268183, 32.516712552703908 ], [ 34.925676212112798, 32.516699079357565 ], [ 34.925697899442149, 32.516682310030703 ], [ 34.925715985966313, 32.516662713527147 ], [ 34.925729966060587, 32.516640837687092 ], [ 34.925739448900536, 32.516617294071423 ], [ 34.925741553245665, 32.516606665519085 ], [ 34.925744213478907, 32.51658206469137 ], [ 34.925742025529722, 32.516557430478045 ], [ 34.92573504990051, 32.516533444033968 ], [ 34.925723479476268, 32.516510768602146 ], [ 34.925707634190921, 32.516490031174605 ], [ 34.925687952180489, 32.516471805155838 ], [ 34.925664977668191, 32.516456594507709 ], [ 34.925639345916132, 32.516444819814822 ], [ 34.925622609709755, 32.516432891506767 ], [ 34.925607961543776, 32.516419131837395 ], [ 34.925595678020684, 32.516403800632567 ], [ 34.925590309185267, 32.516396283307934 ], [ 34.925586228787736, 32.516388205549113 ], [ 34.925583516414946, 32.516379724910934 ], [ 34.925582224970732, 32.516371006806288 ], [ 34.92558237964397, 32.516362221279714 ], [ 34.925589078446762, 32.516312448301591 ], [ 34.925653224737765, 32.515835789022326 ], [ 34.925670060017808, 32.51571068581756 ], [ 34.925679000487321, 32.515644253576333 ], [ 34.925716210824874, 32.515370528682986 ], [ 34.925770698183982, 32.514962866932592 ], [ 34.925824290109631, 32.514564625474932 ], [ 34.925827832153573, 32.514549680072989 ], [ 34.925834294796836, 32.514535453762477 ], [ 34.925843493346633, 32.514522353107324 ], [ 34.925855164922972, 32.514510752501963 ], [ 34.925868975971341, 32.514500983471827 ], [ 34.925884531795127, 32.514493325199005 ], [ 34.925901387835445, 32.514487996543664 ], [ 34.925919062375776, 32.514485149789529 ], [ 34.925937050308484, 32.51448486629193 ], [ 34.926436311805368, 32.514512831375299 ], [ 34.926942271422398, 32.514541169763405 ], [ 34.926964732959796, 32.514544010433127 ], [ 34.926986343403954, 32.514549926328449 ], [ 34.927006520455599, 32.514558758044053 ], [ 34.92702472043824, 32.514570267607006 ], [ 34.927040452947473, 32.514584144888943 ], [ 34.927053294065061, 32.514600015962529 ], [ 34.927062897781653, 32.514617453176903 ], [ 34.927069005320149, 32.514635986680851 ], [ 34.927071452108706, 32.514655117082953 ], [ 34.927070172215416, 32.514674328907844 ], [ 34.927023899646727, 32.514955475308177 ], [ 34.927007278488354, 32.515053814041089 ], [ 34.926877521541144, 32.515850079600725 ], [ 34.926877519572258, 32.515850079596383 ], [ 34.926868521130892, 32.515899517902916 ], [ 34.926861707814275, 32.515940491923892 ], [ 34.926828115570451, 32.516151686230664 ], [ 34.926815617359821, 32.516226826924793 ], [ 34.926814132241788, 32.516235756242523 ], [ 34.926764891700209, 32.516531808258101 ], [ 34.926725166917258, 32.516770472394704 ], [ 34.926715396192456, 32.51680906713564 ], [ 34.926698949619791, 32.516845998285497 ], [ 34.926676194115046, 32.516880441908803 ], [ 34.926647637348303, 32.516911629566032 ], [ 34.926613916418027, 32.516938865457675 ], [ 34.926575783637759, 32.516961541948021 ], [ 34.926581589644471, 32.516962366553969 ], [ 34.926589561727511, 32.516963498699475 ], [ 34.92662261232298, 32.516968193687489 ], [ 34.926687579128483, 32.516977423240014 ], [ 34.926915711321577, 32.517009829595658 ], [ 34.927033209064021, 32.517026521731829 ], [ 34.927083844613442, 32.517033713940165 ], [ 34.927086409993905, 32.51703407843938 ], [ 34.927094484692965, 32.517035225612617 ], [ 34.927102756727855, 32.517036401264171 ], [ 34.927075477891862, 32.517006330352267 ], [ 34.927053619944004, 32.516973232388793 ], [ 34.927037642668211, 32.516937803601735 ], [ 34.927027882144962, 32.516900789247941 ], [ 34.927024543682293, 32.516862967936326 ], [ 34.927027697497707, 32.516825135249462 ], [ 34.927070499107657, 32.516565574092702 ], [ 34.92716933482297, 32.515966198464163 ], [ 34.927184069973606, 32.515876831626834 ] ] ] ] } },
{ "type": "Feature", "properties": { "OBJECTID": 3551945, "LAYER_ID": 3552198, "GROUP_ID": 294548, "SCENARIO": null, "DEFQ": 0, "PLAN_NAME": null, "DATA_DATE": null, "MAVAT_CODE": 100, "MAVAT_NAME": "מגורים ג'", "NAME": null, "LABEL": null, "NUM": "202", "LEGAL_AREA": 9.3044, "TYPE_CODE": 0, "TYPE_NAME": null, "SOURCE_COD": 0, "HASAVA": 0, "STATUS": null, "PL_CHANGE": null, "ADDRESS": null, "PLACE_NO": 0, "CALC_AREA": 8520.33213703, "OLD_MIG": null, "AGAM_ID": 3000330029.0, "SHAPE_AREA": 8520.33213703, "SHAPE_LEN": 401.23680146700002 }, "geometry": { "type": "MultiPolygon", "coordinates": [ [ [ [ 34.926942271422398, 32.514541169763405 ], [ 34.926436311805368, 32.514512831375299 ], [ 34.926372546697621, 32.515021155499753 ], [ 34.926321158330502, 32.515424645968551 ], [ 34.92632111036383, 32.515425033291379 ], [ 34.926276435396332, 32.515803043094131 ], [ 34.926877519572258, 32.515850079596383 ], [ 34.926877521541144, 32.515850079600725 ], [ 34.927007278488354, 32.515053814041089 ], [ 34.927023899646727, 32.514955475308177 ], [ 34.927070172215416, 32.514674328907844 ], [ 34.927071452108706, 32.514655117082953 ], [ 34.927069005320149, 32.514635986680851 ], [ 34.927062897781653, 32.514617453176903 ], [ 34.927053294065061, 32.514600015962529 ], [ 34.927040452947473, 32.514584144888943 ], [ 34.92702472043824, 32.514570267607006 ], [ 34.927006520455599, 32.514558758044053 ], [ 34.926986343403954, 32.514549926328449 ], [ 34.926964732959796, 32.514544010433127 ], [ 34.926942271422398, 32.514541169763405 ] ] ] ] } },
{ "type": "Feature", "properties": { "OBJECTID": 3551946, "LAYER_ID": 3552198, "GROUP_ID": 294548, "SCENARIO": null, "DEFQ": 0, "PLAN_NAME": null, "DATA_DATE": null, "MAVAT_CODE": 820, "MAVAT_NAME": "דרך מאושרת", "NAME": null, "LABEL": null, "NUM": "100", "LEGAL_AREA": 11.5377, "TYPE_CODE": 0, "TYPE_NAME": null, "SOURCE_COD": 0, "HASAVA": 0, "STATUS": null, "PL_CHANGE": null, "ADDRESS": null, "PLACE_NO": 0, "CALC_AREA": 10781.400751499999, "OLD_MIG": null, "AGAM_ID": 3000330029.0, "SHAPE_AREA": 10781.400751499999, "SHAPE_LEN": 712.05844084399996 }, "geometry": { "type": "MultiPolygon", "coordinates": [ [ [ [ 34.923822559434115, 32.516543491993282 ], [ 34.923734831157155, 32.516526599616448 ], [ 34.923694052444041, 32.516679397270252 ], [ 34.923673107378917, 32.51678828640739 ], [ 34.923856078521254, 32.516865857970558 ], [ 34.926857207529366, 32.517366562377518 ], [ 34.927033779194943, 32.517391205096978 ], [ 34.927098059499819, 32.51706055725915 ], [ 34.926877842311875, 32.51704376129495 ], [ 34.926683017189092, 32.517030098315338 ], [ 34.926488981709269, 32.517009921686849 ], [ 34.926296039125283, 32.516983262943221 ], [ 34.926104490981231, 32.516950163748909 ], [ 34.925914636640911, 32.516910675833898 ], [ 34.924886805633214, 32.51672159909765 ], [ 34.924874865128167, 32.516719902740434 ], [ 34.924169121197984, 32.516608191401296 ], [ 34.923822559434115, 32.516543491993282 ] ] ] ] } },
{ "type": "Feature", "properties": { "OBJECTID": 3551947, "LAYER_ID": 3552198, "GROUP_ID": 294548, "SCENARIO": null, "DEFQ": 0, "PLAN_NAME": null, "DATA_DATE": null, "MAVAT_CODE": 100, "MAVAT_NAME": "מגורים ג'", "NAME": null, "LABEL": null, "NUM": "205", "LEGAL_AREA": 5.2118, "TYPE_CODE": 0, "TYPE_NAME": null, "SOURCE_COD": 0, "HASAVA": 0, "STATUS": null, "PL_CHANGE": null, "ADDRESS": null, "PLACE_NO": 0, "CALC_AREA": 5211.8432818199999, "OLD_MIG": null, "AGAM_ID": 3000330029.0, "SHAPE_AREA": 5211.8432818199999, "SHAPE_LEN": 290.95747951300001 }, "geometry": { "type": "MultiPolygon", "coordinates": [ [ [ [ 34.925591663411694, 32.515097455851375 ], [ 34.924766842868003, 32.515038182716978 ], [ 34.924770920753794, 32.515195449419572 ], [ 34.924767452411615, 32.515352726616605 ], [ 34.924756443532303, 32.515509754466279 ], [ 34.924737912264689, 32.515666273537384 ], [ 34.925506541440235, 32.515731840790451 ], [ 34.925591663411694, 32.515097455851375 ] ] ] ] } },
{ "type": "Feature", "properties": { "OBJECTID": 3551948, "LAYER_ID": 3552198, "GROUP_ID": 294548, "SCENARIO": null, "DEFQ": 0, "PLAN_NAME": null, "DATA_DATE": null, "MAVAT_CODE": 60, "MAVAT_NAME": "מגורים ב'", "NAME": null, "LABEL": null, "NUM": "203", "LEGAL_AREA": 5.7, "TYPE_CODE": 0, "TYPE_NAME": null, "SOURCE_COD": 0, "HASAVA": 0, "STATUS": null, "PL_CHANGE": null, "ADDRESS": null, "PLACE_NO": 0, "CALC_AREA": 5701.0877433599999, "OLD_MIG": null, "AGAM_ID": 3000330029.0, "SHAPE_AREA": 5701.0877433599999, "SHAPE_LEN": 311.09283408099998 }, "geometry": { "type": "MultiPolygon", "coordinates": [ [ [ [ 34.926436311805368, 32.514512831375299 ], [ 34.925937050308484, 32.51448486629193 ], [ 34.925919062375783, 32.514485149789543 ], [ 34.925901387835452, 32.514487996543671 ], [ 34.925884531795127, 32.514493325199012 ], [ 34.925868975971355, 32.514500983471827 ], [ 34.925855164922986, 32.514510752501963 ], [ 34.925843493346648, 32.514522353107338 ], [ 34.925834294796843, 32.51453545376247 ], [ 34.92582783215358, 32.514549680072989 ], [ 34.925824290109631, 32.514564625474932 ], [ 34.925762024327966, 32.51502776863861 ], [ 34.925716210824874, 32.515370528682986 ], [ 34.92632111036383, 32.515425033291379 ], [ 34.926321158330502, 32.515424645968551 ], [ 34.926372546697621, 32.515021155499753 ], [ 34.926436311805368, 32.514512831375299 ] ] ] ] } },
{ "type": "Feature", "properties": { "OBJECTID": 3551949, "LAYER_ID": 3552198, "GROUP_ID": 294548, "SCENARIO": null, "DEFQ": 0, "PLAN_NAME": null, "DATA_DATE": null, "MAVAT_CODE": 670, "MAVAT_NAME": "שטח ציבורי פתוח", "NAME": null, "LABEL": null, "NUM": "313", "LEGAL_AREA": 5.9673, "TYPE_CODE": 0, "TYPE_NAME": null, "SOURCE_COD": 0, "HASAVA": 0, "STATUS": null, "PL_CHANGE": null, "ADDRESS": null, "PLACE_NO": 0, "CALC_AREA": 13550.9947491, "OLD_MIG": null, "AGAM_ID": 3000330029.0, "SHAPE_AREA": 13550.9947491, "SHAPE_LEN": 682.58922285599999 }, "geometry": { "type": "MultiPolygon", "coordinates": [ [ [ [ 34.927241314252761, 32.51023571173112 ], [ 34.927241517537027, 32.510235513482272 ], [ 34.927241758543246, 32.510235281772104 ], [ 34.927241924682264, 32.510235119781235 ], [ 34.927244127964997, 32.510232978151862 ], [ 34.927246376239829, 32.510230792076001 ], [ 34.927248675947524, 32.510228335323291 ], [ 34.927249830732833, 32.510227095145062 ], [ 34.927250339074682, 32.510226548056842 ], [ 34.927251180379244, 32.510225644571122 ], [ 34.927254693641274, 32.510221852501481 ], [ 34.927260666597547, 32.510215348164699 ], [ 34.927268222200674, 32.510207012875114 ], [ 34.92728617384568, 32.510186734273347 ], [ 34.927301525465012, 32.51016875544601 ], [ 34.927320280759176, 32.510145879772189 ], [ 34.927335603559278, 32.51012629381006 ], [ 34.927335612063537, 32.510126279491253 ], [ 34.927335642030414, 32.510126241594321 ], [ 34.927335690969443, 32.510126176732307 ], [ 34.927338584603739, 32.510122365170844 ], [ 34.927341769140817, 32.510118170112065 ], [ 34.927352969435617, 32.510103206410491 ], [ 34.927358552606641, 32.510095438650296 ], [ 34.927359059504909, 32.510094719868661 ], [ 34.927367178258123, 32.510083210182884 ], [ 34.92737523550479, 32.510071837379336 ], [ 34.92738197076163, 32.510062423202378 ], [ 34.927418513642088, 32.510013633789541 ], [ 34.927489432979868, 32.509920128426344 ], [ 34.927512203848899, 32.509884857783952 ], [ 34.927566726465571, 32.509780679725019 ], [ 34.927591006780965, 32.509696888294272 ], [ 34.927608806650269, 32.509611936555672 ], [ 34.927620050775268, 32.50952618396532 ], [ 34.927624691597529, 32.509439993366932 ], [ 34.92762270949941, 32.509353729456564 ], [ 34.927614112886566, 32.509267757239435 ], [ 34.927598938152272, 32.509182440485489 ], [ 34.927535460804336, 32.508890368814235 ], [ 34.927532451719834, 32.508876327675686 ], [ 34.927507810566546, 32.508740721007243 ], [ 34.927490975778476, 32.508604259873003 ], [ 34.927481987101423, 32.508467266736069 ], [ 34.927480865740144, 32.508330065315164 ], [ 34.927487614308646, 32.508192979819832 ], [ 34.927502216824237, 32.508056334184168 ], [ 34.927524638745709, 32.507920451301459 ], [ 34.927554827055253, 32.507785652261113 ], [ 34.927592710384104, 32.507652255590109 ], [ 34.927621198347943, 32.507583497903362 ], [ 34.927448486387604, 32.507532112469207 ], [ 34.927435984697333, 32.507529172671333 ], [ 34.927423128648527, 32.50752769265933 ], [ 34.927410154498673, 32.507527699631567 ], [ 34.927397300675615, 32.50752919345998 ], [ 34.927397294089829, 32.507529224239661 ], [ 34.927382206114672, 32.507532995997309 ], [ 34.927368050296451, 32.507538809719186 ], [ 34.927355208531793, 32.507546508562349 ], [ 34.927344027266969, 32.507555884826949 ], [ 34.927334808151457, 32.507566685559482 ], [ 34.927327799899992, 32.507578619376986 ], [ 34.927323191582666, 32.507591364327858 ], [ 34.927321107524158, 32.50760457657757 ], [ 34.92730568672868, 32.507797999233802 ], [ 34.927282608835348, 32.507990873957453 ], [ 34.927251899830054, 32.50818298316149 ], [ 34.927213594308121, 32.508374110121018 ], [ 34.927167735435589, 32.508564039218015 ], [ 34.927114374900668, 32.508752556184426 ], [ 34.927053572855634, 32.508939448343988 ], [ 34.926985397849187, 32.509124504852174 ], [ 34.926909926749289, 32.509307516934108 ], [ 34.9268272446567, 32.509488278120159 ], [ 34.926827232324143, 32.509488274215492 ], [ 34.92674355118789, 32.509654966200173 ], [ 34.926724959562755, 32.509697479096531 ], [ 34.926712992515156, 32.509741668404679 ], [ 34.926707849859334, 32.509786796330353 ], [ 34.926709617468518, 32.509832109406787 ], [ 34.92671826584057, 32.509876851074822 ], [ 34.926733650589824, 32.509920274314538 ], [ 34.926755514857142, 32.509961654117838 ], [ 34.926783493597931, 32.510000299593607 ], [ 34.926817119676585, 32.510035565503017 ], [ 34.926897040859927, 32.510110455552081 ], [ 34.926972930940856, 32.51018829824671 ], [ 34.927044638157277, 32.510268937930931 ], [ 34.927112019110126, 32.510352213355439 ], [ 34.927121581181446, 32.510346822594713 ], [ 34.927121583795483, 32.51034682039122 ], [ 34.927127995413684, 32.510341517909424 ], [ 34.927143443164155, 32.510328435448663 ], [ 34.927157851921287, 32.510315478967776 ], [ 34.927217465350992, 32.510258781495153 ], [ 34.927217469247168, 32.510258777626269 ], [ 34.927223437943127, 32.510253021764669 ], [ 34.92722938126844, 32.510247279598318 ], [ 34.927235341553214, 32.510241507215909 ], [ 34.927241226937134, 32.5102357979247 ], [ 34.927241314252761, 32.51023571173112 ] ] ] ] } },
{ "type": "Feature", "properties": { "OBJECTID": 3551950, "LAYER_ID": 3552198, "GROUP_ID": 294548, "SCENARIO": null, "DEFQ": 0, "PLAN_NAME": null, "DATA_DATE": null, "MAVAT_CODE": 740, "MAVAT_NAME": "נחל/ תעלה/מאגר מים", "NAME": null, "LABEL": null, "NUM": "601", "LEGAL_AREA": 1.1914, "TYPE_CODE": 0, "TYPE_NAME": null, "SOURCE_COD": 0, "HASAVA": 0, "STATUS": null, "PL_CHANGE": null, "ADDRESS": null, "PLACE_NO": 0, "CALC_AREA": 4684.9445229800003, "OLD_MIG": null, "AGAM_ID": 3000330029.0, "SHAPE_AREA": 4684.9445229800003, "SHAPE_LEN": 735.90550870100003 }, "geometry": { "type": "MultiPolygon", "coordinates": [ [ [ [ 34.927251180379244, 32.510225644571122 ], [ 34.927250339074682, 32.510226548056842 ], [ 34.927249830732833, 32.510227095145062 ], [ 34.927248673393471, 32.510228335317663 ], [ 34.927246376239829, 32.510230792076001 ], [ 34.927244127964997, 32.510232978151862 ], [ 34.927241924682264, 32.510235119781235 ], [ 34.927241843880168, 32.510235198820389 ], [ 34.92724180545278, 32.510235236743753 ], [ 34.927241758543246, 32.510235281772104 ], [ 34.927241843880168, 32.510235198820389 ], [ 34.927241867364792, 32.510235175246741 ], [ 34.927241511023489, 32.510235520636705 ], [ 34.927241395693493, 32.510235632648282 ], [ 34.927241314252761, 32.51023571173112 ], [ 34.927241226937134, 32.5102357979247 ], [ 34.927235341553214, 32.510241507215909 ], [ 34.92722938126844, 32.510247279598318 ], [ 34.927223437943127, 32.510253021764669 ], [ 34.927217469247168, 32.510258777626269 ], [ 34.927217465350992, 32.510258781495153 ], [ 34.927157851921287, 32.510315478967776 ], [ 34.927143443164155, 32.510328435448663 ], [ 34.927127995413684, 32.510341517909424 ], [ 34.927121583795483, 32.51034682039122 ], [ 34.927121581181446, 32.510346822594713 ], [ 34.927112019110126, 32.510352213355439 ], [ 34.927168046713007, 32.510427734706525 ], [ 34.927199942762506, 32.510471540436505 ], [ 34.927274119780016, 32.510437416660082 ], [ 34.927550164951832, 32.510094902804013 ], [ 34.927716916270668, 32.509774858583157 ], [ 34.927717027849965, 32.50977488012488 ], [ 34.927717134934646, 32.509774914325632 ], [ 34.927717235534516, 32.509774960549791 ], [ 34.927739542930453, 32.509678319807357 ], [ 34.927754024328358, 32.509580615414102 ], [ 34.927760612391907, 32.509482301852401 ], [ 34.927759276501895, 32.509383836436733 ], [ 34.927750022898167, 32.509285677186547 ], [ 34.927732894650156, 32.509188280695568 ], [ 34.927669406583291, 32.508896178273005 ], [ 34.927669403981184, 32.508896176599073 ], [ 34.927644572001029, 32.508763514674463 ], [ 34.927627542425803, 32.50862997179356 ], [ 34.927618357210726, 32.508495877233997 ], [ 34.927617038968783, 32.508361561632121 ], [ 34.927623590915289, 32.508227356167964 ], [ 34.927637996860263, 32.508093591748533 ], [ 34.92766022124875, 32.50796059819185 ], [ 34.927690209248787, 32.507828703413836 ], [ 34.92772788688692, 32.507698232619859 ], [ 34.927773161230988, 32.507569507502851 ], [ 34.927774731294285, 32.507565407936667 ], [ 34.927789495891574, 32.507527919217694 ], [ 34.927837483201372, 32.507408920495898 ], [ 34.927826532632821, 32.507405660782737 ], [ 34.927709332232169, 32.507370794464613 ], [ 34.927621198347943, 32.507583497903362 ], [ 34.927592710384104, 32.507652255590109 ], [ 34.927554827055253, 32.507785652261113 ], [ 34.927524638745709, 32.507920451301459 ], [ 34.927502216824237, 32.508056334184168 ], [ 34.927487614308646, 32.508192979819832 ], [ 34.927480865740144, 32.508330065315164 ], [ 34.927481987101423, 32.508467266736069 ], [ 34.927490975778483, 32.50860425987301 ], [ 34.927507810566546, 32.508740721007243 ], [ 34.927532451719834, 32.508876327675686 ], [ 34.927535460804336, 32.508890368814235 ], [ 34.927598938152272, 32.509182440485489 ], [ 34.927614112886566, 32.509267757239435 ], [ 34.92762270949941, 32.509353729456564 ], [ 34.927624691597529, 32.509439993366932 ], [ 34.927620050775268, 32.50952618396532 ], [ 34.927608806650269, 32.509611936555672 ], [ 34.927591006780965, 32.509696888294272 ], [ 34.927566726465571, 32.509780679725019 ], [ 34.927512205817649, 32.509884857788286 ], [ 34.927489432979868, 32.509920128426344 ], [ 34.927418513642088, 32.510013633789541 ], [ 34.92738197076163, 32.510062423202378 ], [ 34.92737523550479, 32.510071837379336 ], [ 34.927367178258123, 32.510083210182884 ], [ 34.927359059504909, 32.510094719868661 ], [ 34.927358552606641, 32.510095438650296 ], [ 34.927352969435617, 32.510103206410491 ], [ 34.927341769140817, 32.510118170112065 ], [ 34.927338584603739, 32.510122365170844 ], [ 34.927335690969443, 32.510126176732307 ], [ 34.927335642030414, 32.510126241594321 ], [ 34.927335612063537, 32.510126279491253 ], [ 34.927335603559278, 32.51012629381006 ], [ 34.927320282733042, 32.510145878108339 ], [ 34.927320280759176, 32.510145879772189 ], [ 34.927301525465012, 32.51016875544601 ], [ 34.92728617384568, 32.510186734273347 ], [ 34.927268222200674, 32.510207012875114 ], [ 34.927260666597547, 32.510215348164699 ], [ 34.927254693641274, 32.510221852501481 ], [ 34.927251180379244, 32.510225644571122 ] ] ] ] } },
{ "type": "Feature", "properties": { "OBJECTID": 3551951, "LAYER_ID": 3552198, "GROUP_ID": 294548, "SCENARIO": null, "DEFQ": 0, "PLAN_NAME": null, "DATA_DATE": null, "MAVAT_CODE": 280, "MAVAT_NAME": "מתקנים הנדסיים", "NAME": null, "LABEL": null, "NUM": "402", "LEGAL_AREA": 4.5486, "TYPE_CODE": 0, "TYPE_NAME": null, "SOURCE_COD": 0, "HASAVA": 0, "STATUS": null, "PL_CHANGE": null, "ADDRESS": null, "PLACE_NO": 0, "CALC_AREA": 51.98808135, "OLD_MIG": null, "AGAM_ID": 3000330029.0, "SHAPE_AREA": 51.988081352800002, "SHAPE_LEN": 29.139196757400001 }, "geometry": { "type": "MultiPolygon", "coordinates": [ [ [ [ 34.923569931533422, 32.513747959708184 ], [ 34.923484832364579, 32.513744779571596 ], [ 34.92348175962249, 32.513758884808013 ], [ 34.923477420588576, 32.513794172225609 ], [ 34.923481200511944, 32.513794952818898 ], [ 34.923517642096357, 32.513802469730187 ], [ 34.923564923642907, 32.513812225527417 ], [ 34.923569931533422, 32.513747959708184 ] ] ] ] } },
{ "type": "Feature", "properties": { "OBJECTID": 3551952, "LAYER_ID": 3552198, "GROUP_ID": 294548, "SCENARIO": null, "DEFQ": 0, "PLAN_NAME": null, "DATA_DATE": null, "MAVAT_CODE": 670, "MAVAT_NAME": "שטח ציבורי פתוח", "NAME": null, "LABEL": null, "NUM": "314", "LEGAL_AREA": 18.9783, "TYPE_CODE": 0, "TYPE_NAME": null, "SOURCE_COD": 0, "HASAVA": 0, "STATUS": null, "PL_CHANGE": null, "ADDRESS": null, "PLACE_NO": 0, "CALC_AREA": 17830.9878369, "OLD_MIG": null, "AGAM_ID": 3000330029.0, "SHAPE_AREA": 17830.9878369, "SHAPE_LEN": 1107.07122267 }, "geometry": { "type": "MultiPolygon", "coordinates": [ [ [ [ 34.923484832364579, 32.513744779571596 ], [ 34.923569931533422, 32.513747959708184 ], [ 34.923564923642907, 32.513812225527417 ], [ 34.923727579319412, 32.513845783198747 ], [ 34.923754966927859, 32.513718046002701 ], [ 34.923790563371377, 32.513591770095587 ], [ 34.923834261938637, 32.513467333907649 ], [ 34.923885931638935, 32.513345110354251 ], [ 34.923945417595178, 32.513225465718385 ], [ 34.924012541508404, 32.513108758552995 ], [ 34.924087102192367, 32.512995338606721 ], [ 34.924168876176765, 32.512885545775731 ], [ 34.924257618377176, 32.512779709085308 ], [ 34.924353062829752, 32.51267814570393 ], [ 34.924454923488454, 32.512581159992926 ], [ 34.924562895082289, 32.512489042594531 ], [ 34.925528152594808, 32.51170940091319 ], [ 34.925568206059602, 32.511605024416497 ], [ 34.925800518350904, 32.511398858437346 ], [ 34.925996065836166, 32.51129779034747 ], [ 34.9260768483459, 32.511254653581915 ], [ 34.926079492718472, 32.511252295045779 ], [ 34.926082139054685, 32.511249938137041 ], [ 34.926108636600247, 32.51122301250939 ], [ 34.926133146615328, 32.511194767585657 ], [ 34.926141605446027, 32.511184270296908 ], [ 34.926177718606212, 32.511142798277398 ], [ 34.926216874527029, 32.511103358514852 ], [ 34.92622552835185, 32.511095142943098 ], [ 34.926295728319204, 32.511030683726233 ], [ 34.926305919473542, 32.511021640510918 ], [ 34.926371836457349, 32.51096555951365 ], [ 34.926393253324051, 32.510947949170756 ], [ 34.926643290982348, 32.510747451537945 ], [ 34.926898628294836, 32.510551808620086 ], [ 34.926851599453215, 32.510490048137683 ], [ 34.926788332359777, 32.510537324911965 ], [ 34.926717879479419, 32.510469629790251 ], [ 34.926790114755669, 32.510415777165953 ], [ 34.92673227789242, 32.510351593317431 ], [ 34.926671601069103, 32.510289320450532 ], [ 34.926626830465459, 32.510246302364521 ], [ 34.926614049724165, 32.510234440039135 ], [ 34.926602923951776, 32.510224261609196 ], [ 34.926592935928795, 32.510215237112305 ], [ 34.926577077628785, 32.510203557083521 ], [ 34.926559174810698, 32.510194236984532 ], [ 34.926539711521606, 32.510187528807023 ], [ 34.926519213999313, 32.510183613922962 ], [ 34.926498236444353, 32.510182598180734 ], [ 34.926477346035945, 32.510184509043405 ], [ 34.926457107597201, 32.510189294846143 ], [ 34.926438068323684, 32.510196826193081 ], [ 34.926420742989038, 32.510206899455881 ], [ 34.926405600026776, 32.510219242279163 ], [ 34.926393048865059, 32.510233520944354 ], [ 34.926391339113628, 32.510235911851055 ], [ 34.926280887772869, 32.510389666222032 ], [ 34.926164830879188, 32.510540427015577 ], [ 34.926043281317348, 32.510688047555831 ], [ 34.92591635731781, 32.510832384221438 ], [ 34.925784182341573, 32.510973296585306 ], [ 34.925677889406721, 32.511080397725685 ], [ 34.925546376794365, 32.511205939751044 ], [ 34.925410610291863, 32.511328187555463 ], [ 34.925270704764216, 32.511447037696357 ], [ 34.924983554380823, 32.511683977758324 ], [ 34.924899836677085, 32.51175491656916 ], [ 34.92487935790512, 32.511772528693157 ], [ 34.9248323178943, 32.511815776009293 ], [ 34.924894921056485, 32.511864664444538 ], [ 34.92482280079539, 32.511930971116229 ], [ 34.924760195021229, 32.511882082098744 ], [ 34.92472153455364, 32.511851099311549 ], [ 34.924672202123915, 32.51189645485946 ], [ 34.924573548117621, 32.512001236813092 ], [ 34.92455449200763, 32.512024677487418 ], [ 34.924539494963426, 32.512050147144535 ], [ 34.92452885215711, 32.512077144496075 ], [ 34.924519882730948, 32.512099270496343 ], [ 34.924506930932651, 32.512119931666867 ], [ 34.92449031697943, 32.512138617181691 ], [ 34.924470451632104, 32.512154865060616 ], [ 34.924447826039746, 32.512168273591286 ], [ 34.924422999596501, 32.512178511261183 ], [ 34.924396586110973, 32.512185324954061 ], [ 34.924364441572898, 32.512193626450589 ], [ 34.924334239694545, 32.512206111298227 ], [ 34.924306733330489, 32.512222468282403 ], [ 34.924282608144189, 32.512242289666126 ], [ 34.924267934919357, 32.512256509495501 ], [ 34.924235402344323, 32.512288757145257 ], [ 34.924236173249831, 32.512289207969502 ], [ 34.924148908687719, 32.512380603983978 ], [ 34.924057462225392, 32.512485719384415 ], [ 34.923971991184359, 32.512594385107533 ], [ 34.923892687246912, 32.512706357480774 ], [ 34.923819728268235, 32.512821385415876 ], [ 34.923753277877431, 32.512939210971751 ], [ 34.923693485110334, 32.513059569932913 ], [ 34.923640484075236, 32.513182192401821 ], [ 34.923594393651939, 32.513306803404063 ], [ 34.923555317224839, 32.513433123504974 ], [ 34.923541509655138, 32.513484699001253 ], [ 34.92352528012097, 32.513559174511563 ], [ 34.923486954876047, 32.513735045430643 ], [ 34.923484832364579, 32.513744779571596 ] ] ] ] } },
{ "type": "Feature", "properties": { "OBJECTID": 3551953, "LAYER_ID": 3552198, "GROUP_ID": 294548, "SCENARIO": null, "DEFQ": 0, "PLAN_NAME": null, "DATA_DATE": null, "MAVAT_CODE": 280, "MAVAT_NAME": "מתקנים הנדסיים", "NAME": null, "LABEL": null, "NUM": "4021", "LEGAL_AREA": 4.5486, "TYPE_CODE": 0, "TYPE_NAME": null, "SOURCE_COD": 0, "HASAVA": 0, "STATUS": null, "PL_CHANGE": null, "ADDRESS": null, "PLACE_NO": 0, "CALC_AREA": 29.79962817, "OLD_MIG": null, "AGAM_ID": 3000330029.0, "SHAPE_AREA": 29.7996281749, "SHAPE_LEN": 23.716336113000001 }, "geometry": { "type": "MultiPolygon", "coordinates": [ [ [ [ 34.923517642096357, 32.513802469730187 ], [ 34.923481200511944, 32.513794952818898 ], [ 34.923477420588576, 32.513794172225609 ], [ 34.923480009289868, 32.513831690351374 ], [ 34.923480574211794, 32.513834881578127 ], [ 34.923564181582428, 32.513838004464105 ], [ 34.9235642192684, 32.513836751366902 ], [ 34.923564923642907, 32.513812225527417 ], [ 34.923517642096357, 32.513802469730187 ] ] ] ] } },
{ "type": "Feature", "properties": { "OBJECTID": 3551954, "LAYER_ID": 3552198, "GROUP_ID": 294548, "SCENARIO": null, "DEFQ": 0, "PLAN_NAME": null, "DATA_DATE": null, "MAVAT_CODE": 830, "MAVAT_NAME": "דרך מוצעת", "NAME": null, "LABEL": null, "NUM": "1132", "LEGAL_AREA": 21.698, "TYPE_CODE": 0, "TYPE_NAME": null, "SOURCE_COD": 0, "HASAVA": 0, "STATUS": null, "PL_CHANGE": null, "ADDRESS": null, "PLACE_NO": 0, "CALC_AREA": 287.51426242999997, "OLD_MIG": null, "AGAM_ID": 3000330029.0, "SHAPE_AREA": 287.51426242600002, "SHAPE_LEN": 157.69917345499999 }, "geometry": { "type": "MultiPolygon", "coordinates": [ [ [ [ 34.923486954876047, 32.513735045430643 ], [ 34.92352528012097, 32.513559174511563 ], [ 34.923507029531756, 32.513620370485498 ], [ 34.923506808668847, 32.513620997417149 ], [ 34.923505238589293, 32.513625621417233 ], [ 34.923448467131308, 32.513653709531027 ], [ 34.92338842654722, 32.513676398449675 ], [ 34.923325829393164, 32.513693418902534 ], [ 34.923261418567876, 32.513704568891789 ], [ 34.923195958495747, 32.513709716089934 ], [ 34.923130226054191, 32.513708799410374 ], [ 34.923065001353223, 32.513701829732227 ], [ 34.922854789013698, 32.513665712344462 ], [ 34.923433918983726, 32.513785196990291 ], [ 34.923477420588576, 32.513794172225609 ], [ 34.92348175962249, 32.513758884808013 ], [ 34.923484832364579, 32.513744779571596 ], [ 34.923486954876047, 32.513735045430643 ] ] ] ] } },
{ "type": "Feature", "properties": { "OBJECTID": 3551955, "LAYER_ID": 3552198, "GROUP_ID": 294548, "SCENARIO": null, "DEFQ": 0, "PLAN_NAME": null, "DATA_DATE": null, "MAVAT_CODE": 670, "MAVAT_NAME": "שטח ציבורי פתוח", "NAME": null, "LABEL": null, "NUM": "3142", "LEGAL_AREA": 18.9783, "TYPE_CODE": 0, "TYPE_NAME": null, "SOURCE_COD": 0, "HASAVA": 0, "STATUS": null, "PL_CHANGE": null, "ADDRESS": null, "PLACE_NO": 0, "CALC_AREA": 211.24147342000001, "OLD_MIG": null, "AGAM_ID": 3000330029.0, "SHAPE_AREA": 211.241473415, "SHAPE_LEN": 64.544605796100001 }, "geometry": { "type": "MultiPolygon", "coordinates": [ [ [ [ 34.923564181582428, 32.513838004464105 ], [ 34.923480574211794, 32.513834881578127 ], [ 34.923490118009866, 32.51386885218345 ], [ 34.92350573921388, 32.513901166338911 ], [ 34.923712922828621, 32.513938951795772 ], [ 34.923727579319412, 32.513845783198747 ], [ 34.923564923642907, 32.513812225527417 ], [ 34.9235642192684, 32.513836751366902 ], [ 34.923564181582428, 32.513838004464105 ] ] ] ] } },
{ "type": "Feature", "properties": { "OBJECTID": 3551957, "LAYER_ID": 3552198, "GROUP_ID": 294548, "SCENARIO": null, "DEFQ": 0, "PLAN_NAME": null, "DATA_DATE": null, "MAVAT_CODE": 100, "MAVAT_NAME": "מגורים ג'", "NAME": null, "LABEL": null, "NUM": "207", "LEGAL_AREA": 9.7148, "TYPE_CODE": 0, "TYPE_NAME": null, "SOURCE_COD": 0, "HASAVA": 0, "STATUS": null, "PL_CHANGE": null, "ADDRESS": null, "PLACE_NO": 0, "CALC_AREA": 9682.5574491499992, "OLD_MIG": null, "AGAM_ID": 3000330029.0, "SHAPE_AREA": 9682.5574491499992, "SHAPE_LEN": 460.35552969299999 }, "geometry": { "type": "MultiPolygon", "coordinates": [ [ [ [ 34.927414626826469, 32.512801154763935 ], [ 34.926790362662928, 32.512749247351245 ], [ 34.926642940839017, 32.513728346505623 ], [ 34.926573101031885, 32.514177458713711 ], [ 34.926548081881215, 32.514338351848231 ], [ 34.926956310520787, 32.514361214892794 ], [ 34.92698888135979, 32.514358649850415 ], [ 34.927020469976966, 32.514351451138985 ], [ 34.927050164983633, 32.514339826454425 ], [ 34.927077109626055, 32.514324111189815 ], [ 34.927100526504518, 32.514304758758726 ], [ 34.927119740002851, 32.514282327513179 ], [ 34.92713419578115, 32.514257464634014 ], [ 34.927143476769146, 32.514230887458453 ], [ 34.927210775031831, 32.51382398136866 ], [ 34.927259442833503, 32.513529662531248 ], [ 34.927281362692739, 32.5133969415173 ], [ 34.927333988351073, 32.513116835380515 ], [ 34.927388651888357, 32.512900920989786 ], [ 34.927414626826469, 32.512801154763935 ] ] ] ] } },
{ "type": "Feature", "properties": { "OBJECTID": 3551958, "LAYER_ID": 3552198, "GROUP_ID": 294548, "SCENARIO": null, "DEFQ": 0, "PLAN_NAME": null, "DATA_DATE": null, "MAVAT_CODE": 60, "MAVAT_NAME": "מגורים ב'", "NAME": null, "LABEL": null, "NUM": "211", "LEGAL_AREA": 7.612, "TYPE_CODE": 0, "TYPE_NAME": null, "SOURCE_COD": 0, "HASAVA": 0, "STATUS": null, "PL_CHANGE": null, "ADDRESS": null, "PLACE_NO": 0, "CALC_AREA": 7390.60192104, "OLD_MIG": null, "AGAM_ID": 3000330029.0, "SHAPE_AREA": 7390.60192104, "SHAPE_LEN": 342.61891126900002 }, "geometry": { "type": "MultiPolygon", "coordinates": [ [ [ [ 34.925215944646979, 32.509739285970788 ], [ 34.924281755960649, 32.509468305749934 ], [ 34.92424925374344, 32.509544501973231 ], [ 34.92422907652788, 32.509594636811116 ], [ 34.924191203258118, 32.50968632340939 ], [ 34.924127850964076, 32.509841603393447 ], [ 34.924060906437745, 32.510002349887195 ], [ 34.924012790239502, 32.510118751807035 ], [ 34.92460971817281, 32.510503571079568 ], [ 34.925151034414043, 32.509900687581634 ], [ 34.925215944646979, 32.509739285970788 ] ] ] ] } },
{ "type": "Feature", "properties": { "OBJECTID": 3551959, "LAYER_ID": 3552198, "GROUP_ID": 294548, "SCENARIO": null, "DEFQ": 0, "PLAN_NAME": null, "DATA_DATE": null, "MAVAT_CODE": 60, "MAVAT_NAME": "מגורים ב'", "NAME": null, "LABEL": null, "NUM": "201", "LEGAL_AREA": 4.6299, "TYPE_CODE": 0, "TYPE_NAME": null, "SOURCE_COD": 0, "HASAVA": 0, "STATUS": null, "PL_CHANGE": null, "ADDRESS": null, "PLACE_NO": 0, "CALC_AREA": 4492.1472402, "OLD_MIG": null, "AGAM_ID": 3000330029.0, "SHAPE_AREA": 4492.1472402, "SHAPE_LEN": 290.05277814 }, "geometry": { "type": "MultiPolygon", "coordinates": [ [ [ [ 34.926188092313438, 32.515882059612345 ], [ 34.925653224737765, 32.515835789022326 ], [ 34.925600498187279, 32.516227591759801 ], [ 34.92558237964397, 32.516362221279714 ], [ 34.925582224970732, 32.516371006806288 ], [ 34.925583516414946, 32.516379724910934 ], [ 34.925586228787736, 32.516388205549113 ], [ 34.925590309185267, 32.516396283307934 ], [ 34.925595678020684, 32.516403800632567 ], [ 34.925607961543776, 32.516419131837395 ], [ 34.925622609709755, 32.516432891506767 ], [ 34.925639345916132, 32.516444819814822 ], [ 34.925664977668198, 32.516456594507709 ], [ 34.92568795218051, 32.516471805155838 ], [ 34.925707634190935, 32.516490031174598 ], [ 34.925723479476297, 32.516510768602139 ], [ 34.925735049900524, 32.516533444033954 ], [ 34.925742025529743, 32.516557430478045 ], [ 34.925744213478914, 32.51658206469137 ], [ 34.925741553245665, 32.516606665519085 ], [ 34.925717175677185, 32.516729849399354 ], [ 34.926071282657894, 32.516780154275303 ], [ 34.926125285885476, 32.516364958371597 ], [ 34.926188092313438, 32.515882059612345 ] ] ] ] } },
{ "type": "Feature", "properties": { "OBJECTID": 3551960, "LAYER_ID": 3552198, "GROUP_ID": 294548, "SCENARIO": null, "DEFQ": 0, "PLAN_NAME": null, "DATA_DATE": null, "MAVAT_CODE": 100, "MAVAT_NAME": "מגורים ג'", "NAME": null, "LABEL": null, "NUM": "209", "LEGAL_AREA": 10.4681, "TYPE_CODE": 0, "TYPE_NAME": null, "SOURCE_COD": 0, "HASAVA": 0, "STATUS": null, "PL_CHANGE": null, "ADDRESS": null, "PLACE_NO": 0, "CALC_AREA": 10498.432378699999, "OLD_MIG": null, "AGAM_ID": 3000330029.0, "SHAPE_AREA": 10498.432378699999, "SHAPE_LEN": 437.98309228800002 }, "geometry": { "type": "MultiPolygon", "coordinates": [ [ [ [ 34.927102632673417, 32.511359562820694 ], [ 34.927052238695815, 32.511390442052416 ], [ 34.927004229041358, 32.511423938032408 ], [ 34.926958792667875, 32.511459918928054 ], [ 34.926741096973274, 32.511650933344676 ], [ 34.926519948572796, 32.511839079031716 ], [ 34.926463698561015, 32.511887453115953 ], [ 34.926425371714672, 32.5119200997257 ], [ 34.926413889662619, 32.511930878725884 ], [ 34.926803217681091, 32.512249505307743 ], [ 34.926554343043179, 32.512467762887368 ], [ 34.926722231932196, 32.512607673036229 ], [ 34.92744360462131, 32.512668124530613 ], [ 34.927469390530639, 32.512519880858434 ], [ 34.927487394254129, 32.512370814274767 ], [ 34.927497580424145, 32.512221217934616 ], [ 34.92749992904745, 32.512071386033348 ], [ 34.927494435544261, 32.511921613228168 ], [ 34.927481110756943, 32.511772194058636 ], [ 34.927459980928333, 32.511623422367407 ], [ 34.927431087649943, 32.511475590722362 ], [ 34.92742178119456, 32.511446937741084 ], [ 34.92740704831089, 32.511419968556595 ], [ 34.927387288969797, 32.5113954153245 ], [ 34.92736303959849, 32.51137394461184 ], [ 34.927334958517314, 32.511356139301604 ], [ 34.927303808067734, 32.511342482768647 ], [ 34.927270433916583, 32.511333345757599 ], [ 34.92723574209819, 32.51132897631792 ], [ 34.927200674418025, 32.511329493070107 ], [ 34.927166182885159, 32.511334881985462 ], [ 34.92713320386779, 32.511344996766951 ], [ 34.927102632673417, 32.511359562820694 ] ] ] ] } },
{ "type": "Feature", "properties": { "OBJECTID": 3551961, "LAYER_ID": 3552198, "GROUP_ID": 294548, "SCENARIO": null, "DEFQ": 0, "PLAN_NAME": null, "DATA_DATE": null, "MAVAT_CODE": 830, "MAVAT_NAME": "דרך מוצעת", "NAME": null, "LABEL": null, "NUM": "122", "LEGAL_AREA": 7.704, "TYPE_CODE": 0, "TYPE_NAME": null, "SOURCE_COD": 0, "HASAVA": 0, "STATUS": null, "PL_CHANGE": null, "ADDRESS": null, "PLACE_NO": 0, "CALC_AREA": 14139.1998451, "OLD_MIG": null, "AGAM_ID": 3000330029.0, "SHAPE_AREA": 14139.1998451, "SHAPE_LEN": 1209.5252602099999 }, "geometry": { "type": "MultiPolygon", "coordinates": [ [ [ [ 34.926596034692373, 32.510218026654911 ], [ 34.926684720629233, 32.51030238166615 ], [ 34.926767983246577, 32.510390616106882 ], [ 34.926845586576277, 32.510482479935902 ], [ 34.926857452689234, 32.51045542850521 ], [ 34.92686672849117, 32.510427659831571 ], [ 34.92687378644419, 32.510396976653787 ], [ 34.926920461983428, 32.510133716483701 ], [ 34.926817119676585, 32.510035565503017 ], [ 34.926783493597931, 32.510000299593607 ], [ 34.926755514857142, 32.509961654117838 ], [ 34.926733650589824, 32.509920274314538 ], [ 34.92671826584057, 32.509876851074822 ], [ 34.926709617468518, 32.509832109406787 ], [ 34.926707849859334, 32.509786796330353 ], [ 34.926712992515156, 32.509741668404679 ], [ 34.926724959562755, 32.509697479096531 ], [ 34.92674355118789, 32.509654966200173 ], [ 34.9268272446567, 32.509488278120159 ], [ 34.926909926749289, 32.509307516934108 ], [ 34.926985397849187, 32.509124504852174 ], [ 34.927053572855634, 32.508939448343988 ], [ 34.927114374900668, 32.508752556184426 ], [ 34.927167735435589, 32.508564039218015 ], [ 34.927213594308121, 32.508374110121018 ], [ 34.927251899830054, 32.50818298316149 ], [ 34.927282608835348, 32.507990873957453 ], [ 34.92730568672868, 32.507797999233802 ], [ 34.927321107524158, 32.50760457657757 ], [ 34.927323168500237, 32.507591453274223 ], [ 34.927327720094205, 32.507578788532093 ], [ 34.927334641178327, 32.507566919384658 ], [ 34.927343747568237, 32.507556161692875 ], [ 34.927354796924661, 32.507546801739672 ], [ 34.927367495202468, 32.507539088611324 ], [ 34.927381504475882, 32.507533227568949 ], [ 34.927383659797769, 32.507521075111704 ], [ 34.927385414846313, 32.507499039249858 ], [ 34.92738291439673, 32.507477055128362 ], [ 34.927376225119531, 32.507455708891776 ], [ 34.927365525368153, 32.507435569676829 ], [ 34.927351100423422, 32.507417174438139 ], [ 34.927333334887152, 32.507401013631785 ], [ 34.927312702427663, 32.50738751813897 ], [ 34.927289753150674, 32.507377047777787 ], [ 34.927265098932459, 32.507369881709941 ], [ 34.925929995677528, 32.507082567186075 ], [ 34.926257961104902, 32.507225721158918 ], [ 34.926745720519833, 32.507353894090564 ], [ 34.926797130935739, 32.507371038630914 ], [ 34.926844982785745, 32.507394438748356 ], [ 34.926888223164724, 32.507423579561525 ], [ 34.926925900632924, 32.5074578198737 ], [ 34.926957186150709, 32.507496406281199 ], [ 34.926981391320574, 32.507538489750367 ], [ 34.926997983534612, 32.507583144298913 ], [ 34.927006597694593, 32.507629387370535 ], [ 34.927007044246231, 32.507676201454281 ], [ 34.926987525538578, 32.50787262644301 ], [ 34.92695973167239, 32.508068334535842 ], [ 34.92692369813178, 32.508263075496743 ], [ 34.926879470937216, 32.508456600324635 ], [ 34.926827106586764, 32.508648661571812 ], [ 34.926766671984218, 32.50883901366052 ], [ 34.926698244353723, 32.509027413196804 ], [ 34.926621911141368, 32.509213619281901 ], [ 34.926537769903526, 32.509397393820237 ], [ 34.926537703666249, 32.509397373835846 ], [ 34.926476729014198, 32.509518045307694 ], [ 34.926413669494721, 32.5096379450234 ], [ 34.926395757863112, 32.50966384008067 ], [ 34.926373218516133, 32.509686994986318 ], [ 34.926346623993616, 32.50970682156089 ], [ 34.926316649846129, 32.509722816170616 ], [ 34.926283297459982, 32.509739634324973 ], [ 34.92625350676488, 32.509760713305106 ], [ 34.926228028717119, 32.509785521759291 ], [ 34.9262075055628, 32.509813434323995 ], [ 34.926192454648181, 32.509843747387734 ], [ 34.926183255378128, 32.50987569682718 ], [ 34.926180140089187, 32.509909127437957 ], [ 34.92618343209778, 32.509942545887363 ], [ 34.926193045124769, 32.509975076251763 ], [ 34.92620872721163, 32.510005865884068 ], [ 34.926221471269763, 32.510029629500622 ], [ 34.926230198143223, 32.510055365027405 ], [ 34.926234331785913, 32.510081911770442 ], [ 34.926233781069328, 32.510108684517434 ], [ 34.926228558129623, 32.510135093073337 ], [ 34.926218778100612, 32.510160555271099 ], [ 34.926204656575969, 32.51018450980537 ], [ 34.926087547397437, 32.510344781649636 ], [ 34.925964147782786, 32.510501628279506 ], [ 34.925834597101414, 32.51065487250937 ], [ 34.92569904167361, 32.510804341222325 ], [ 34.925557634605418, 32.510949865565792 ], [ 34.925644165097182, 32.510958814852067 ], [ 34.92578419340407, 32.510973298278024 ], [ 34.925916339444875, 32.510832414594013 ], [ 34.926043236699385, 32.510688108066446 ], [ 34.926164761784648, 32.510540519033903 ], [ 34.926280796543907, 32.510389791026505 ], [ 34.926391228161506, 32.510236070626334 ], [ 34.926403780381925, 32.510221030252566 ], [ 34.926419159826509, 32.510208010477555 ], [ 34.926436921350572, 32.510197388146409 ], [ 34.92645655086298, 32.510189470712461 ], [ 34.926477480205961, 32.51018448733825 ], [ 34.926499103599731, 32.510182582262715 ], [ 34.926520795176117, 32.510183810626437 ], [ 34.926541927093474, 32.510188136875655 ], [ 34.926561887708765, 32.510195435791267 ], [ 34.92658009928082, 32.510205496113159 ], [ 34.926596034692373, 32.510218026654911 ] ] ] ] } },
{ "type": "Feature", "properties": { "OBJECTID": 3551956, "LAYER_ID": 3552198, "GROUP_ID": 294548, "SCENARIO": null, "DEFQ": 0, "PLAN_NAME": null, "DATA_DATE": null, "MAVAT_CODE": 670, "MAVAT_NAME": "שטח ציבורי פתוח", "NAME": null, "LABEL": null, "NUM": "3141", "LEGAL_AREA": 18.9783, "TYPE_CODE": 0, "TYPE_NAME": null, "SOURCE_COD": 0, "HASAVA": 0, "STATUS": null, "PL_CHANGE": null, "ADDRESS": null, "PLACE_NO": 0, "CALC_AREA": 294.01063095000001, "OLD_MIG": null, "AGAM_ID": 3000330029.0, "SHAPE_AREA": 294.010630951, "SHAPE_LEN": 95.348981887400001 }, "geometry": { "type": "MultiPolygon", "coordinates": [ [ [ [ 34.923712922828621, 32.513938951795772 ], [ 34.92350573921388, 32.513901166338911 ], [ 34.923515000387717, 32.513915448846966 ], [ 34.923544214747182, 32.513956874645181 ], [ 34.923602370699285, 32.514039341925155 ], [ 34.923626762519646, 32.514080736503786 ], [ 34.923643524980719, 32.514124769718158 ], [ 34.923650712547548, 32.514154701662036 ], [ 34.923655359232825, 32.514184992067008 ], [ 34.923659491998919, 32.514222311644964 ], [ 34.923670195829487, 32.514228456213552 ], [ 34.923695354837818, 32.51423384713204 ], [ 34.923696762908889, 32.514135395696179 ], [ 34.923702250302242, 32.514037046871394 ], [ 34.923712922828621, 32.513938951795772 ] ] ] ] } },
{ "type": "Feature", "properties": { "OBJECTID": 3551962, "LAYER_ID": 3552198, "GROUP_ID": 294548, "SCENARIO": null, "DEFQ": 0, "PLAN_NAME": null, "DATA_DATE": null, "MAVAT_CODE": 400, "MAVAT_NAME": "מבנים ומוסדות ציבור", "NAME": null, "LABEL": "304", "NUM": "301", "LEGAL_AREA": 4.5486, "TYPE_CODE": 0, "TYPE_NAME": null, "SOURCE_COD": 0, "HASAVA": 0, "STATUS": null, "PL_CHANGE": null, "ADDRESS": null, "PLACE_NO": 0, "CALC_AREA": 4115.3181230600003, "OLD_MIG": null, "AGAM_ID": 3000330029.0, "SHAPE_AREA": 4115.3181230600003, "SHAPE_LEN": 294.04658415599999 }, "geometry": { "type": "MultiPolygon", "coordinates": [ [ [ [ 34.923575691555364, 32.512783913454939 ], [ 34.923287121514363, 32.512640847226656 ], [ 34.923244124312205, 32.512703111745886 ], [ 34.923152270222417, 32.512657572731726 ], [ 34.92314989319231, 32.512667682727546 ], [ 34.923126411054241, 32.512781648872469 ], [ 34.923074086394976, 32.513003330660901 ], [ 34.922936859812353, 32.513577179678457 ], [ 34.923020660798919, 32.513610769267032 ], [ 34.923102637103575, 32.513647449375085 ], [ 34.923182630065213, 32.513687149011147 ], [ 34.923193213685913, 32.513691726975772 ], [ 34.923204521755764, 32.513694820824959 ], [ 34.923216266551321, 32.513696351838526 ], [ 34.923228149236998, 32.513696281061222 ], [ 34.923239867468631, 32.513694610293918 ], [ 34.923251123086551, 32.513691382047767 ], [ 34.923261629701855, 32.513686678462527 ], [ 34.923271119983504, 32.513680619216593 ], [ 34.923279352460227, 32.513673358481924 ], [ 34.923286117664624, 32.513665081001179 ], [ 34.923291243462785, 32.513655997387112 ], [ 34.923318750009848, 32.513586134640128 ], [ 34.923338876170575, 32.513514488368187 ], [ 34.923374166205697, 32.513376820973299 ], [ 34.923417330048579, 32.513240773842007 ], [ 34.923468265150689, 32.513106670083687 ], [ 34.923520566836736, 32.512988082516607 ], [ 34.923578946137155, 32.512871548970104 ], [ 34.923596130367855, 32.512839693170115 ], [ 34.923598789978094, 32.512833010791709 ], [ 34.923600187268981, 32.512826058754698 ], [ 34.923600288055844, 32.512819007141786 ], [ 34.923599089873228, 32.512812028471799 ], [ 34.923596622035134, 32.512805293478934 ], [ 34.92359294491785, 32.512798966935762 ], [ 34.923588148482821, 32.512793203622046 ], [ 34.923582350075677, 32.51278814453805 ], [ 34.923575691555364, 32.512783913454939 ] ] ] ] } },
{ "type": "Feature", "properties": { "OBJECTID": 3551963, "LAYER_ID": 3552198, "GROUP_ID": 294548, "SCENARIO": null, "DEFQ": 0, "PLAN_NAME": null, "DATA_DATE": null, "MAVAT_CODE": 740, "MAVAT_NAME": "נחל/ תעלה/מאגר מים", "NAME": null, "LABEL": null, "NUM": "6001", "LEGAL_AREA": 17.2656, "TYPE_CODE": 0, "TYPE_NAME": null, "SOURCE_COD": 0, "HASAVA": 0, "STATUS": null, "PL_CHANGE": null, "ADDRESS": null, "PLACE_NO": 0, "CALC_AREA": 3380.4925188699999, "OLD_MIG": null, "AGAM_ID": 3000330029.0, "SHAPE_AREA": 3380.4925188699999, "SHAPE_LEN": 612.35146052300001 }, "geometry": { "type": "MultiPolygon", "coordinates": [ [ [ [ 34.924952499646921, 32.512283603390308 ], [ 34.925133719551965, 32.512304004671641 ], [ 34.925448053837478, 32.511918122004062 ], [ 34.925528152594808, 32.51170940091319 ], [ 34.924562895082289, 32.512489042594531 ], [ 34.924454923488454, 32.512581159992926 ], [ 34.924353062829752, 32.51267814570393 ], [ 34.924257618377176, 32.512779709085308 ], [ 34.924168876176765, 32.512885545775731 ], [ 34.924087102192367, 32.512995338606721 ], [ 34.924012541508404, 32.513108758552995 ], [ 34.923945417595185, 32.513225465718385 ], [ 34.923885931638935, 32.513345110354251 ], [ 34.923834261938637, 32.513467333907649 ], [ 34.923790563371377, 32.513591770095587 ], [ 34.923754966927859, 32.513718046002701 ], [ 34.923727579319412, 32.513845783198747 ], [ 34.923803623829983, 32.513861471723303 ], [ 34.923816177936082, 32.513768195492553 ], [ 34.92385104350339, 32.513619141375948 ], [ 34.923889892555451, 32.513505889640051 ], [ 34.923914728927841, 32.513470564271756 ], [ 34.923931444891863, 32.51343324275652 ], [ 34.924028044865189, 32.513314624784073 ], [ 34.924153396730304, 32.51312389208659 ], [ 34.924625389253677, 32.512640524944644 ], [ 34.924631646753234, 32.51259238081321 ], [ 34.924643841531768, 32.5125450606036 ], [ 34.924661838493691, 32.512499088500455 ], [ 34.924685438271204, 32.512454973754288 ], [ 34.924714379433006, 32.512413205040218 ], [ 34.924743572100574, 32.512380294930175 ], [ 34.924777971778234, 32.512351220123428 ], [ 34.924816884849214, 32.512326566865063 ], [ 34.924859526693687, 32.512306832246573 ], [ 34.924905037509205, 32.512292414183108 ], [ 34.924952499646921, 32.512283603390308 ] ] ] ] } },
{ "type": "Feature", "properties": { "OBJECTID": 3551964, "LAYER_ID": 3552198, "GROUP_ID": 294548, "SCENARIO": null, "DEFQ": 0, "PLAN_NAME": null, "DATA_DATE": null, "MAVAT_CODE": 740, "MAVAT_NAME": "נחל/ תעלה/מאגר מים", "NAME": null, "LABEL": null, "NUM": "6003", "LEGAL_AREA": 17.2656, "TYPE_CODE": 0, "TYPE_NAME": null, "SOURCE_COD": 0, "HASAVA": 0, "STATUS": null, "PL_CHANGE": null, "ADDRESS": null, "PLACE_NO": 0, "CALC_AREA": 220.7080125, "OLD_MIG": null, "AGAM_ID": 3000330029.0, "SHAPE_AREA": 220.70801249600001, "SHAPE_LEN": 78.240436576099995 }, "geometry": { "type": "MultiPolygon", "coordinates": [ [ [ [ 34.923791272484145, 32.513953242016079 ], [ 34.923712922828621, 32.513938951795772 ], [ 34.923702250302242, 32.514037046871394 ], [ 34.923696762908889, 32.514135395696179 ], [ 34.923695354837818, 32.51423384713204 ], [ 34.923721773080601, 32.514239505558265 ], [ 34.923752097933999, 32.514244294903683 ], [ 34.923791272484145, 32.513953242016079 ] ] ] ] } },
{ "type": "Feature", "properties": { "OBJECTID": 3551965, "LAYER_ID": 3552198, "GROUP_ID": 294548, "SCENARIO": null, "DEFQ": 0, "PLAN_NAME": null, "DATA_DATE": null, "MAVAT_CODE": 740, "MAVAT_NAME": "נחל/ תעלה/מאגר מים", "NAME": null, "LABEL": null, "NUM": "600", "LEGAL_AREA": 17.2656, "TYPE_CODE": 0, "TYPE_NAME": null, "SOURCE_COD": 0, "HASAVA": 0, "STATUS": null, "PL_CHANGE": null, "ADDRESS": null, "PLACE_NO": 0, "CALC_AREA": 12028.6745851, "OLD_MIG": null, "AGAM_ID": 3000330029.0, "SHAPE_AREA": 12028.6745851, "SHAPE_LEN": 1579.72700753 }, "geometry": { "type": "MultiPolygon", "coordinates": [ [ [ [ 34.927053479406119, 32.510748792503961 ], [ 34.927051061070159, 32.510745445263638 ], [ 34.92700122212738, 32.510684527939787 ], [ 34.926951453995521, 32.510721322932127 ], [ 34.926628579609037, 32.510960036200352 ], [ 34.9260768483459, 32.511254653581915 ], [ 34.925995685782091, 32.511327112295547 ], [ 34.925942584063662, 32.511374656581069 ], [ 34.925528152594808, 32.51170940091319 ], [ 34.925448053837478, 32.511918122004062 ], [ 34.925133719551965, 32.512304004671641 ], [ 34.924952499646921, 32.512283603390308 ], [ 34.924905037509205, 32.512292414183094 ], [ 34.924859526693687, 32.512306832246573 ], [ 34.924816884849214, 32.512326566865063 ], [ 34.924777971778219, 32.512351220123421 ], [ 34.924743572100574, 32.512380294930175 ], [ 34.924714379433006, 32.512413205040218 ], [ 34.924685438271204, 32.512454973754288 ], [ 34.924661838493691, 32.512499088500455 ], [ 34.924643841531768, 32.5125450606036 ], [ 34.924631646753234, 32.51259238081321 ], [ 34.924625389253677, 32.512640524944644 ], [ 34.924153396730304, 32.51312389208659 ], [ 34.924028044865189, 32.513314624784073 ], [ 34.923931444891863, 32.51343324275652 ], [ 34.923914728927841, 32.513470564271756 ], [ 34.923889892555451, 32.513505889640051 ], [ 34.92385104350339, 32.513619141375948 ], [ 34.923816177936082, 32.513768195492553 ], [ 34.923803623829983, 32.513861471723303 ], [ 34.923727579319412, 32.513845783198747 ], [ 34.923712922828621, 32.513938951795772 ], [ 34.923791272484145, 32.513953242016079 ], [ 34.923752097933999, 32.514244294903683 ], [ 34.923786015714633, 32.514249653042924 ], [ 34.923788758302827, 32.514317770586828 ], [ 34.923793263850904, 32.514378957342004 ], [ 34.923803944826858, 32.514472759834028 ], [ 34.923818391951578, 32.514561980550305 ], [ 34.923832652790232, 32.514636116280101 ], [ 34.923857660101717, 32.514765653369778 ], [ 34.923879085557182, 32.514876630514955 ], [ 34.923888319439506, 32.514923804304821 ], [ 34.923893708306267, 32.514954956981164 ], [ 34.923910092005464, 32.515100630514162 ], [ 34.92392212693413, 32.515206745583924 ], [ 34.923966402247785, 32.515375347658889 ], [ 34.9239723478549, 32.515405857058461 ], [ 34.923975092029352, 32.515436690121334 ], [ 34.923965612190031, 32.515546734261079 ], [ 34.92395458705213, 32.51565841393986 ], [ 34.923940286352781, 32.515749310831602 ], [ 34.923918776818425, 32.515855844303729 ], [ 34.923879610171745, 32.516005767169055 ], [ 34.923863403741585, 32.516060410068782 ], [ 34.923821920575861, 32.516200283992681 ], [ 34.923734831157155, 32.516526599616448 ], [ 34.923822559434115, 32.516543491993282 ], [ 34.923827647784961, 32.51650495429157 ], [ 34.92383717086016, 32.516467024915677 ], [ 34.923861732441729, 32.516380546192565 ], [ 34.923870618808792, 32.516350584982405 ], [ 34.924021374775258, 32.516008241775857 ], [ 34.924055882383492, 32.515872443469782 ], [ 34.924082462240186, 32.515735371070242 ], [ 34.924101049995748, 32.515597356614805 ], [ 34.924111600660986, 32.515458734421436 ], [ 34.924114088715733, 32.515319840278821 ], [ 34.924108508170313, 32.515181010632809 ], [ 34.924094872579666, 32.51504258177151 ], [ 34.924073215010196, 32.514904889010701 ], [ 34.924070538999239, 32.514890799536971 ], [ 34.924004838969829, 32.514550478475556 ], [ 34.923985646968035, 32.514429456549927 ], [ 34.923974644206282, 32.514307703412904 ], [ 34.923971866573019, 32.514185616561797 ], [ 34.923977323103223, 32.514063594581756 ], [ 34.923990995949367, 32.513942035844565 ], [ 34.924012840440135, 32.5138213372081 ], [ 34.924042785226625, 32.51370189272064 ], [ 34.924080732515812, 32.513584092334483 ], [ 34.924126558390093, 32.513468320632917 ], [ 34.924180113212337, 32.513354955574755 ], [ 34.924241222114631, 32.513244367260469 ], [ 34.924309685569632, 32.513136916724065 ], [ 34.924385280042159, 32.513032954754493 ], [ 34.924467758719267, 32.512932820750628 ], [ 34.924556852316151, 32.512836841613222 ], [ 34.924652269955615, 32.512745330678037 ], [ 34.924753700117606, 32.512658586692865 ], [ 34.924753700122629, 32.512658585069744 ], [ 34.92613861754527, 32.511539973935747 ], [ 34.926282771648111, 32.511411129966739 ], [ 34.926288592463543, 32.511405766753747 ], [ 34.926326044040621, 32.511367756415744 ], [ 34.926360681279611, 32.511327876009446 ], [ 34.926365766498506, 32.511321563987892 ], [ 34.926391988095645, 32.511290938147056 ], [ 34.926420531234179, 32.511261840708343 ], [ 34.926496349705715, 32.511191887865152 ], [ 34.926560281793776, 32.51113705227683 ], [ 34.926637157269361, 32.511074147544171 ], [ 34.926668115434936, 32.511049066585379 ], [ 34.926668166856253, 32.511049025399586 ], [ 34.926668256736548, 32.511048953504549 ], [ 34.926668305545434, 32.511048913981163 ], [ 34.926668307519186, 32.511048912362384 ], [ 34.926668333553408, 32.511048890372521 ], [ 34.926668358942159, 32.511048870635548 ], [ 34.926668382415365, 32.511048850894348 ], [ 34.926668448183946, 32.511048798739083 ], [ 34.926668459225418, 32.511048789971568 ], [ 34.926668472242589, 32.511048778954105 ], [ 34.926668523025228, 32.511048737811947 ], [ 34.926680621306396, 32.511039036679584 ], [ 34.926693326634457, 32.511028997834778 ], [ 34.926872047234419, 32.510887643898798 ], [ 34.927053479406119, 32.510748792503961 ] ] ] ] } },
{ "type": "Feature", "properties": { "OBJECTID": 3551966, "LAYER_ID": 3552198, "GROUP_ID": 294548, "SCENARIO": null, "DEFQ": 0, "PLAN_NAME": null, "DATA_DATE": null, "MAVAT_CODE": 60, "MAVAT_NAME": "מגורים ב'", "NAME": null, "LABEL": null, "NUM": "214", "LEGAL_AREA": 9.0664, "TYPE_CODE": 0, "TYPE_NAME": null, "SOURCE_COD": 0, "HASAVA": 0, "STATUS": null, "PL_CHANGE": null, "ADDRESS": null, "PLACE_NO": 0, "CALC_AREA": 6355.4143199800001, "OLD_MIG": null, "AGAM_ID": 3000330029.0, "SHAPE_AREA": 6355.4143199800001, "SHAPE_LEN": 316.28691665299999 }, "geometry": { "type": "MultiPolygon", "coordinates": [ [ [ [ 34.923992106194085, 32.51228882273373 ], [ 34.923992235850477, 32.512288897325419 ], [ 34.924059934337969, 32.512217218241368 ], [ 34.924130284909268, 32.512147396809553 ], [ 34.924149105781019, 32.512126390915142 ], [ 34.924164109705515, 32.512103283769456 ], [ 34.924174975816271, 32.51207856953517 ], [ 34.924181471737413, 32.512052776743246 ], [ 34.924182433609914, 32.512038099552171 ], [ 34.924180568280988, 32.51202348496664 ], [ 34.92417592532415, 32.512009321377043 ], [ 34.9241686281296, 32.511995985187966 ], [ 34.924158870625064, 32.511983830815367 ], [ 34.924146912121955, 32.511973181267678 ], [ 34.924064362197008, 32.511915067510714 ], [ 34.923977168304248, 32.511862046281415 ], [ 34.923885767147823, 32.511814383127977 ], [ 34.923790616500916, 32.511772316763029 ], [ 34.923692192913357, 32.511736057868447 ], [ 34.923399684207091, 32.511634461406643 ], [ 34.923382340836532, 32.511707908533026 ], [ 34.923371911831438, 32.511753824909263 ], [ 34.923338481148349, 32.511880102730451 ], [ 34.923302028285867, 32.512037183706155 ], [ 34.923255640568016, 32.512233048218853 ], [ 34.923242491148677, 32.512288343994655 ], [ 34.923204209668114, 32.512442639813436 ], [ 34.923339490704038, 32.512509816338131 ], [ 34.9236417849364, 32.512659924806982 ], [ 34.923649388175718, 32.512663042016143 ], [ 34.923657477758255, 32.512665100558948 ], [ 34.923665849853535, 32.512666048567006 ], [ 34.923674293512597, 32.512665862153654 ], [ 34.923682595983379, 32.51266454601587 ], [ 34.923690548071235, 32.512662133315935 ], [ 34.923697949410084, 32.512658684845874 ], [ 34.923704613510935, 32.51265428749565 ], [ 34.923710372460803, 32.512649052063786 ], [ 34.923715081153524, 32.512643110465646 ], [ 34.923765369146565, 32.512569807905088 ], [ 34.923818172635933, 32.512497786511624 ], [ 34.923852674001338, 32.512452854464208 ], [ 34.923920690638269, 32.512369801439718 ], [ 34.923992106194085, 32.51228882273373 ] ] ] ] } },
{ "type": "Feature", "properties": { "OBJECTID": 3551967, "LAYER_ID": 3552198, "GROUP_ID": 294548, "SCENARIO": null, "DEFQ": 0, "PLAN_NAME": null, "DATA_DATE": null, "MAVAT_CODE": 830, "MAVAT_NAME": "דרך מוצעת", "NAME": null, "LABEL": null, "NUM": "112", "LEGAL_AREA": 0.1124, "TYPE_CODE": 0, "TYPE_NAME": null, "SOURCE_COD": 0, "HASAVA": 0, "STATUS": null, "PL_CHANGE": null, "ADDRESS": null, "PLACE_NO": 0, "CALC_AREA": 3378.7707177799998, "OLD_MIG": null, "AGAM_ID": 3000330029.0, "SHAPE_AREA": 3378.7707177799998, "SHAPE_LEN": 428.64272311799999 }, "geometry": { "type": "MultiPolygon", "coordinates": [ [ [ [ 34.924148908687719, 32.512380603983978 ], [ 34.923992235850477, 32.512288897325419 ], [ 34.923992106194085, 32.51228882273373 ], [ 34.923920690638269, 32.512369801439718 ], [ 34.923852674001338, 32.512452854464208 ], [ 34.923818172635933, 32.512497786511624 ], [ 34.923765369146565, 32.512569807905088 ], [ 34.923715081153524, 32.512643110465646 ], [ 34.923710372460803, 32.512649052063786 ], [ 34.923704613510935, 32.51265428749565 ], [ 34.923697949410084, 32.512658684845874 ], [ 34.923690548071235, 32.512662133315935 ], [ 34.923682595983379, 32.51266454601587 ], [ 34.923674293512597, 32.512665862153654 ], [ 34.923665849853535, 32.512666048567006 ], [ 34.923657477758255, 32.512665100558948 ], [ 34.923649388175718, 32.512663042016143 ], [ 34.9236417849364, 32.512659924806982 ], [ 34.923204209668114, 32.512442639813436 ], [ 34.923202476384049, 32.512449626208216 ], [ 34.923169881990432, 32.512582725003455 ], [ 34.923287121514363, 32.512640847226656 ], [ 34.923575691555364, 32.512783913454939 ], [ 34.923582350075677, 32.51278814453805 ], [ 34.923588148482821, 32.512793203622046 ], [ 34.92359294491785, 32.512798966935762 ], [ 34.923596622035134, 32.512805293478934 ], [ 34.923599089873228, 32.512812028471799 ], [ 34.923600288055844, 32.512819007141786 ], [ 34.923600187268981, 32.512826058754698 ], [ 34.923598789978094, 32.512833010791709 ], [ 34.923596130367855, 32.512839693170115 ], [ 34.923578867091109, 32.512871694648737 ], [ 34.923516777056825, 32.51299616658941 ], [ 34.923461620116392, 32.513122961182496 ], [ 34.92341351683033, 32.513251801351288 ], [ 34.923372572346572, 32.513382405547844 ], [ 34.923338876170575, 32.513514488368187 ], [ 34.923326318119919, 32.513562326249023 ], [ 34.923369928773269, 32.513550308053702 ], [ 34.92341158076524, 32.513534049798309 ], [ 34.923450702157766, 32.513513774731045 ], [ 34.923486755762383, 32.513489761256245 ], [ 34.923555317224839, 32.513433123504974 ], [ 34.923594393651939, 32.513306803404063 ], [ 34.923640484075236, 32.513182192401821 ], [ 34.923693485110334, 32.513059569932913 ], [ 34.923753277877417, 32.512939210971759 ], [ 34.923819728268235, 32.512821385415876 ], [ 34.923892687246912, 32.512706357480774 ], [ 34.923971991184359, 32.512594385107533 ], [ 34.924057462225392, 32.512485719384415 ], [ 34.924148908687719, 32.512380603983978 ] ] ] ] } },
{ "type": "Feature", "properties": { "OBJECTID": 3551968, "LAYER_ID": 3552198, "GROUP_ID": 294548, "SCENARIO": null, "DEFQ": 0, "PLAN_NAME": null, "DATA_DATE": null, "MAVAT_CODE": 140, "MAVAT_NAME": "מגורים ד'", "NAME": null, "LABEL": null, "NUM": "200", "LEGAL_AREA": 6.3469, "TYPE_CODE": 0, "TYPE_NAME": null, "SOURCE_COD": 0, "HASAVA": 0, "STATUS": null, "PL_CHANGE": null, "ADDRESS": null, "PLACE_NO": 0, "CALC_AREA": 6341.5256125300002, "OLD_MIG": null, "AGAM_ID": 3000330029.0, "SHAPE_AREA": 6341.5256125300002, "SHAPE_LEN": 325.67591959600003 }, "geometry": { "type": "MultiPolygon", "coordinates": [ [ [ [ 34.926091284234936, 32.516782997726445 ], [ 34.926668263430628, 32.516864961414917 ], [ 34.926685724848284, 32.516849168225924 ], [ 34.926700404402659, 32.516831459157096 ], [ 34.926712012894733, 32.516812183093414 ], [ 34.926720321628672, 32.51679171979081 ], [ 34.926725166917258, 32.516770472394704 ], [ 34.926764891700209, 32.516531808258101 ], [ 34.926814132241788, 32.516235756242523 ], [ 34.926815617359821, 32.516226826924793 ], [ 34.926828115570451, 32.516151686230664 ], [ 34.926861707814275, 32.515940491923892 ], [ 34.926188129606118, 32.515881769111907 ], [ 34.926188092313438, 32.515882059612345 ], [ 34.926125285885476, 32.516364958371597 ], [ 34.926071282657894, 32.516780154275303 ], [ 34.926091284234936, 32.516782997726445 ] ] ] ] } },
{ "type": "Feature", "properties": { "OBJECTID": 3551969, "LAYER_ID": 3552198, "GROUP_ID": 294548, "SCENARIO": null, "DEFQ": 0, "PLAN_NAME": null, "DATA_DATE": null, "MAVAT_CODE": 670, "MAVAT_NAME": "שטח ציבורי פתוח", "NAME": null, "LABEL": null, "NUM": "305", "LEGAL_AREA": 0.7265, "TYPE_CODE": 0, "TYPE_NAME": null, "SOURCE_COD": 0, "HASAVA": 0, "STATUS": null, "PL_CHANGE": null, "ADDRESS": null, "PLACE_NO": 0, "CALC_AREA": 726.45373625000002, "OLD_MIG": null, "AGAM_ID": 3000330029.0, "SHAPE_AREA": 726.45373625299999, "SHAPE_LEN": 165.14918833499999 }, "geometry": { "type": "MultiPolygon", "coordinates": [ [ [ [ 34.925506541440235, 32.515731840790451 ], [ 34.924737912264689, 32.515666273537384 ], [ 34.924730561940265, 32.51572640470016 ], [ 34.924726668565995, 32.515755287333334 ], [ 34.925494550823529, 32.515822343968196 ], [ 34.925506541440235, 32.515731840790451 ] ] ] ] } },
{ "type": "Feature", "properties": { "OBJECTID": 3551970, "LAYER_ID": 3552198, "GROUP_ID": 294548, "SCENARIO": null, "DEFQ": 0, "PLAN_NAME": null, "DATA_DATE": null, "MAVAT_CODE": 830, "MAVAT_NAME": "דרך מוצעת", "NAME": null, "LABEL": null, "NUM": "104", "LEGAL_AREA": 21.698, "TYPE_CODE": 0, "TYPE_NAME": null, "SOURCE_COD": 0, "HASAVA": 0, "STATUS": null, "PL_CHANGE": null, "ADDRESS": null, "PLACE_NO": 0, "CALC_AREA": 4098.079116, "OLD_MIG": null, "AGAM_ID": 3000330029.0, "SHAPE_AREA": 4098.079116, "SHAPE_LEN": 502.83630225000002 }, "geometry": { "type": "MultiPolygon", "coordinates": [ [ [ [ 34.924672202123915, 32.51189645485946 ], [ 34.92472153455364, 32.511851099311549 ], [ 34.924760195021229, 32.511882082098744 ], [ 34.92487935790512, 32.511772528693157 ], [ 34.924983554380823, 32.511683977758324 ], [ 34.925270704764216, 32.511447037696357 ], [ 34.925410610291728, 32.511328187555357 ], [ 34.925546376794237, 32.511205939750944 ], [ 34.925677889406721, 32.511080397725685 ], [ 34.925157344317263, 32.511026557289725 ], [ 34.925300282251577, 32.511118701529789 ], [ 34.925306919472376, 32.511123780326081 ], [ 34.925312459119823, 32.511129729258315 ], [ 34.92531674471207, 32.511136380283538 ], [ 34.925319655191181, 32.511143545526387 ], [ 34.925321108342807, 32.511151022586006 ], [ 34.925321063118538, 32.511158600253445 ], [ 34.925319520795505, 32.511166064477749 ], [ 34.925316524940264, 32.511173204412465 ], [ 34.925312160178258, 32.511179818371382 ], [ 34.925306549803359, 32.511185719525933 ], [ 34.925222585197226, 32.511258889423964 ], [ 34.925137063142927, 32.511330752651745 ], [ 34.924848818113531, 32.511568593741515 ], [ 34.924719697828444, 32.511679870739592 ], [ 34.924577191485056, 32.511811040827148 ], [ 34.924547185289249, 32.511835052342519 ], [ 34.924513498600668, 32.511855257526555 ], [ 34.924476798375593, 32.511871256339461 ], [ 34.924437811236196, 32.511882732022613 ], [ 34.924397309084014, 32.511889457370273 ], [ 34.924358075094553, 32.51189082180256 ], [ 34.924319105488301, 32.511886734524467 ], [ 34.924281448293115, 32.511877305457098 ], [ 34.92424611624093, 32.511862788180842 ], [ 34.924214059531316, 32.511843573115328 ], [ 34.924143491435892, 32.511796113833952 ], [ 34.9240700157684, 32.511751935928459 ], [ 34.92401277397984, 32.511882744961454 ], [ 34.924081352296746, 32.511926355913069 ], [ 34.924146912121955, 32.511973181267678 ], [ 34.924158870625064, 32.511983830815367 ], [ 34.9241686281296, 32.511995985187966 ], [ 34.92417592532415, 32.512009321377043 ], [ 34.924180568280988, 32.51202348496664 ], [ 34.924182433609914, 32.512038099552171 ], [ 34.924181471737413, 32.512052776743246 ], [ 34.924174975816271, 32.51207856953517 ], [ 34.924164109705515, 32.512103283769456 ], [ 34.924149105781019, 32.512126390915142 ], [ 34.924130284909268, 32.512147396809553 ], [ 34.924079402595005, 32.512197442858508 ], [ 34.924220999439598, 32.512280326385707 ], [ 34.924235402344323, 32.512288757145257 ], [ 34.924282608144189, 32.512242289666126 ], [ 34.924306733308697, 32.512222468257484 ], [ 34.924334239669754, 32.5122061112626 ], [ 34.924364441557714, 32.512193626422381 ], [ 34.924396586110973, 32.512185324954061 ], [ 34.92442299959648, 32.512178511261155 ], [ 34.92444782603971, 32.51216827359125 ], [ 34.924470451632054, 32.512154865060559 ], [ 34.924490316979359, 32.512138617181641 ], [ 34.924506930932594, 32.512119931666831 ], [ 34.924519882730898, 32.512099270496343 ], [ 34.92452885215711, 32.512077144496075 ], [ 34.924539494963426, 32.512050147144535 ], [ 34.92455449200763, 32.512024677487418 ], [ 34.924573548117621, 32.512001236813092 ], [ 34.924672202123915, 32.51189645485946 ] ] ] ] } },
{ "type": "Feature", "properties": { "OBJECTID": 3551971, "LAYER_ID": 3552198, "GROUP_ID": 294548, "SCENARIO": null, "DEFQ": 0, "PLAN_NAME": null, "DATA_DATE": null, "MAVAT_CODE": 60, "MAVAT_NAME": "מגורים ב'", "NAME": null, "LABEL": null, "NUM": "210", "LEGAL_AREA": 12.1154, "TYPE_CODE": 0, "TYPE_NAME": null, "SOURCE_COD": 0, "HASAVA": 0, "STATUS": null, "PL_CHANGE": null, "ADDRESS": null, "PLACE_NO": 0, "CALC_AREA": 12111.5656753, "OLD_MIG": null, "AGAM_ID": 3000330029.0, "SHAPE_AREA": 12111.5656753, "SHAPE_LEN": 437.76318076699999 }, "geometry": { "type": "MultiPolygon", "coordinates": [ [ [ [ 34.926221471269763, 32.510029629500622 ], [ 34.925215944646979, 32.509739285970788 ], [ 34.925151034414043, 32.509900687581634 ], [ 34.92460971817281, 32.510503571079568 ], [ 34.925253161517688, 32.510918372729726 ], [ 34.925416374625613, 32.51102358423136 ], [ 34.925423844026902, 32.511027615063334 ], [ 34.925431998956753, 32.511030540386081 ], [ 34.925440613534235, 32.511032279171935 ], [ 34.925449449146733, 32.511032783258827 ], [ 34.92545826105917, 32.511032038684171 ], [ 34.925466805192961, 32.511030066071726 ], [ 34.925474844886686, 32.511026920060274 ], [ 34.925482157451292, 32.511022687790287 ], [ 34.925488540338343, 32.51101748649014 ], [ 34.925620272940883, 32.510886631587027 ], [ 34.925747208060606, 32.510752415570565 ], [ 34.925869226339302, 32.510614964667745 ], [ 34.925986213044503, 32.510474408147367 ], [ 34.926098058177367, 32.510330878198332 ], [ 34.926204656575969, 32.51018450980537 ], [ 34.926218778100612, 32.510160555271099 ], [ 34.926228558129623, 32.510135093073337 ], [ 34.926233781069328, 32.510108684517434 ], [ 34.926234331785913, 32.510081911770442 ], [ 34.926230198143223, 32.510055365027405 ], [ 34.926221471269763, 32.510029629500622 ] ] ] ] } },
{ "type": "Feature", "properties": { "OBJECTID": 3551972, "LAYER_ID": 3552198, "GROUP_ID": 294548, "SCENARIO": null, "DEFQ": 0, "PLAN_NAME": null, "DATA_DATE": null, "MAVAT_CODE": 60, "MAVAT_NAME": "מגורים ב'", "NAME": null, "LABEL": null, "NUM": "212", "LEGAL_AREA": 6.8591, "TYPE_CODE": 0, "TYPE_NAME": null, "SOURCE_COD": 0, "HASAVA": 0, "STATUS": null, "PL_CHANGE": null, "ADDRESS": null, "PLACE_NO": 0, "CALC_AREA": 7720.5115613099997, "OLD_MIG": null, "AGAM_ID": 3000330029.0, "SHAPE_AREA": 7720.5115613099997, "SHAPE_LEN": 361.77739467200001 }, "geometry": { "type": "MultiPolygon", "coordinates": [ [ [ [ 34.925300282251577, 32.511118701529789 ], [ 34.924737988836071, 32.510756216836029 ], [ 34.924165823725403, 32.511393447354649 ], [ 34.924008369137596, 32.511718569778047 ], [ 34.924079382409353, 32.511757291426086 ], [ 34.924148003935258, 32.51179899448983 ], [ 34.924214059531316, 32.511843573115328 ], [ 34.92424611624093, 32.511862788180842 ], [ 34.924281448293115, 32.511877305457098 ], [ 34.924319105488301, 32.511886734524467 ], [ 34.924358075094553, 32.51189082180256 ], [ 34.924397309084014, 32.511889457370273 ], [ 34.924437757034617, 32.511882744621523 ], [ 34.924476695198564, 32.511871294210756 ], [ 34.924513354747077, 32.511855332224933 ], [ 34.924547011843323, 32.5118351738314 ], [ 34.924577001934772, 32.511811217054806 ], [ 34.924719697828444, 32.511679870739592 ], [ 34.924849910867628, 32.511567692454008 ], [ 34.925137063142927, 32.511330752651745 ], [ 34.925222585197226, 32.511258889423964 ], [ 34.925306549803359, 32.511185719525933 ], [ 34.925312160178258, 32.511179818371382 ], [ 34.925316524940264, 32.511173204412465 ], [ 34.925319520795505, 32.511166064477749 ], [ 34.925321063118538, 32.511158600253445 ], [ 34.925321108342807, 32.511151022586006 ], [ 34.925319655191181, 32.511143545526387 ], [ 34.92531674471207, 32.511136380283538 ], [ 34.925312459119823, 32.511129729258315 ], [ 34.925306919472376, 32.511123780326081 ], [ 34.925300282251577, 32.511118701529789 ] ] ] ] } }
]
}
