{
"type": "FeatureCollection",
"name": "yeud_karka3",
"crs": { "type": "name", "properties": { "name": "urn:ogc:def:crs:OGC:1.3:CRS84" } },
"features": [
{ "type": "Feature", "properties": { "OBJECTID": 3542737, "LAYER_ID": 3550431, "GROUP_ID": 294480, "SCENARIO": null, "DEFQ": 0, "PLAN_NAME": null, "DATA_DATE": null, "MAVAT_CODE": 670, "MAVAT_NAME": "שטח ציבורי פתוח", "NAME": null, "LABEL": null, "NUM": "51", "LEGAL_AREA": 51.574, "TYPE_CODE": 0, "TYPE_NAME": null, "SOURCE_COD": 0, "HASAVA": 0, "STATUS": null, "PL_CHANGE": null, "ADDRESS": null, "PLACE_NO": 0, "CALC_AREA": 50914.730484300002, "OLD_MIG": null, "AGAM_ID": 3000328993.0, "SHAPE_AREA": 50914.730484300002, "SHAPE_LEN": 2230.0371007899998 }, "geometry": { "type": "MultiPolygon", "coordinates": [ [ [ [ 34.928719239779632, 32.516081226249632 ], [ 34.92862738817329, 32.5160558106721 ], [ 34.928617999962491, 32.516072510954722 ], [ 34.928606816690952, 32.516088397742941 ], [ 34.928599772251552, 32.516099384136858 ], [ 34.928595072596025, 32.516111236121439 ], [ 34.928592858908402, 32.516123597649326 ], [ 34.928592748793236, 32.516125415298241 ], [ 34.92859253117274, 32.516129032386822 ], [ 34.928588240579771, 32.516153139537899 ], [ 34.928579161967107, 32.51617627396007 ], [ 34.928565561162806, 32.516197758252389 ], [ 34.928547836410367, 32.516216963331182 ], [ 34.928526506707996, 32.516233326850212 ], [ 34.928502196611902, 32.51624636966703 ], [ 34.928475617948621, 32.516255709872958 ], [ 34.928447548971761, 32.516261073975933 ], [ 34.928418811573643, 32.516262304908814 ], [ 34.928390247218957, 32.516259366628404 ], [ 34.928362692305505, 32.516252345171061 ], [ 34.928351821496705, 32.516370974590551 ], [ 34.928183770775775, 32.516493059329136 ], [ 34.928081212756936, 32.517117201484851 ], [ 34.928078613046331, 32.517125386977519 ], [ 34.92807450743404, 32.517133117020613 ], [ 34.928069000789819, 32.517140194164817 ], [ 34.928062233770198, 32.517146437637813 ], [ 34.928054379225749, 32.517151687961793 ], [ 34.928045637785935, 32.517155811027109 ], [ 34.928036232734385, 32.517158701517701 ], [ 34.928433120681674, 32.517192332712249 ], [ 34.928439815200989, 32.517137722282833 ], [ 34.928514417724699, 32.516529226185604 ], [ 34.928514419645474, 32.516529224521634 ], [ 34.928514419650433, 32.516529222898505 ], [ 34.928521461806994, 32.516471794228814 ], [ 34.928558246053647, 32.516475005973831 ], [ 34.928868099908378, 32.516502058901651 ], [ 34.929608685529807, 32.516566715235491 ], [ 34.929633472362418, 32.51647718954203 ], [ 34.929654102953464, 32.516402675579748 ], [ 34.929719359264105, 32.516166986486184 ], [ 34.929756012758808, 32.516034602132258 ], [ 34.92975712137379, 32.516030604472228 ], [ 34.929783203134868, 32.515936400094034 ], [ 34.92979175183735, 32.515905525212773 ], [ 34.929819718436711, 32.515905586258278 ], [ 34.929831966286223, 32.51574849905429 ], [ 34.929869891539454, 32.515262179044996 ], [ 34.929871991556354, 32.515235263245934 ], [ 34.929926712763297, 32.51453350539024 ], [ 34.930064885245308, 32.512761606200272 ], [ 34.930260470496265, 32.510315595687374 ], [ 34.930329638113363, 32.509482600056835 ], [ 34.930400934440399, 32.508559141745138 ], [ 34.929870731908075, 32.508529749008041 ], [ 34.929859829850429, 32.508669482745212 ], [ 34.92984368246205, 32.50887642931729 ], [ 34.929828239916091, 32.509074358471743 ], [ 34.929798783452256, 32.50945186926063 ], [ 34.929761453699655, 32.509901393565322 ], [ 34.929729637304433, 32.510284532797051 ], [ 34.929707268854479, 32.510564266383696 ], [ 34.929694655215833, 32.510721998502845 ], [ 34.929691380452645, 32.510762940811482 ], [ 34.929691057688238, 32.510766979821533 ], [ 34.929687462060677, 32.510811965021361 ], [ 34.929684906435192, 32.51084391137146 ], [ 34.929680266975012, 32.510901931533915 ], [ 34.929607273692021, 32.511814732340994 ], [ 34.929603114240017, 32.511866738491662 ], [ 34.929536054009397, 32.512705338054431 ], [ 34.929533960815938, 32.512731503722776 ], [ 34.929528977174591, 32.512795405512115 ], [ 34.929522657902211, 32.512876448513282 ], [ 34.929517472910241, 32.512942914566281 ], [ 34.929497613854721, 32.51319759994135 ], [ 34.929497558488045, 32.513198290546903 ], [ 34.929495939588001, 32.51321905754385 ], [ 34.929492431491717, 32.513264046202536 ], [ 34.929460248595817, 32.513676741585193 ], [ 34.929397613813038, 32.514479874572594 ], [ 34.929394903134657, 32.514514648343713 ], [ 34.92939305374945, 32.514538359886288 ], [ 34.929392348715211, 32.514547402667603 ], [ 34.929391298961228, 32.514560852584658 ], [ 34.929389990336588, 32.51457763775641 ], [ 34.929387790755662, 32.514605841230264 ], [ 34.929386036651508, 32.514628335552899 ], [ 34.929385332227731, 32.514637387082168 ], [ 34.929338923346528, 32.515232453754635 ], [ 34.929322753512473, 32.515439788002446 ], [ 34.929316174868092, 32.51552416675208 ], [ 34.929283131146633, 32.515947870283831 ], [ 34.929282843168671, 32.515951552189655 ], [ 34.92868316609443, 32.515915113383812 ], [ 34.928667613032871, 32.515954777160658 ], [ 34.928658302943376, 32.51597852296554 ], [ 34.92874803079355, 32.516000818745923 ], [ 34.928719239779632, 32.516081226249632 ] ] ] ] } },
{ "type": "Feature", "properties": { "OBJECTID": 3542738, "LAYER_ID": 3550431, "GROUP_ID": 294480, "SCENARIO": null, "DEFQ": 0, "PLAN_NAME": null, "DATA_DATE": null, "MAVAT_CODE": 280, "MAVAT_NAME": "מתקנים הנדסיים", "NAME": null, "LABEL": null, "NUM": "304", "LEGAL_AREA": 0.05, "TYPE_CODE": 0, "TYPE_NAME": null, "SOURCE_COD": 0, "HASAVA": 0, "STATUS": null, "PL_CHANGE": null, "ADDRESS": null, "PLACE_NO": 0, "CALC_AREA": 82.81955445, "OLD_MIG": null, "AGAM_ID": 3000328993.0, "SHAPE_AREA": 82.819554453500004, "SHAPE_LEN": 36.913187907199998 }, "geometry": { "type": "MultiPolygon", "coordinates": [ [ [ [ 34.928542482476544, 32.507658269633424 ], [ 34.928552753015246, 32.507566658226885 ], [ 34.928450975809589, 32.507558470580435 ], [ 34.928449882717118, 32.507574194533689 ], [ 34.928447734502434, 32.507605108742716 ], [ 34.928446396195056, 32.507624361178387 ], [ 34.928522185560112, 32.507651106582728 ], [ 34.928542482476544, 32.507658269633424 ] ] ] ] } },
{ "type": "Feature", "properties": { "OBJECTID": 3542739, "LAYER_ID": 3550431, "GROUP_ID": 294480, "SCENARIO": null, "DEFQ": 0, "PLAN_NAME": null, "DATA_DATE": null, "MAVAT_CODE": 280, "MAVAT_NAME": "מתקנים הנדסיים", "NAME": null, "LABEL": null, "NUM": "303", "LEGAL_AREA": 0.05, "TYPE_CODE": 0, "TYPE_NAME": null, "SOURCE_COD": 0, "HASAVA": 0, "STATUS": null, "PL_CHANGE": null, "ADDRESS": null, "PLACE_NO": 0, "CALC_AREA": 82.81609092, "OLD_MIG": null, "AGAM_ID": 3000328993.0, "SHAPE_AREA": 82.816090921500006, "SHAPE_LEN": 36.908691531199999 }, "geometry": { "type": "MultiPolygon", "coordinates": [ [ [ [ 34.928383081917666, 32.507913759674871 ], [ 34.928384311567818, 32.507897998014649 ], [ 34.928388220919395, 32.50784785213969 ], [ 34.928312077219999, 32.507820950644295 ], [ 34.928291736890422, 32.507813762708722 ], [ 34.928281444545796, 32.507904961273496 ], [ 34.928383081917666, 32.507913759674871 ] ] ] ] } },
{ "type": "Feature", "properties": { "OBJECTID": 3542740, "LAYER_ID": 3550431, "GROUP_ID": 294480, "SCENARIO": null, "DEFQ": 0, "PLAN_NAME": null, "DATA_DATE": null, "MAVAT_CODE": 280, "MAVAT_NAME": "מתקנים הנדסיים", "NAME": null, "LABEL": null, "NUM": "302", "LEGAL_AREA": 0.05, "TYPE_CODE": 0, "TYPE_NAME": null, "SOURCE_COD": 0, "HASAVA": 0, "STATUS": null, "PL_CHANGE": null, "ADDRESS": null, "PLACE_NO": 0, "CALC_AREA": 82.3424376, "OLD_MIG": null, "AGAM_ID": 3000328993.0, "SHAPE_AREA": 82.342437602000004, "SHAPE_LEN": 36.301855946899998 }, "geometry": { "type": "MultiPolygon", "coordinates": [ [ [ [ 34.927924505728733, 32.510883980383603 ], [ 34.92783535285627, 32.510913445735021 ], [ 34.927868525311055, 32.510989428349326 ], [ 34.927888644048622, 32.510983514239555 ], [ 34.927959004294003, 32.510962833396704 ], [ 34.927932045428868, 32.510901214308447 ], [ 34.92793138556403, 32.510899703719652 ], [ 34.927924505728733, 32.510883980383603 ] ] ] ] } },
{ "type": "Feature", "properties": { "OBJECTID": 3542741, "LAYER_ID": 3550431, "GROUP_ID": 294480, "SCENARIO": null, "DEFQ": 0, "PLAN_NAME": null, "DATA_DATE": null, "MAVAT_CODE": 280, "MAVAT_NAME": "מתקנים הנדסיים", "NAME": null, "LABEL": null, "NUM": "301", "LEGAL_AREA": 0.05, "TYPE_CODE": 0, "TYPE_NAME": null, "SOURCE_COD": 0, "HASAVA": 0, "STATUS": null, "PL_CHANGE": null, "ADDRESS": null, "PLACE_NO": 0, "CALC_AREA": 81.78318417, "OLD_MIG": null, "AGAM_ID": 3000328993.0, "SHAPE_AREA": 81.783184174699997, "SHAPE_LEN": 36.235134091900001 }, "geometry": { "type": "MultiPolygon", "coordinates": [ [ [ [ 34.92874803079355, 32.516000818745923 ], [ 34.928658302943376, 32.51597852296554 ], [ 34.928635972747408, 32.516035470651623 ], [ 34.92862738817329, 32.5160558106721 ], [ 34.928719239779632, 32.516081226249632 ], [ 34.92874803079355, 32.516000818745923 ] ] ] ] } },
{ "type": "Feature", "properties": { "OBJECTID": 3542742, "LAYER_ID": 3550431, "GROUP_ID": 294480, "SCENARIO": null, "DEFQ": 0, "PLAN_NAME": null, "DATA_DATE": null, "MAVAT_CODE": 670, "MAVAT_NAME": "שטח ציבורי פתוח", "NAME": null, "LABEL": null, "NUM": "52", "LEGAL_AREA": 24.2347, "TYPE_CODE": 0, "TYPE_NAME": null, "SOURCE_COD": 0, "HASAVA": 0, "STATUS": null, "PL_CHANGE": null, "ADDRESS": null, "PLACE_NO": 0, "CALC_AREA": 22661.690477200002, "OLD_MIG": null, "AGAM_ID": 3000328993.0, "SHAPE_AREA": 22661.690477200002, "SHAPE_LEN": 1046.5068023399999 }, "geometry": { "type": "MultiPolygon", "coordinates": [ [ [ [ 34.930484273058731, 32.507444870073542 ], [ 34.930483735437925, 32.507425533726767 ], [ 34.930475986789787, 32.507313702326336 ], [ 34.93046048296317, 32.507127550816499 ], [ 34.930453254680174, 32.507054674943305 ], [ 34.930445630273269, 32.506972149576491 ], [ 34.930414973944487, 32.506799581852661 ], [ 34.93038227532584, 32.506668669135166 ], [ 34.930321945844476, 32.506455638223798 ], [ 34.930299230091578, 32.506401665299933 ], [ 34.930265330503289, 32.506281120035723 ], [ 34.930224044040131, 32.506174995044965 ], [ 34.929675519093081, 32.504957050803938 ], [ 34.929362809491103, 32.504262693702842 ], [ 34.929301455837553, 32.50412645920219 ], [ 34.92928941707325, 32.50409973035508 ], [ 34.929276202326434, 32.504070389635451 ], [ 34.929152398333059, 32.504294564188257 ], [ 34.929078182357287, 32.50443077080665 ], [ 34.928990438306116, 32.504583004340098 ], [ 34.92896128449221, 32.504635655336415 ], [ 34.928968778230399, 32.5046522946922 ], [ 34.928987364335349, 32.504693567747999 ], [ 34.929178422064702, 32.505117805793446 ], [ 34.929593218838107, 32.506038833297097 ], [ 34.929689677387358, 32.506253008986768 ], [ 34.92996371201798, 32.506861467027349 ], [ 34.929988053165118, 32.506915515646142 ], [ 34.92991555076383, 32.507959008426532 ], [ 34.929909768893388, 32.508032934137027 ], [ 34.929909717548057, 32.508033581784566 ], [ 34.929909445438689, 32.508033564689214 ], [ 34.929908041710455, 32.508051560523313 ], [ 34.929884774573701, 32.508349777709086 ], [ 34.93041593320892, 32.508379246183146 ], [ 34.930446598080103, 32.507987163870666 ], [ 34.930484273058731, 32.507444870073542 ] ] ] ] } },
{ "type": "Feature", "properties": { "OBJECTID": 3542743, "LAYER_ID": 3550431, "GROUP_ID": 294480, "SCENARIO": null, "DEFQ": 0, "PLAN_NAME": null, "DATA_DATE": null, "MAVAT_CODE": 140, "MAVAT_NAME": "מגורים ד'", "NAME": null, "LABEL": null, "NUM": "114", "LEGAL_AREA": 3.108, "TYPE_CODE": 0, "TYPE_NAME": null, "SOURCE_COD": 0, "HASAVA": 0, "STATUS": null, "PL_CHANGE": null, "ADDRESS": null, "PLACE_NO": 0, "CALC_AREA": 3108.3265416700001, "OLD_MIG": null, "AGAM_ID": 3000328993.0, "SHAPE_AREA": 3108.3265416700001, "SHAPE_LEN": 224.154003321 }, "geometry": { "type": "MultiPolygon", "coordinates": [ [ [ [ 34.927935162859441, 32.510908339702269 ], [ 34.927959004294003, 32.510962833396704 ], [ 34.928336625300929, 32.510851840409245 ], [ 34.928388433684198, 32.510249649424715 ], [ 34.92805641473285, 32.510231057087672 ], [ 34.928029511223109, 32.510279410546836 ], [ 34.927822655226613, 32.510651172498015 ], [ 34.927935162859441, 32.510908339702269 ] ] ] ] } },
{ "type": "Feature", "properties": { "OBJECTID": 3542744, "LAYER_ID": 3550431, "GROUP_ID": 294480, "SCENARIO": null, "DEFQ": 0, "PLAN_NAME": null, "DATA_DATE": null, "MAVAT_CODE": 140, "MAVAT_NAME": "מגורים ד'", "NAME": null, "LABEL": null, "NUM": "107", "LEGAL_AREA": 4.034, "TYPE_CODE": 0, "TYPE_NAME": null, "SOURCE_COD": 0, "HASAVA": 0, "STATUS": null, "PL_CHANGE": null, "ADDRESS": null, "PLACE_NO": 0, "CALC_AREA": 4034.4189431200002, "OLD_MIG": null, "AGAM_ID": 3000328993.0, "SHAPE_AREA": 4034.4189431200002, "SHAPE_LEN": 252.48936865100001 }, "geometry": { "type": "MultiPolygon", "coordinates": [ [ [ [ 34.927907858792487, 32.515068469499667 ], [ 34.927911171969683, 32.51503885129658 ], [ 34.927963009588673, 32.514575740297424 ], [ 34.927640726339547, 32.514557693295771 ], [ 34.927598269215068, 32.51455831277945 ], [ 34.927556519957655, 32.514564883646507 ], [ 34.927516632477648, 32.514577224284267 ], [ 34.927479709228749, 32.514594993609009 ], [ 34.927446770737482, 32.514617700492863 ], [ 34.927418727397345, 32.514644717337973 ], [ 34.927396354306239, 32.514675297422457 ], [ 34.92738026984329, 32.51470859553887 ], [ 34.927370918576869, 32.514743691354653 ], [ 34.927294344788137, 32.515208081713958 ], [ 34.927884428395856, 32.515277801977341 ], [ 34.927886900806541, 32.515255698896212 ], [ 34.927907858792487, 32.515068469499667 ] ] ] ] } },
{ "type": "Feature", "properties": { "OBJECTID": 3542745, "LAYER_ID": 3550431, "GROUP_ID": 294480, "SCENARIO": null, "DEFQ": 0, "PLAN_NAME": null, "DATA_DATE": null, "MAVAT_CODE": 140, "MAVAT_NAME": "מגורים ד'", "NAME": null, "LABEL": null, "NUM": "105", "LEGAL_AREA": 4.251, "TYPE_CODE": 0, "TYPE_NAME": null, "SOURCE_COD": 0, "HASAVA": 0, "STATUS": null, "PL_CHANGE": null, "ADDRESS": null, "PLACE_NO": 0, "CALC_AREA": 4251.4707154500002, "OLD_MIG": null, "AGAM_ID": 3000328993.0, "SHAPE_AREA": 4251.4707154500002, "SHAPE_LEN": 262.87544610800001 }, "geometry": { "type": "MultiPolygon", "coordinates": [ [ [ [ 34.92781131165259, 32.515931030468444 ], [ 34.927859775849406, 32.515498031885691 ], [ 34.927878493414248, 32.515330810783801 ], [ 34.927884428395856, 32.515277801977341 ], [ 34.927294344788137, 32.515208081713958 ], [ 34.927282010561228, 32.515282878863161 ], [ 34.927184069973606, 32.515876831626834 ], [ 34.92781131165259, 32.515931030468444 ] ] ] ] } },
{ "type": "Feature", "properties": { "OBJECTID": 3542746, "LAYER_ID": 3550431, "GROUP_ID": 294480, "SCENARIO": null, "DEFQ": 0, "PLAN_NAME": null, "DATA_DATE": null, "MAVAT_CODE": 140, "MAVAT_NAME": "מגורים ד'", "NAME": null, "LABEL": null, "NUM": "111", "LEGAL_AREA": 5.428, "TYPE_CODE": 0, "TYPE_NAME": null, "SOURCE_COD": 0, "HASAVA": 0, "STATUS": null, "PL_CHANGE": null, "ADDRESS": null, "PLACE_NO": 0, "CALC_AREA": 5428.2952414600004, "OLD_MIG": null, "AGAM_ID": 3000328993.0, "SHAPE_AREA": 5428.2952414600004, "SHAPE_LEN": 304.89350749200003 }, "geometry": { "type": "MultiPolygon", "coordinates": [ [ [ [ 34.928290600580176, 32.512771380503118 ], [ 34.92773979065467, 32.512759297244834 ], [ 34.927739613411042, 32.512760130100304 ], [ 34.927720745511365, 32.512834247026511 ], [ 34.927684952503043, 32.51297484594005 ], [ 34.927645215209566, 32.513130945678029 ], [ 34.927621655929308, 32.513237978236198 ], [ 34.92760155195856, 32.513345515593947 ], [ 34.92760155003122, 32.51334551942206 ], [ 34.927598731473488, 32.51336230680085 ], [ 34.92758560421548, 32.513441687969809 ], [ 34.927585604208701, 32.513441690179057 ], [ 34.927560708994434, 32.513592684242305 ], [ 34.927560303301576, 32.513595134165989 ], [ 34.928180941985197, 32.513668103054769 ], [ 34.928181184556635, 32.513666109047122 ], [ 34.928182282450237, 32.513657139272794 ], [ 34.928220376766014, 32.513345613069539 ], [ 34.928227576476317, 32.51328675156563 ], [ 34.928234444506728, 32.513230588395999 ], [ 34.928290600580176, 32.512771380503118 ] ] ] ] } },
{ "type": "Feature", "properties": { "OBJECTID": 3542747, "LAYER_ID": 3550431, "GROUP_ID": 294480, "SCENARIO": null, "DEFQ": 0, "PLAN_NAME": null, "DATA_DATE": null, "MAVAT_CODE": 140, "MAVAT_NAME": "מגורים ד'", "NAME": null, "LABEL": null, "NUM": "109", "LEGAL_AREA": 5.355, "TYPE_CODE": 0, "TYPE_NAME": null, "SOURCE_COD": 0, "HASAVA": 0, "STATUS": null, "PL_CHANGE": null, "ADDRESS": null, "PLACE_NO": 0, "CALC_AREA": 5354.9787972599997, "OLD_MIG": null, "AGAM_ID": 3000328993.0, "SHAPE_AREA": 5354.9787972599997, "SHAPE_LEN": 294.06939266799998 }, "geometry": { "type": "MultiPolygon", "coordinates": [ [ [ [ 34.928150341814217, 32.513918322525718 ], [ 34.928151461754268, 32.513909157981359 ], [ 34.928180941985197, 32.513668103054769 ], [ 34.927560303301576, 32.513595134165989 ], [ 34.927559900209282, 32.513597586304655 ], [ 34.927437638240157, 32.514339070646493 ], [ 34.927436106689719, 32.514348353170725 ], [ 34.927450850205418, 32.514367090325784 ], [ 34.927469058407539, 32.514383495164715 ], [ 34.927490226573831, 32.514397112952025 ], [ 34.927513767932169, 32.514407566207993 ], [ 34.927539029925754, 32.514414565172302 ], [ 34.927565312301795, 32.514417915836255 ], [ 34.928085683124259, 32.514447055113202 ], [ 34.928150341814217, 32.513918322525718 ] ] ] ] } },
{ "type": "Feature", "properties": { "OBJECTID": 3542748, "LAYER_ID": 3550431, "GROUP_ID": 294480, "SCENARIO": null, "DEFQ": 0, "PLAN_NAME": null, "DATA_DATE": null, "MAVAT_CODE": 830, "MAVAT_NAME": "דרך מוצעת", "NAME": null, "LABEL": null, "NUM": "35", "LEGAL_AREA": 0.578, "TYPE_CODE": 0, "TYPE_NAME": null, "SOURCE_COD": 0, "HASAVA": 0, "STATUS": null, "PL_CHANGE": null, "ADDRESS": null, "PLACE_NO": 0, "CALC_AREA": 577.54676070999994, "OLD_MIG": null, "AGAM_ID": 3000328993.0, "SHAPE_AREA": 577.54676071100005, "SHAPE_LEN": 289.70193820499998 }, "geometry": { "type": "MultiPolygon", "coordinates": [ [ [ [ 34.930483735437925, 32.507425533726767 ], [ 34.930484273058731, 32.507444870073542 ], [ 34.930525928632811, 32.506845284863324 ], [ 34.930224044040131, 32.506174995044965 ], [ 34.930265330503289, 32.506281120035723 ], [ 34.930299230091578, 32.506401665299933 ], [ 34.930321945844476, 32.506455638223798 ], [ 34.93038227532584, 32.506668669135166 ], [ 34.930414973944487, 32.506799581852661 ], [ 34.930445630273269, 32.506972149576491 ], [ 34.930453254680174, 32.507054674943305 ], [ 34.93046048296317, 32.507127550816499 ], [ 34.930475986789787, 32.507313702326336 ], [ 34.930483735437925, 32.507425533726767 ] ] ] ] } },
{ "type": "Feature", "properties": { "OBJECTID": 3542749, "LAYER_ID": 3550431, "GROUP_ID": 294480, "SCENARIO": null, "DEFQ": 0, "PLAN_NAME": null, "DATA_DATE": null, "MAVAT_CODE": 830, "MAVAT_NAME": "דרך מוצעת", "NAME": null, "LABEL": null, "NUM": "33", "LEGAL_AREA": 17.408, "TYPE_CODE": 0, "TYPE_NAME": null, "SOURCE_COD": 0, "HASAVA": 0, "STATUS": null, "PL_CHANGE": null, "ADDRESS": null, "PLACE_NO": 0, "CALC_AREA": 2044.5622524600001, "OLD_MIG": null, "AGAM_ID": 3000328993.0, "SHAPE_AREA": 2044.5622524600001, "SHAPE_LEN": 343.60889965799998 }, "geometry": { "type": "MultiPolygon", "coordinates": [ [ [ [ 34.928900016659988, 32.510946635599915 ], [ 34.928917929280892, 32.510716946131808 ], [ 34.928911206316997, 32.510727291196595 ], [ 34.928902581379532, 32.510736568147955 ], [ 34.92889228563476, 32.510744528343686 ], [ 34.928880595030392, 32.510750958433512 ], [ 34.928867822899505, 32.510755686077125 ], [ 34.928854311562688, 32.510758584563519 ], [ 34.928840423152913, 32.510759576206972 ], [ 34.928750384647351, 32.510762744465552 ], [ 34.928660919779432, 32.510771907874634 ], [ 34.928572583662351, 32.510787009576894 ], [ 34.928485924406225, 32.51080795586882 ], [ 34.928433754755929, 32.510823289872938 ], [ 34.928336625300929, 32.510851840409245 ], [ 34.927959004294003, 32.510962833396704 ], [ 34.927797759999393, 32.511010227189239 ], [ 34.927784593566166, 32.511013716754263 ], [ 34.927749153093714, 32.511019533084621 ], [ 34.927713069806437, 32.511020438678585 ], [ 34.927677285187407, 32.511016409907548 ], [ 34.927642732926657, 32.511007551889982 ], [ 34.927610314558969, 32.510994095748678 ], [ 34.927580875940862, 32.510976392580297 ], [ 34.927555185180118, 32.51095490429428 ], [ 34.927533912594484, 32.510930191560746 ], [ 34.927707429472221, 32.511315501272506 ], [ 34.927706119210285, 32.511310466861637 ], [ 34.927705243204748, 32.511307427991902 ], [ 34.927704992828929, 32.511306462092058 ], [ 34.927704750911836, 32.511305496751895 ], [ 34.927704517412018, 32.511304528138893 ], [ 34.927704293066135, 32.511303558959895 ], [ 34.927704076493903, 32.511302588174878 ], [ 34.927703869020569, 32.511301617409892 ], [ 34.927703669325986, 32.511300643370646 ], [ 34.927703478785197, 32.511299668810558 ], [ 34.927703294686268, 32.511298693137419 ], [ 34.92770312101819, 32.511297716946217 ], [ 34.927702955762385, 32.511296739105305 ], [ 34.927702797058188, 32.511295759069561 ], [ 34.927702648669843, 32.511294781310802 ], [ 34.927702507475068, 32.511293800231478 ], [ 34.927702374103824, 32.51129281862832 ], [ 34.927702251752194, 32.511291835381201 ], [ 34.927702135246875, 32.511290854356183 ], [ 34.927702029767779, 32.511289869523047 ], [ 34.927701930828547, 32.511288886327407 ], [ 34.927701839663079, 32.511287901480671 ], [ 34.927701757603174, 32.511286914489816 ], [ 34.927701686550954, 32.511285929732381 ], [ 34.927701621356967, 32.511284943319644 ], [ 34.927701566593804, 32.511283956388816 ], [ 34.927701518959111, 32.51128297001469 ], [ 34.927701479099859, 32.51128198144842 ], [ 34.927701448332762, 32.511280995111406 ], [ 34.927701428001583, 32.511280006588095 ], [ 34.927701413463524, 32.511279020286771 ], [ 34.927701408031162, 32.511278031796238 ], [ 34.927701411059182, 32.511277043324277 ], [ 34.927701425148115, 32.511276057085915 ], [ 34.927701445043567, 32.511275068696158 ], [ 34.927701473397896, 32.511274080820968 ], [ 34.927701512816455, 32.511273094097277 ], [ 34.927701558730078, 32.511272106260698 ], [ 34.92770161240891, 32.511271119568356 ], [ 34.927701677153792, 32.511270133441414 ], [ 34.927701748338713, 32.511269146787562 ], [ 34.927701828030614, 32.511268162316604 ], [ 34.927701916129543, 32.511267177909183 ], [ 34.927702012688869, 32.51126619352042 ], [ 34.927702120262822, 32.511265209110775 ], [ 34.927702233684734, 32.511264226382195 ], [ 34.927702356205437, 32.511263243718716 ], [ 34.927702486543168, 32.511262262650455 ], [ 34.927702627893446, 32.511261282237612 ], [ 34.927702775737245, 32.511260301207884 ], [ 34.927702932034549, 32.511259322451032 ], [ 34.927703096787248, 32.511258345335925 ], [ 34.927703269946996, 32.511257368284369 ], [ 34.927703452200682, 32.51125639287595 ], [ 34.927703642276242, 32.51125541748474 ], [ 34.927703840752329, 32.511254444276119 ], [ 34.927704046353313, 32.511253472796504 ], [ 34.927704261745077, 32.51125250129332 ], [ 34.927704486225515, 32.511251533146535 ], [ 34.927704717144493, 32.511250564968798 ], [ 34.92770495849085, 32.511249597400159 ], [ 34.92770520631872, 32.511248633137072 ], [ 34.927705462608635, 32.511247668351551 ], [ 34.927705729260957, 32.511246708007313 ], [ 34.927706002406701, 32.511245747091237 ], [ 34.927706284006049, 32.511244788403005 ], [ 34.927706574699194, 32.51124383140295 ], [ 34.927706873156026, 32.511242876043099 ], [ 34.927707178092575, 32.511241924574946 ], [ 34.927707494096815, 32.511240973131144 ], [ 34.927707816587684, 32.51124002332471 ], [ 34.927708146835336, 32.511239077412803 ], [ 34.927708486235097, 32.511238131520997 ], [ 34.927708834031932, 32.511237188938992 ], [ 34.927709190230843, 32.511236248043673 ], [ 34.927709552967812, 32.511235309371969 ], [ 34.927709923468448, 32.511234372340439 ], [ 34.927710303056109, 32.511233439206364 ], [ 34.927710691737708, 32.511232507715413 ], [ 34.927711088236052, 32.511231577909847 ], [ 34.927711491161041, 32.511230651950747 ], [ 34.927711902541319, 32.51122972767849 ], [ 34.927712322371875, 32.511228806716112 ], [ 34.927712751294592, 32.511227887982983 ], [ 34.927713186065269, 32.511226970930871 ], [ 34.927713629231377, 32.511226057729623 ], [ 34.927714080852759, 32.511225146215182 ], [ 34.927714539594184, 32.511224238007721 ], [ 34.927715006145725, 32.511223333649752 ], [ 34.927715481150734, 32.51122243156474 ], [ 34.927715963275944, 32.511221532741644 ], [ 34.927716455080237, 32.511220635607984 ], [ 34.927716952142099, 32.511219741822337 ], [ 34.927717456959201, 32.511218852427113 ], [ 34.927717970228244, 32.511217965800768 ], [ 34.927718492534581, 32.511217081944586 ], [ 34.92771902073877, 32.511216200851628 ], [ 34.927719555369478, 32.511215323650255 ], [ 34.927720101109344, 32.511214450305708 ], [ 34.927720650670203, 32.511213580260844 ], [ 34.927721208684694, 32.511212712443829 ], [ 34.927721775782878, 32.511211849606312 ], [ 34.927722348727393, 32.511210988990889 ], [ 34.92772293006221, 32.511210133894487 ], [ 34.927723517938546, 32.511209279894544 ], [ 34.927724114842036, 32.511208431956049 ], [ 34.927724717593371, 32.511207585743712 ], [ 34.927725326872824, 32.511206745001211 ], [ 34.927725944554325, 32.51120590594536 ], [ 34.92772656807206, 32.511205072402937 ], [ 34.927727200625405, 32.511204242171694 ], [ 34.927727839711814, 32.511203415787186 ], [ 34.927728485279602, 32.5112025927533 ], [ 34.927729138650754, 32.511201775778197 ], [ 34.927729799095374, 32.511200959945825 ], [ 34.927730465422798, 32.511200151791115 ], [ 34.927731140844017, 32.511199345324577 ], [ 34.927731822048109, 32.511198544416402 ], [ 34.927732509733872, 32.511197746768723 ], [ 34.927733203952556, 32.511196953012863 ], [ 34.927733906561578, 32.511196164775995 ], [ 34.927734613736547, 32.511195379840508 ], [ 34.927735329306806, 32.511194598800927 ], [ 34.927736050713449, 32.511193823229625 ], [ 34.927736778596362, 32.5111930526772 ], [ 34.927737515619619, 32.511192285977231 ], [ 34.927738256462277, 32.511191523118008 ], [ 34.927739005748293, 32.511190765823002 ], [ 34.927739759595319, 32.511190013452456 ], [ 34.927740521837613, 32.511189264977823 ], [ 34.927741287949061, 32.511188521471226 ], [ 34.927742063194202, 32.511187783981214 ], [ 34.927742842260116, 32.511187049881087 ], [ 34.927743629769687, 32.511186321255025 ], [ 34.927744421206704, 32.511185595928893 ], [ 34.927745221670754, 32.511184876709308 ], [ 34.927746026695651, 32.511184162459273 ], [ 34.927746839525561, 32.511183453726971 ], [ 34.927747656863261, 32.511182749919001 ], [ 34.927748480625809, 32.511182050543653 ], [ 34.927749308363765, 32.511181356181631 ], [ 34.927750145130695, 32.511180667294965 ], [ 34.927750985765094, 32.511179983917351 ], [ 34.92775183484467, 32.511179305517821 ], [ 34.927752685821282, 32.51117863316405 ], [ 34.927753545934678, 32.511177965835017 ], [ 34.927754409920787, 32.511177302301746 ], [ 34.92775528032319, 32.511176645996429 ], [ 34.927756157260454, 32.511175992951728 ], [ 34.927757038058282, 32.511175347670381 ], [ 34.927757925390864, 32.511174705694721 ], [ 34.927758819138347, 32.51117407139791 ], [ 34.927759717446541, 32.511173442115705 ], [ 34.927760619628977, 32.511172816133339 ], [ 34.927761530189976, 32.511172199502319 ], [ 34.927762443404717, 32.511171585086387 ], [ 34.92776336239902, 32.511170977310854 ], [ 34.927764287861457, 32.511170377214285 ], [ 34.927765217889707, 32.51116978046413 ], [ 34.92776615178046, 32.511169190846182 ], [ 34.927767092145828, 32.51116860678809 ], [ 34.927768037070393, 32.51116802824059 ], [ 34.927768987831357, 32.511167455161385 ], [ 34.927769941126051, 32.511166888715486 ], [ 34.927770900255211, 32.511166328369093 ], [ 34.927771866497778, 32.511165773493815 ], [ 34.927772834050273, 32.511165225249144 ], [ 34.927773808721028, 32.511164680897572 ], [ 34.927774789216294, 32.511164145891705 ], [ 34.927775772308742, 32.511163614182877 ], [ 34.927776759263558, 32.511163089651291 ], [ 34.927777750772592, 32.511162572253369 ], [ 34.927778748069628, 32.511162058745661 ], [ 34.927779749920752, 32.511161552416709 ], [ 34.92778075435735, 32.51116105321713 ], [ 34.927781764576821, 32.511160559575877 ], [ 34.927782779355645, 32.51116007140017 ], [ 34.92778379608113, 32.511159590442553 ], [ 34.927784819224968, 32.511159116036588 ], [ 34.927785844372146, 32.511158647721743 ], [ 34.927786875940882, 32.511158184921541 ], [ 34.92778790945642, 32.511157729294389 ], [ 34.927788947474632, 32.511157280259788 ], [ 34.927789989411707, 32.511156837320463 ], [ 34.927791035849829, 32.511156401514739 ], [ 34.927792086210282, 32.511155970677152 ], [ 34.927793139101198, 32.511155547554914 ], [ 34.927794195854482, 32.511155131609925 ], [ 34.927795255199975, 32.511154720585068 ], [ 34.927796320428016, 32.511154317328035 ], [ 34.92779738819344, 32.511153919532049 ], [ 34.927798457854102, 32.511153528367934 ], [ 34.927799532067198, 32.511153144923625 ], [ 34.927800610142661, 32.511152768656601 ], [ 34.927801690170178, 32.511152397849337 ], [ 34.927802774753438, 32.511152033679771 ], [ 34.927803861233635, 32.511151675601113 ], [ 34.927804949602574, 32.511151326273364 ], [ 34.927806042530577, 32.511150982501263 ], [ 34.927807140012689, 32.511150645907989 ], [ 34.927808725003381, 32.51115017165499 ], [ 34.927848244791377, 32.511138555404408 ], [ 34.928323807807999, 32.510998749385699 ], [ 34.928377432539875, 32.510982986014461 ], [ 34.928536940012961, 32.510936101160645 ], [ 34.928605238669604, 32.510919467682207 ], [ 34.928674775555812, 32.510907052600132 ], [ 34.928745188284999, 32.510898920614714 ], [ 34.928816109906613, 32.51089511410521 ], [ 34.928829998792963, 32.510895757512458 ], [ 34.928843578662303, 32.510898308655129 ], [ 34.928856487021612, 32.510902699434482 ], [ 34.928868379302664, 32.510908812645674 ], [ 34.928878938059675, 32.510916485106264 ], [ 34.928887881442897, 32.510925512011994 ], [ 34.928894970722297, 32.510935652403852 ], [ 34.928900016659988, 32.510946635599915 ] ] ] ] } },
{ "type": "Feature", "properties": { "OBJECTID": 3542750, "LAYER_ID": 3550431, "GROUP_ID": 294480, "SCENARIO": null, "DEFQ": 0, "PLAN_NAME": null, "DATA_DATE": null, "MAVAT_CODE": 830, "MAVAT_NAME": "דרך מוצעת", "NAME": null, "LABEL": null, "NUM": "34", "LEGAL_AREA": 17.408, "TYPE_CODE": 0, "TYPE_NAME": null, "SOURCE_COD": 0, "HASAVA": 0, "STATUS": null, "PL_CHANGE": null, "ADDRESS": null, "PLACE_NO": 0, "CALC_AREA": 21353.007233299999, "OLD_MIG": null, "AGAM_ID": 3000328993.0, "SHAPE_AREA": 21353.007233299999, "SHAPE_LEN": 2372.3356319899999 }, "geometry": { "type": "MultiPolygon", "coordinates": [ [ [ [ 34.928917929280892, 32.510716946131808 ], [ 34.928900016659988, 32.510946635599915 ], [ 34.928898063056558, 32.510971684865204 ], [ 34.928898060367054, 32.510971711821107 ], [ 34.928894175557737, 32.511021531404424 ], [ 34.928877991922803, 32.511229052857153 ], [ 34.92887798992335, 32.511229080355598 ], [ 34.928867548021941, 32.511362980426902 ], [ 34.928867464193154, 32.511364051816543 ], [ 34.928854751672091, 32.511527042420553 ], [ 34.928808368048799, 32.512121788359089 ], [ 34.928797660296937, 32.512259073149451 ], [ 34.928763950943917, 32.512691306091078 ], [ 34.928763946198139, 32.512691361672452 ], [ 34.928763930629465, 32.512691563626255 ], [ 34.928760435019896, 32.512736393770105 ], [ 34.9287569218641, 32.512781427531209 ], [ 34.928756908963152, 32.512781609697868 ], [ 34.928731579011711, 32.513106376332495 ], [ 34.928726154069075, 32.51317593106554 ], [ 34.928722644899601, 32.513220919699485 ], [ 34.92871856249895, 32.513273258444762 ], [ 34.928716095024264, 32.513304900033951 ], [ 34.928715383907814, 32.513314016516276 ], [ 34.928710778194798, 32.513373073593051 ], [ 34.928668107252328, 32.513920203065481 ], [ 34.928666713982935, 32.513938057995148 ], [ 34.928664718364104, 32.513963648191393 ], [ 34.928628872082804, 32.514423250743086 ], [ 34.928627188180883, 32.514444825533069 ], [ 34.928611606310234, 32.514644611522783 ], [ 34.928609922984982, 32.514666186313043 ], [ 34.928577381305679, 32.515083418405013 ], [ 34.92857737655963, 32.515083473986351 ], [ 34.92857435940379, 32.515122153679691 ], [ 34.92854222706292, 32.515534125612213 ], [ 34.928542227012507, 32.515534142113786 ], [ 34.92854082493713, 32.515552110365675 ], [ 34.928513167046326, 32.515906713465476 ], [ 34.928504273943261, 32.515922807129925 ], [ 34.928492391939358, 32.515937450522976 ], [ 34.928477841488174, 32.515950248715761 ], [ 34.928461015011095, 32.515960856543849 ], [ 34.928442366313966, 32.515968987916395 ], [ 34.928422398347969, 32.515974423531894 ], [ 34.928401649645046, 32.515977016792945 ], [ 34.928389444153424, 32.515980618625896 ], [ 34.928362123387004, 32.515987688132306 ], [ 34.92833660920256, 32.515998573942483 ], [ 34.928313637948925, 32.516012961888116 ], [ 34.928293872585961, 32.516030436728066 ], [ 34.92828415388945, 32.516039068385162 ], [ 34.928272889167644, 32.516046224964668 ], [ 34.928260386471358, 32.516051710758973 ], [ 34.928246987705883, 32.516055375750547 ], [ 34.928233059281105, 32.516057119714539 ], [ 34.928218982091337, 32.516056894959569 ], [ 34.928205918339849, 32.516185222634768 ], [ 34.928275478777039, 32.516202033470485 ], [ 34.928285544172425, 32.516206422035779 ], [ 34.928294833514904, 32.516211903125658 ], [ 34.928303182611266, 32.516218379859438 ], [ 34.928323964929525, 32.516233985104932 ], [ 34.928347495068046, 32.516246479598934 ], [ 34.928373131317677, 32.516255522593589 ], [ 34.92840017453095, 32.51626086746969 ], [ 34.928427887189429, 32.516262368462527 ], [ 34.928455513517356, 32.516259984637223 ], [ 34.928482300093407, 32.516253781005091 ], [ 34.928507516398184, 32.516243926750711 ], [ 34.928530474737016, 32.516230690617718 ], [ 34.928550548994885, 32.516214433579826 ], [ 34.928567191711849, 32.516195598996099 ], [ 34.928579949013091, 32.516174700519677 ], [ 34.928588472986952, 32.516152308089509 ], [ 34.92859253117274, 32.516129032386822 ], [ 34.928592748737884, 32.516125433422928 ], [ 34.928592858908402, 32.516123597649326 ], [ 34.928595072595947, 32.516111236121425 ], [ 34.928599772251481, 32.51609938413683 ], [ 34.928606816690952, 32.516088397742941 ], [ 34.928623706241197, 32.51606284831913 ], [ 34.928635972747408, 32.516035470651623 ], [ 34.92868316609443, 32.515915113383812 ], [ 34.928716278797083, 32.515490578545901 ], [ 34.928786150437588, 32.514594747715876 ], [ 34.928793170045523, 32.514504772134764 ], [ 34.928860371223458, 32.513643154181807 ], [ 34.928927328959297, 32.512784672121775 ], [ 34.928934352490295, 32.512694604583018 ], [ 34.929001566293849, 32.511832805799145 ], [ 34.929076869282063, 32.510867286281119 ], [ 34.929083886367188, 32.510777310623112 ], [ 34.929155019000163, 32.509865234061856 ], [ 34.929219357736315, 32.50904024624792 ], [ 34.929248992369537, 32.508660224056186 ], [ 34.929270104372371, 32.508636864871598 ], [ 34.92929490487046, 32.508616272193095 ], [ 34.929322894744594, 32.508598860454164 ], [ 34.929358239380122, 32.508581716530408 ], [ 34.929369784477501, 32.508575140591311 ], [ 34.929392551153668, 32.508560539414702 ], [ 34.929427351628256, 32.508542357670727 ], [ 34.929464761676961, 32.508528383585222 ], [ 34.929504077012453, 32.508518880236096 ], [ 34.929544557479147, 32.508514026534556 ], [ 34.929585440987069, 32.508513913857023 ], [ 34.929637087373322, 32.508516780728279 ], [ 34.929870731908075, 32.508529749008041 ], [ 34.930400934440399, 32.508559141745138 ], [ 34.930401859854086, 32.508559192183533 ], [ 34.930407096673306, 32.50849224454246 ], [ 34.93041593320892, 32.508379246183146 ], [ 34.929884774573701, 32.508349777709086 ], [ 34.92962773545247, 32.508335517221589 ], [ 34.929573556873805, 32.508329533556505 ], [ 34.929520729132605, 32.508317718693228 ], [ 34.929470122583865, 32.508300267285861 ], [ 34.929422570986418, 32.508277466852356 ], [ 34.929378857766068, 32.508249693037484 ], [ 34.92933970310829, 32.508217403423657 ], [ 34.929305752092674, 32.508181129992117 ], [ 34.929277564065323, 32.508141470357906 ], [ 34.929255603423549, 32.508099077923951 ], [ 34.929229867896588, 32.508047651136387 ], [ 34.929198011924726, 32.507998746906509 ], [ 34.92916037508207, 32.507952886522375 ], [ 34.929117358561328, 32.507910558825834 ], [ 34.929069420897122, 32.50787221500191 ], [ 34.929017073078271, 32.507838263769678 ], [ 34.928960873100792, 32.507809067025697 ], [ 34.928901420020246, 32.507784935986692 ], [ 34.928522185560112, 32.507651106582728 ], [ 34.928446396195056, 32.507624361178387 ], [ 34.927969150771624, 32.507455942636014 ], [ 34.927917743452952, 32.507437800528429 ], [ 34.92791773696657, 32.507437798891061 ], [ 34.927840974482386, 32.507412264535496 ], [ 34.927783626944901, 32.507394057015219 ], [ 34.927782406537411, 32.507403379869629 ], [ 34.927776930281212, 32.507445231483835 ], [ 34.927752736779745, 32.507623321093753 ], [ 34.92775755032249, 32.50762502129907 ], [ 34.927853348829018, 32.507658870222627 ], [ 34.927887267463952, 32.507670854855007 ], [ 34.928312077219999, 32.507820950644295 ], [ 34.928388220919395, 32.50784785213969 ], [ 34.9286474684165, 32.507939450770955 ], [ 34.9286892215896, 32.507924892413818 ], [ 34.928689247526506, 32.507924901848661 ], [ 34.928863632147426, 32.507986518452498 ], [ 34.928907606401637, 32.508005835971957 ], [ 34.928947196501596, 32.508031059351957 ], [ 34.928981308423658, 32.508061491578076 ], [ 34.92900899952361, 32.50809629169563 ], [ 34.929029504585579, 32.508134498047916 ], [ 34.92904225696833, 32.508175054850028 ], [ 34.929046904264631, 32.50821684136389 ], [ 34.929043318040698, 32.508258702868247 ], [ 34.929031597386448, 32.508299482568042 ], [ 34.929008196927924, 32.508348981502479 ], [ 34.928999134332749, 32.508380095289645 ], [ 34.92899604731052, 32.508412035796347 ], [ 34.928999014984392, 32.508443984424005 ], [ 34.929007961302524, 32.508475122365041 ], [ 34.929022656986611, 32.508504651588119 ], [ 34.929042725407349, 32.508531815290738 ], [ 34.92906031605677, 32.508550671050372 ], [ 34.929073220660648, 32.508566923993222 ], [ 34.929084258043645, 32.508584136101867 ], [ 34.929077489154842, 32.508670950996432 ], [ 34.929069077089345, 32.508778808592012 ], [ 34.929057539416256, 32.508926759608464 ], [ 34.929055043205231, 32.508958763344808 ], [ 34.929046312046403, 32.509070721629719 ], [ 34.929044910045917, 32.50908871686827 ], [ 34.929040698929484, 32.509142703699474 ], [ 34.929015134535291, 32.509470511976076 ], [ 34.929012328005101, 32.509506503030629 ], [ 34.929011627636356, 32.509515500650451 ], [ 34.928982160088211, 32.50989334694593 ], [ 34.928980926468782, 32.509909160899007 ], [ 34.928973765380832, 32.51000098277045 ], [ 34.928973392878781, 32.510005775698609 ], [ 34.928958929358807, 32.510191224935326 ], [ 34.928951912194115, 32.510281202262497 ], [ 34.928946301637424, 32.510353148024606 ], [ 34.928927465133675, 32.510594681181736 ], [ 34.928919882821219, 32.510691896323983 ], [ 34.928917929280892, 32.510716946131808 ] ] ] ] } },
{ "type": "Feature", "properties": { "OBJECTID": 3542751, "LAYER_ID": 3550431, "GROUP_ID": 294480, "SCENARIO": null, "DEFQ": 0, "PLAN_NAME": null, "DATA_DATE": null, "MAVAT_CODE": 400, "MAVAT_NAME": "מבנים ומוסדות ציבור", "NAME": null, "LABEL": "306", "NUM": "80", "LEGAL_AREA": 9.781, "TYPE_CODE": 0, "TYPE_NAME": null, "SOURCE_COD": 0, "HASAVA": 0, "STATUS": null, "PL_CHANGE": null, "ADDRESS": null, "PLACE_NO": 0, "CALC_AREA": 9684.2336357999993, "OLD_MIG": null, "AGAM_ID": 3000328993.0, "SHAPE_AREA": 9684.2336357999993, "SHAPE_LEN": 484.431350619 }, "geometry": { "type": "MultiPolygon", "coordinates": [ [ [ [ 34.928898060367054, 32.510971711821107 ], [ 34.928898063056558, 32.510971684865204 ], [ 34.928900016659988, 32.510946635599915 ], [ 34.928894970722297, 32.510935652403852 ], [ 34.928887881442897, 32.510925512011994 ], [ 34.928878938059668, 32.510916485106272 ], [ 34.928868379302664, 32.510908812645674 ], [ 34.928856487021612, 32.510902699434496 ], [ 34.928843578662303, 32.510898308655129 ], [ 34.928829998792963, 32.510895757512458 ], [ 34.928816109906613, 32.51089511410521 ], [ 34.928745188284999, 32.510898920614714 ], [ 34.928674775555812, 32.510907052600132 ], [ 34.928605238669604, 32.510919467682207 ], [ 34.928536940012961, 32.510936101160645 ], [ 34.928377432539875, 32.510982986014461 ], [ 34.928323807807999, 32.510998749385699 ], [ 34.92831965922953, 32.511165995477391 ], [ 34.928312369208292, 32.511459327460784 ], [ 34.928300235188694, 32.511947402875165 ], [ 34.928281950597473, 32.512682963262989 ], [ 34.928281950575574, 32.512682970431705 ], [ 34.928335150436475, 32.512683912763976 ], [ 34.928763930629465, 32.512691563626255 ], [ 34.928763946198139, 32.512691361672452 ], [ 34.928763950943917, 32.512691306091078 ], [ 34.928797660296937, 32.512259073149451 ], [ 34.928808368048799, 32.512121788359089 ], [ 34.928854751672091, 32.511527042420553 ], [ 34.928867464193154, 32.511364051816543 ], [ 34.928867548021941, 32.511362980426902 ], [ 34.92887798992335, 32.511229080355598 ], [ 34.928877991922803, 32.511229052857153 ], [ 34.928894175557737, 32.511021531404424 ], [ 34.928898060367054, 32.510971711821107 ] ] ] ] } },
{ "type": "Feature", "properties": { "OBJECTID": 3542752, "LAYER_ID": 3550431, "GROUP_ID": 294480, "SCENARIO": null, "DEFQ": 0, "PLAN_NAME": null, "DATA_DATE": null, "MAVAT_CODE": 140, "MAVAT_NAME": "מגורים ד'", "NAME": null, "LABEL": null, "NUM": "115", "LEGAL_AREA": 3.105, "TYPE_CODE": 0, "TYPE_NAME": null, "SOURCE_COD": 0, "HASAVA": 0, "STATUS": null, "PL_CHANGE": null, "ADDRESS": null, "PLACE_NO": 0, "CALC_AREA": 3081.2169870299999, "OLD_MIG": null, "AGAM_ID": 3000328993.0, "SHAPE_AREA": 3081.2169870299999, "SHAPE_LEN": 226.359699758 }, "geometry": { "type": "MultiPolygon", "coordinates": [ [ [ [ 34.928917929280892, 32.510716946131808 ], [ 34.928919882821219, 32.510691896323983 ], [ 34.928927465133675, 32.510594681181736 ], [ 34.928946301637424, 32.510353148024606 ], [ 34.928951912194115, 32.510281202262497 ], [ 34.928435499252139, 32.510252284374623 ], [ 34.928388433684198, 32.510249649424715 ], [ 34.928336625300929, 32.510851840409245 ], [ 34.928433754755929, 32.510823289872938 ], [ 34.928485924406225, 32.51080795586882 ], [ 34.928572583662351, 32.510787009576894 ], [ 34.928660919779432, 32.510771907874634 ], [ 34.928750384647351, 32.510762744465552 ], [ 34.928840423152913, 32.510759576206972 ], [ 34.928854311562688, 32.510758584563519 ], [ 34.928867822899505, 32.510755686077125 ], [ 34.928880595030392, 32.510750958433512 ], [ 34.92889228563476, 32.510744528343686 ], [ 34.928902581379532, 32.510736568147955 ], [ 34.928911206316982, 32.510727291196595 ], [ 34.928917929280892, 32.510716946131808 ] ] ] ] } },
{ "type": "Feature", "properties": { "OBJECTID": 3542753, "LAYER_ID": 3550431, "GROUP_ID": 294480, "SCENARIO": null, "DEFQ": 0, "PLAN_NAME": null, "DATA_DATE": null, "MAVAT_CODE": 140, "MAVAT_NAME": "מגורים ד'", "NAME": null, "LABEL": null, "NUM": "116", "LEGAL_AREA": 3.18, "TYPE_CODE": 0, "TYPE_NAME": null, "SOURCE_COD": 0, "HASAVA": 0, "STATUS": null, "PL_CHANGE": null, "ADDRESS": null, "PLACE_NO": 0, "CALC_AREA": 3159.6258033899999, "OLD_MIG": null, "AGAM_ID": 3000328993.0, "SHAPE_AREA": 3159.6258033899999, "SHAPE_LEN": 240.21605529499999 }, "geometry": { "type": "MultiPolygon", "coordinates": [ [ [ [ 34.928435499252139, 32.510252284374623 ], [ 34.928951912194115, 32.510281202262497 ], [ 34.928958929358807, 32.510191224935326 ], [ 34.928973392878781, 32.510005775698609 ], [ 34.928973765380832, 32.51000098277045 ], [ 34.928980926468782, 32.509909160899007 ], [ 34.928230729830553, 32.509867161874354 ], [ 34.928227734372108, 32.509905563680164 ], [ 34.928225694181172, 32.509918954254516 ], [ 34.928221701873504, 32.509932025305929 ], [ 34.928215819604453, 32.509944573331346 ], [ 34.928105178221244, 32.510143418705859 ], [ 34.92805641473285, 32.510231057087672 ], [ 34.928388433684198, 32.510249649424715 ], [ 34.928435499252139, 32.510252284374623 ] ] ] ] } },
{ "type": "Feature", "properties": { "OBJECTID": 3542754, "LAYER_ID": 3550431, "GROUP_ID": 294480, "SCENARIO": null, "DEFQ": 0, "PLAN_NAME": null, "DATA_DATE": null, "MAVAT_CODE": 860, "MAVAT_NAME": "שביל", "NAME": null, "LABEL": null, "NUM": "57", "LEGAL_AREA": 0.934, "TYPE_CODE": 0, "TYPE_NAME": null, "SOURCE_COD": 0, "HASAVA": 0, "STATUS": null, "PL_CHANGE": null, "ADDRESS": null, "PLACE_NO": 0, "CALC_AREA": 928.94004360999998, "OLD_MIG": null, "AGAM_ID": 3000328993.0, "SHAPE_AREA": 928.94004361199995, "SHAPE_LEN": 209.90157196800001 }, "geometry": { "type": "MultiPolygon", "coordinates": [ [ [ [ 34.928335150436475, 32.512683912763976 ], [ 34.928281950575574, 32.512682970431705 ], [ 34.927756782818435, 32.512673665133043 ], [ 34.927749012266432, 32.512714373453889 ], [ 34.92773979065467, 32.512759297244834 ], [ 34.928290600580176, 32.512771380503118 ], [ 34.928756908963152, 32.512781609697868 ], [ 34.9287569218641, 32.512781427531209 ], [ 34.928760435019896, 32.512736393770105 ], [ 34.928763930629465, 32.512691563626255 ], [ 34.928335150436475, 32.512683912763976 ] ] ] ] } },
{ "type": "Feature", "properties": { "OBJECTID": 3542755, "LAYER_ID": 3550431, "GROUP_ID": 294480, "SCENARIO": null, "DEFQ": 0, "PLAN_NAME": null, "DATA_DATE": null, "MAVAT_CODE": 140, "MAVAT_NAME": "מגורים ד'", "NAME": null, "LABEL": null, "NUM": "117", "LEGAL_AREA": 3.184, "TYPE_CODE": 0, "TYPE_NAME": null, "SOURCE_COD": 0, "HASAVA": 0, "STATUS": null, "PL_CHANGE": null, "ADDRESS": null, "PLACE_NO": 0, "CALC_AREA": 3091.0029091500001, "OLD_MIG": null, "AGAM_ID": 3000328993.0, "SHAPE_AREA": 3091.0029091500001, "SHAPE_LEN": 228.800716814 }, "geometry": { "type": "MultiPolygon", "coordinates": [ [ [ [ 34.928230729830553, 32.509867161874354 ], [ 34.928980926468782, 32.509909160899007 ], [ 34.928982160088211, 32.50989334694593 ], [ 34.929011627636356, 32.509515500650451 ], [ 34.928261434277232, 32.509473493032125 ], [ 34.928239807549282, 32.509750773357389 ], [ 34.928231965523047, 32.509851339141612 ], [ 34.928230729830553, 32.509867161874354 ] ] ] ] } },
{ "type": "Feature", "properties": { "OBJECTID": 3542756, "LAYER_ID": 3550431, "GROUP_ID": 294480, "SCENARIO": null, "DEFQ": 0, "PLAN_NAME": null, "DATA_DATE": null, "MAVAT_CODE": 860, "MAVAT_NAME": "שביל", "NAME": null, "LABEL": null, "NUM": "58", "LEGAL_AREA": 0.356, "TYPE_CODE": 0, "TYPE_NAME": null, "SOURCE_COD": 0, "HASAVA": 0, "STATUS": null, "PL_CHANGE": null, "ADDRESS": null, "PLACE_NO": 0, "CALC_AREA": 353.24416187000003, "OLD_MIG": null, "AGAM_ID": 3000328993.0, "SHAPE_AREA": 353.24416186899998, "SHAPE_LEN": 151.296951396 }, "geometry": { "type": "MultiPolygon", "coordinates": [ [ [ [ 34.928261434277232, 32.509473493032125 ], [ 34.929011627636356, 32.509515500650451 ], [ 34.929012328005101, 32.509506503030629 ], [ 34.929015134535291, 32.509470511976076 ], [ 34.928264943516595, 32.509428504384687 ], [ 34.928262136635844, 32.509464495421021 ], [ 34.928261434277232, 32.509473493032125 ] ] ] ] } },
{ "type": "Feature", "properties": { "OBJECTID": 3542757, "LAYER_ID": 3550431, "GROUP_ID": 294480, "SCENARIO": null, "DEFQ": 0, "PLAN_NAME": null, "DATA_DATE": null, "MAVAT_CODE": 140, "MAVAT_NAME": "מגורים ד'", "NAME": null, "LABEL": null, "NUM": "118", "LEGAL_AREA": 3.304, "TYPE_CODE": 0, "TYPE_NAME": null, "SOURCE_COD": 0, "HASAVA": 0, "STATUS": null, "PL_CHANGE": null, "ADDRESS": null, "PLACE_NO": 0, "CALC_AREA": 3139.0989417699998, "OLD_MIG": null, "AGAM_ID": 3000328993.0, "SHAPE_AREA": 3139.0989417699998, "SHAPE_LEN": 230.16201736400001 }, "geometry": { "type": "MultiPolygon", "coordinates": [ [ [ [ 34.928264943516595, 32.509428504384687 ], [ 34.929015134535291, 32.509470511976076 ], [ 34.929040698929484, 32.509142703699474 ], [ 34.929044910045917, 32.50908871686827 ], [ 34.929046312046403, 32.509070721629719 ], [ 34.928296124277431, 32.509028714194351 ], [ 34.928294719574119, 32.509046709463341 ], [ 34.928274898626611, 32.509300850006454 ], [ 34.928264943516595, 32.509428504384687 ] ] ] ] } },
{ "type": "Feature", "properties": { "OBJECTID": 3542758, "LAYER_ID": 3550431, "GROUP_ID": 294480, "SCENARIO": null, "DEFQ": 0, "PLAN_NAME": null, "DATA_DATE": null, "MAVAT_CODE": 140, "MAVAT_NAME": "מגורים ד'", "NAME": null, "LABEL": null, "NUM": "119", "LEGAL_AREA": 3.303, "TYPE_CODE": 0, "TYPE_NAME": null, "SOURCE_COD": 0, "HASAVA": 0, "STATUS": null, "PL_CHANGE": null, "ADDRESS": null, "PLACE_NO": 0, "CALC_AREA": 3138.9419665700002, "OLD_MIG": null, "AGAM_ID": 3000328993.0, "SHAPE_AREA": 3138.9419665700002, "SHAPE_LEN": 230.157813758 }, "geometry": { "type": "MultiPolygon", "coordinates": [ [ [ [ 34.928296124277431, 32.509028714194351 ], [ 34.929046312046403, 32.509070721629719 ], [ 34.929055043205231, 32.508958763344808 ], [ 34.929057539416256, 32.508926759608464 ], [ 34.929069077089345, 32.508778808592012 ], [ 34.929077489154842, 32.508670950996432 ], [ 34.928327302719573, 32.508628943803011 ], [ 34.928322788362081, 32.508686821102955 ], [ 34.928309988696789, 32.50885094473503 ], [ 34.928308754926583, 32.508866774644162 ], [ 34.928296124277431, 32.509028714194351 ] ] ] ] } },
{ "type": "Feature", "properties": { "OBJECTID": 3542759, "LAYER_ID": 3550431, "GROUP_ID": 294480, "SCENARIO": null, "DEFQ": 0, "PLAN_NAME": null, "DATA_DATE": null, "MAVAT_CODE": 140, "MAVAT_NAME": "מגורים ד'", "NAME": null, "LABEL": null, "NUM": "113", "LEGAL_AREA": 2.95, "TYPE_CODE": 0, "TYPE_NAME": null, "SOURCE_COD": 0, "HASAVA": 0, "STATUS": null, "PL_CHANGE": null, "ADDRESS": null, "PLACE_NO": 0, "CALC_AREA": 2916.7553068399998, "OLD_MIG": null, "AGAM_ID": 3000328993.0, "SHAPE_AREA": 2916.7553068399998, "SHAPE_LEN": 219.770066509 }, "geometry": { "type": "MultiPolygon", "coordinates": [ [ [ [ 34.928756908963152, 32.512781609697868 ], [ 34.928290600580176, 32.512771380503118 ], [ 34.928234444506728, 32.513230588395999 ], [ 34.928227576476317, 32.51328675156563 ], [ 34.928220376766014, 32.513345613069539 ], [ 34.928710778194798, 32.513373073593051 ], [ 34.928715383907814, 32.513314016516276 ], [ 34.928716095024264, 32.513304900033951 ], [ 34.92871856249895, 32.513273258444762 ], [ 34.928722644899601, 32.513220919699485 ], [ 34.928726154069075, 32.51317593106554 ], [ 34.928731579011711, 32.513106376332495 ], [ 34.928756908963152, 32.512781609697868 ] ] ] ] } },
{ "type": "Feature", "properties": { "OBJECTID": 3542760, "LAYER_ID": 3550431, "GROUP_ID": 294480, "SCENARIO": null, "DEFQ": 0, "PLAN_NAME": null, "DATA_DATE": null, "MAVAT_CODE": 140, "MAVAT_NAME": "מגורים ד'", "NAME": null, "LABEL": null, "NUM": "120", "LEGAL_AREA": 4.967, "TYPE_CODE": 0, "TYPE_NAME": null, "SOURCE_COD": 0, "HASAVA": 0, "STATUS": null, "PL_CHANGE": null, "ADDRESS": null, "PLACE_NO": 0, "CALC_AREA": 4962.5165849599998, "OLD_MIG": null, "AGAM_ID": 3000328993.0, "SHAPE_AREA": 4962.5165849599998, "SHAPE_LEN": 291.71295362900003 }, "geometry": { "type": "MultiPolygon", "coordinates": [ [ [ [ 34.928327302719573, 32.508628943803011 ], [ 34.929077489154842, 32.508670950996432 ], [ 34.929084258043645, 32.508584136101867 ], [ 34.929073220660648, 32.508566923993222 ], [ 34.92906031605677, 32.508550671050372 ], [ 34.929042725407349, 32.508531815290738 ], [ 34.929022656986611, 32.508504651588119 ], [ 34.929007961302524, 32.508475122365041 ], [ 34.928999014984392, 32.508443984424005 ], [ 34.92899604731052, 32.508412035796347 ], [ 34.928999134332749, 32.508380095289645 ], [ 34.929008196927924, 32.508348981502479 ], [ 34.929031597386448, 32.508299482568042 ], [ 34.929043318040698, 32.508258702868247 ], [ 34.929046904264631, 32.50821684136389 ], [ 34.92904225696833, 32.508175054850028 ], [ 34.929029504585579, 32.508134498047916 ], [ 34.92900899952361, 32.50809629169563 ], [ 34.928981308423658, 32.508061491578076 ], [ 34.928947196501596, 32.508031059351957 ], [ 34.928907606401637, 32.508005835971957 ], [ 34.928863632147426, 32.507986518452498 ], [ 34.928689247526506, 32.507924901848661 ], [ 34.9286892215896, 32.507924892413818 ], [ 34.9286474684165, 32.507939450770955 ], [ 34.928388220919395, 32.50784785213969 ], [ 34.928364893474665, 32.508146961575683 ], [ 34.928350858246311, 32.50832691513363 ], [ 34.928347748618869, 32.508366791710337 ], [ 34.928336823652678, 32.508506868145048 ], [ 34.928327302719573, 32.508628943803011 ] ] ] ] } },
{ "type": "Feature", "properties": { "OBJECTID": 3542761, "LAYER_ID": 3550431, "GROUP_ID": 294480, "SCENARIO": null, "DEFQ": 0, "PLAN_NAME": null, "DATA_DATE": null, "MAVAT_CODE": 140, "MAVAT_NAME": "מגורים ד'", "NAME": null, "LABEL": null, "NUM": "112", "LEGAL_AREA": 3.005, "TYPE_CODE": 0, "TYPE_NAME": null, "SOURCE_COD": 0, "HASAVA": 0, "STATUS": null, "PL_CHANGE": null, "ADDRESS": null, "PLACE_NO": 0, "CALC_AREA": 2973.1622603199999, "OLD_MIG": null, "AGAM_ID": 3000328993.0, "SHAPE_AREA": 2973.1622603199999, "SHAPE_LEN": 220.32522459500001 }, "geometry": { "type": "MultiPolygon", "coordinates": [ [ [ [ 34.928710778194798, 32.513373073593051 ], [ 34.928220376766014, 32.513345613069539 ], [ 34.928182282450237, 32.513657139272794 ], [ 34.928181184556635, 32.513666109047122 ], [ 34.928180941985197, 32.513668103054769 ], [ 34.928151461754268, 32.513909157981359 ], [ 34.928666713982935, 32.513938057995148 ], [ 34.928668107252328, 32.513920203065481 ], [ 34.928710778194798, 32.513373073593051 ] ] ] ] } },
{ "type": "Feature", "properties": { "OBJECTID": 3542762, "LAYER_ID": 3550431, "GROUP_ID": 294480, "SCENARIO": null, "DEFQ": 0, "PLAN_NAME": null, "DATA_DATE": null, "MAVAT_CODE": 140, "MAVAT_NAME": "מגורים ד'", "NAME": null, "LABEL": null, "NUM": "110", "LEGAL_AREA": 2.997, "TYPE_CODE": 0, "TYPE_NAME": null, "SOURCE_COD": 0, "HASAVA": 0, "STATUS": null, "PL_CHANGE": null, "ADDRESS": null, "PLACE_NO": 0, "CALC_AREA": 2969.1183937800001, "OLD_MIG": null, "AGAM_ID": 3000328993.0, "SHAPE_AREA": 2969.1183937800001, "SHAPE_LEN": 217.02684588400001 }, "geometry": { "type": "MultiPolygon", "coordinates": [ [ [ [ 34.928666713982935, 32.513938057995148 ], [ 34.928151461754268, 32.513909157981359 ], [ 34.928150341814217, 32.513918322525718 ], [ 34.928085683124259, 32.514447055113202 ], [ 34.928566254551122, 32.514473965757816 ], [ 34.928576819454193, 32.514473814926035 ], [ 34.928587210354941, 32.514472189960401 ], [ 34.92859714272587, 32.5144691353563 ], [ 34.928606344595231, 32.514464734756039 ], [ 34.928614563994195, 32.514459108658414 ], [ 34.928621575856411, 32.514452411119294 ], [ 34.928627188180883, 32.514444825533069 ], [ 34.928628872082804, 32.514423250743086 ], [ 34.928664718364104, 32.513963648191393 ], [ 34.928666713982935, 32.513938057995148 ] ] ] ] } },
{ "type": "Feature", "properties": { "OBJECTID": 3542763, "LAYER_ID": 3550431, "GROUP_ID": 294480, "SCENARIO": null, "DEFQ": 0, "PLAN_NAME": null, "DATA_DATE": null, "MAVAT_CODE": 830, "MAVAT_NAME": "דרך מוצעת", "NAME": null, "LABEL": null, "NUM": "36", "LEGAL_AREA": 1.772, "TYPE_CODE": 0, "TYPE_NAME": null, "SOURCE_COD": 0, "HASAVA": 0, "STATUS": null, "PL_CHANGE": null, "ADDRESS": null, "PLACE_NO": 0, "CALC_AREA": 1844.08171679, "OLD_MIG": null, "AGAM_ID": 3000328993.0, "SHAPE_AREA": 1844.08171679, "SHAPE_LEN": 311.76121126800001 }, "geometry": { "type": "MultiPolygon", "coordinates": [ [ [ [ 34.928085683124259, 32.514447055113202 ], [ 34.927565312301795, 32.514417915836255 ], [ 34.927539029925754, 32.514414565172302 ], [ 34.927513767932169, 32.514407566207993 ], [ 34.927490226573831, 32.514397112952025 ], [ 34.927469058407539, 32.514383495164715 ], [ 34.927450850205418, 32.514367090325784 ], [ 34.927436106689719, 32.514348353170725 ], [ 34.927392576473359, 32.514612352846228 ], [ 34.927370918583648, 32.514743689145426 ], [ 34.92738027018413, 32.514708593606528 ], [ 34.92739635488735, 32.514675295797957 ], [ 34.92741872812303, 32.514644716033878 ], [ 34.92744677151466, 32.514617699503852 ], [ 34.927479709971209, 32.514594992913068 ], [ 34.927516633109882, 32.514577223844576 ], [ 34.927556520418058, 32.514564883413911 ], [ 34.927598269458628, 32.514558312695428 ], [ 34.927640726339547, 32.514557693295771 ], [ 34.927963009588673, 32.514575740297424 ], [ 34.928555727322077, 32.514608930489381 ], [ 34.928566177077847, 32.514610257955333 ], [ 34.928576225400612, 32.514613027353306 ], [ 34.928585597144149, 32.514617162850776 ], [ 34.92859403568837, 32.514622551208284 ], [ 34.92860130996629, 32.514629044880195 ], [ 34.928607220791065, 32.514636466054654 ], [ 34.928611606310234, 32.514644611522783 ], [ 34.928627188180883, 32.514444825533069 ], [ 34.928621575856411, 32.514452411119294 ], [ 34.928614563994195, 32.514459108658414 ], [ 34.928606344595231, 32.514464734756039 ], [ 34.92859714272587, 32.5144691353563 ], [ 34.928587210354941, 32.514472189960401 ], [ 34.928576819454193, 32.514473814926035 ], [ 34.928566254551122, 32.514473965757816 ], [ 34.928085683124259, 32.514447055113202 ] ] ] ] } },
{ "type": "Feature", "properties": { "OBJECTID": 3542764, "LAYER_ID": 3550431, "GROUP_ID": 294480, "SCENARIO": null, "DEFQ": 0, "PLAN_NAME": null, "DATA_DATE": null, "MAVAT_CODE": 400, "MAVAT_NAME": "מבנים ומוסדות ציבור", "NAME": null, "LABEL": "307", "NUM": "90", "LEGAL_AREA": 28.726, "TYPE_CODE": 0, "TYPE_NAME": null, "SOURCE_COD": 0, "HASAVA": 0, "STATUS": null, "PL_CHANGE": null, "ADDRESS": null, "PLACE_NO": 0, "CALC_AREA": 34432.211859700001, "OLD_MIG": null, "AGAM_ID": 3000328993.0, "SHAPE_AREA": 34432.211859700001, "SHAPE_LEN": 820.78771544300002 }, "geometry": { "type": "MultiPolygon", "coordinates": [ [ [ [ 34.929908041710455, 32.508051560523313 ], [ 34.929909445438689, 32.508033564689214 ], [ 34.929909717548057, 32.508033581784566 ], [ 34.929909768893388, 32.508032934137027 ], [ 34.92991555076383, 32.507959008426532 ], [ 34.929988053165118, 32.506915515646142 ], [ 34.92996371201798, 32.506861467027349 ], [ 34.929689677387358, 32.506253008986768 ], [ 34.929593218838107, 32.506038833297097 ], [ 34.929494407909999, 32.505819433203477 ], [ 34.929278857225476, 32.50534081632221 ], [ 34.928770697488211, 32.505342820941628 ], [ 34.928717863802213, 32.505402507707757 ], [ 34.928651631278946, 32.505504619345132 ], [ 34.928605067194326, 32.505595759934444 ], [ 34.928582468910157, 32.505793042043528 ], [ 34.928565558109739, 32.506009094500932 ], [ 34.928503948908798, 32.50679621873563 ], [ 34.928456351650233, 32.507481126748807 ], [ 34.928450975809589, 32.507558470580435 ], [ 34.928552753015246, 32.507566658226885 ], [ 34.928542482476544, 32.507658269633424 ], [ 34.928901420020246, 32.507784935986692 ], [ 34.928960873100806, 32.507809067025661 ], [ 34.929017073078313, 32.507838263769621 ], [ 34.9290694208972, 32.507872215001832 ], [ 34.929117358561399, 32.50791055882577 ], [ 34.929160375082148, 32.507952886522325 ], [ 34.92919801192479, 32.50799874690648 ], [ 34.92922986789663, 32.50804765113638 ], [ 34.929255603423549, 32.508099077923951 ], [ 34.929277564065323, 32.508141470357906 ], [ 34.929305752092674, 32.508181129992117 ], [ 34.92933970310829, 32.508217403423657 ], [ 34.929378857766068, 32.508249693037484 ], [ 34.929422570986418, 32.508277466852356 ], [ 34.929470122583865, 32.508300267285861 ], [ 34.929520729132605, 32.508317718693228 ], [ 34.929573556873805, 32.508329533556505 ], [ 34.92962773545247, 32.508335517221589 ], [ 34.929884774573701, 32.508349777709086 ], [ 34.929908041710455, 32.508051560523313 ] ] ] ] } },
{ "type": "Feature", "properties": { "OBJECTID": 3542715, "LAYER_ID": 3550431, "GROUP_ID": 294480, "SCENARIO": null, "DEFQ": 0, "PLAN_NAME": null, "DATA_DATE": null, "MAVAT_CODE": 140, "MAVAT_NAME": "מגורים ד'", "NAME": null, "LABEL": null, "NUM": "104", "LEGAL_AREA": 3.2, "TYPE_CODE": 0, "TYPE_NAME": null, "SOURCE_COD": 0, "HASAVA": 0, "STATUS": null, "PL_CHANGE": null, "ADDRESS": null, "PLACE_NO": 0, "CALC_AREA": 3179.9926231300001, "OLD_MIG": null, "AGAM_ID": 3000328993.0, "SHAPE_AREA": 3179.9926231300001, "SHAPE_LEN": 223.41817523500001 }, "geometry": { "type": "MultiPolygon", "coordinates": [ [ [ [ 34.928542227012507, 32.515534142113786 ], [ 34.927859775849406, 32.515498031885691 ], [ 34.92781131165259, 32.515931030468444 ], [ 34.928266757854587, 32.515970381556528 ], [ 34.92838502834784, 32.515977003454715 ], [ 34.928401649645046, 32.515977016792945 ], [ 34.928422398347969, 32.515974423531894 ], [ 34.928442366313966, 32.515968987916395 ], [ 34.928461015011095, 32.515960856543856 ], [ 34.928477841488174, 32.515950248715761 ], [ 34.928492391939358, 32.515937450522976 ], [ 34.928504273943261, 32.515922807129925 ], [ 34.928513167046326, 32.515906713465476 ], [ 34.92854082493713, 32.515552110365675 ], [ 34.928542227012507, 32.515534142113786 ] ] ] ] } },
{ "type": "Feature", "properties": { "OBJECTID": 3542716, "LAYER_ID": 3550431, "GROUP_ID": 294480, "SCENARIO": null, "DEFQ": 0, "PLAN_NAME": null, "DATA_DATE": null, "MAVAT_CODE": 100, "MAVAT_NAME": "מגורים ג'", "NAME": null, "LABEL": null, "NUM": "130", "LEGAL_AREA": 2.698, "TYPE_CODE": 0, "TYPE_NAME": null, "SOURCE_COD": 0, "HASAVA": 0, "STATUS": null, "PL_CHANGE": null, "ADDRESS": null, "PLACE_NO": 0, "CALC_AREA": 2674.3416509100002, "OLD_MIG": null, "AGAM_ID": 3000328993.0, "SHAPE_AREA": 2674.3416509100002, "SHAPE_LEN": 207.664777496 }, "geometry": { "type": "MultiPolygon", "coordinates": [ [ [ [ 34.928716278797083, 32.515490578545901 ], [ 34.92868316609443, 32.515915113383812 ], [ 34.929282843168671, 32.515951552189655 ], [ 34.929283131146633, 32.515947870283831 ], [ 34.929316174868092, 32.51552416675208 ], [ 34.928716278797083, 32.515490578545901 ] ] ] ] } },
{ "type": "Feature", "properties": { "OBJECTID": 3542717, "LAYER_ID": 3550431, "GROUP_ID": 294480, "SCENARIO": null, "DEFQ": 0, "PLAN_NAME": null, "DATA_DATE": null, "MAVAT_CODE": 100, "MAVAT_NAME": "מגורים ג'", "NAME": null, "LABEL": null, "NUM": "131", "LEGAL_AREA": 5.674, "TYPE_CODE": 0, "TYPE_NAME": null, "SOURCE_COD": 0, "HASAVA": 0, "STATUS": null, "PL_CHANGE": null, "ADDRESS": null, "PLACE_NO": 0, "CALC_AREA": 5624.3435048399997, "OLD_MIG": null, "AGAM_ID": 3000328993.0, "SHAPE_AREA": 5624.3435048399997, "SHAPE_LEN": 312.10634446199998 }, "geometry": { "type": "MultiPolygon", "coordinates": [ [ [ [ 34.928786150437588, 32.514594747715876 ], [ 34.928716278797083, 32.515490578545901 ], [ 34.929316174868092, 32.51552416675208 ], [ 34.929322753512473, 32.515439788002446 ], [ 34.929338923346528, 32.515232453754635 ], [ 34.929385332227731, 32.514637387082168 ], [ 34.929386036651508, 32.514628335552899 ], [ 34.928786150437588, 32.514594747715876 ] ] ] ] } },
{ "type": "Feature", "properties": { "OBJECTID": 3542718, "LAYER_ID": 3550431, "GROUP_ID": 294480, "SCENARIO": null, "DEFQ": 0, "PLAN_NAME": null, "DATA_DATE": null, "MAVAT_CODE": 860, "MAVAT_NAME": "שביל", "NAME": null, "LABEL": null, "NUM": "55", "LEGAL_AREA": 0.57, "TYPE_CODE": 0, "TYPE_NAME": null, "SOURCE_COD": 0, "HASAVA": 0, "STATUS": null, "PL_CHANGE": null, "ADDRESS": null, "PLACE_NO": 0, "CALC_AREA": 564.89641605999998, "OLD_MIG": null, "AGAM_ID": 3000328993.0, "SHAPE_AREA": 564.89641605999998, "SHAPE_LEN": 132.98028039 }, "geometry": { "type": "MultiPolygon", "coordinates": [ [ [ [ 34.928793170045523, 32.514504772134764 ], [ 34.928786150437588, 32.514594747715876 ], [ 34.929386036651508, 32.514628335552899 ], [ 34.929387790755662, 32.514605841230264 ], [ 34.929389990336588, 32.51457763775641 ], [ 34.929391298961228, 32.514560852584658 ], [ 34.929392348715211, 32.514547402667603 ], [ 34.92939305374945, 32.514538359886288 ], [ 34.928793170045523, 32.514504772134764 ] ] ] ] } },
{ "type": "Feature", "properties": { "OBJECTID": 3542719, "LAYER_ID": 3550431, "GROUP_ID": 294480, "SCENARIO": null, "DEFQ": 0, "PLAN_NAME": null, "DATA_DATE": null, "MAVAT_CODE": 100, "MAVAT_NAME": "מגורים ג'", "NAME": null, "LABEL": null, "NUM": "132", "LEGAL_AREA": 5.457, "TYPE_CODE": 0, "TYPE_NAME": null, "SOURCE_COD": 0, "HASAVA": 0, "STATUS": null, "PL_CHANGE": null, "ADDRESS": null, "PLACE_NO": 0, "CALC_AREA": 5409.5021435500003, "OLD_MIG": null, "AGAM_ID": 3000328993.0, "SHAPE_AREA": 5409.5021435500003, "SHAPE_LEN": 304.50068883400002 }, "geometry": { "type": "MultiPolygon", "coordinates": [ [ [ [ 34.928860371223458, 32.513643154181807 ], [ 34.928793170045523, 32.514504772134764 ], [ 34.92939305374945, 32.514538359886288 ], [ 34.929394903134657, 32.514514648343713 ], [ 34.929397613813038, 32.514479874572594 ], [ 34.929460248595817, 32.513676741585193 ], [ 34.928860371223458, 32.513643154181807 ] ] ] ] } },
{ "type": "Feature", "properties": { "OBJECTID": 3542720, "LAYER_ID": 3550431, "GROUP_ID": 294480, "SCENARIO": null, "DEFQ": 0, "PLAN_NAME": null, "DATA_DATE": null, "MAVAT_CODE": 100, "MAVAT_NAME": "מגורים ג'", "NAME": null, "LABEL": null, "NUM": "138", "LEGAL_AREA": 3.308, "TYPE_CODE": 0, "TYPE_NAME": null, "SOURCE_COD": 0, "HASAVA": 0, "STATUS": null, "PL_CHANGE": null, "ADDRESS": null, "PLACE_NO": 0, "CALC_AREA": 3287.4942605800002, "OLD_MIG": null, "AGAM_ID": 3000328993.0, "SHAPE_AREA": 3287.4942605800002, "SHAPE_LEN": 223.80915015599999 }, "geometry": { "type": "MultiPolygon", "coordinates": [ [ [ [ 34.929859831821155, 32.508669464579597 ], [ 34.929870731908075, 32.508529749008041 ], [ 34.929637087373322, 32.508516780728279 ], [ 34.929585440987069, 32.508513913857023 ], [ 34.929544557479147, 32.508514026534556 ], [ 34.929504077012453, 32.508518880236096 ], [ 34.929464761676961, 32.508528383585222 ], [ 34.929427351628256, 32.508542357670727 ], [ 34.929392551153668, 32.508560539414702 ], [ 34.929369784477501, 32.508575140591311 ], [ 34.929358239380122, 32.508581716530408 ], [ 34.929322894744594, 32.508598860454164 ], [ 34.92929490487046, 32.508616272193095 ], [ 34.929270104372371, 32.508636864871583 ], [ 34.929248992369537, 32.508660224056186 ], [ 34.929219357736315, 32.50904024624792 ], [ 34.929594628077702, 32.509061270746599 ], [ 34.929828239916091, 32.509074358471743 ], [ 34.929843685129427, 32.508876409530075 ], [ 34.929859831821155, 32.508669464579597 ] ] ] ] } },
{ "type": "Feature", "properties": { "OBJECTID": 3542721, "LAYER_ID": 3550431, "GROUP_ID": 294480, "SCENARIO": null, "DEFQ": 0, "PLAN_NAME": null, "DATA_DATE": null, "MAVAT_CODE": 100, "MAVAT_NAME": "מגורים ג'", "NAME": null, "LABEL": null, "NUM": "133", "LEGAL_AREA": 5.509, "TYPE_CODE": 0, "TYPE_NAME": null, "SOURCE_COD": 0, "HASAVA": 0, "STATUS": null, "PL_CHANGE": null, "ADDRESS": null, "PLACE_NO": 0, "CALC_AREA": 5461.5282328900003, "OLD_MIG": null, "AGAM_ID": 3000328993.0, "SHAPE_AREA": 5461.5282328900003, "SHAPE_LEN": 306.40003749800002 }, "geometry": { "type": "MultiPolygon", "coordinates": [ [ [ [ 34.928927328959297, 32.512784672121775 ], [ 34.928860371223458, 32.513643154181807 ], [ 34.929460248595817, 32.513676741585193 ], [ 34.929492431491717, 32.513264046202536 ], [ 34.929495939588001, 32.51321905754385 ], [ 34.929497558488045, 32.513198290546903 ], [ 34.929497613854721, 32.51319759994135 ], [ 34.929517472910241, 32.512942914566281 ], [ 34.929522657902211, 32.512876448513282 ], [ 34.929528977174591, 32.512795405512115 ], [ 34.928927328959297, 32.512784672121775 ] ] ] ] } },
{ "type": "Feature", "properties": { "OBJECTID": 3542722, "LAYER_ID": 3550431, "GROUP_ID": 294480, "SCENARIO": null, "DEFQ": 0, "PLAN_NAME": null, "DATA_DATE": null, "MAVAT_CODE": 860, "MAVAT_NAME": "שביל", "NAME": null, "LABEL": null, "NUM": "56", "LEGAL_AREA": 51.574, "TYPE_CODE": 0, "TYPE_NAME": null, "SOURCE_COD": 0, "HASAVA": 0, "STATUS": null, "PL_CHANGE": null, "ADDRESS": null, "PLACE_NO": 0, "CALC_AREA": 565.47665226000004, "OLD_MIG": null, "AGAM_ID": 3000328993.0, "SHAPE_AREA": 565.47665225900005, "SHAPE_LEN": 133.11884463499999 }, "geometry": { "type": "MultiPolygon", "coordinates": [ [ [ [ 34.928934352490295, 32.512694604583018 ], [ 34.928927328959297, 32.512784672121775 ], [ 34.929528977174591, 32.512795405512115 ], [ 34.929533960815938, 32.512731503722776 ], [ 34.929536054009397, 32.512705338054431 ], [ 34.928934352490295, 32.512694604583018 ] ] ] ] } },
{ "type": "Feature", "properties": { "OBJECTID": 3542723, "LAYER_ID": 3550431, "GROUP_ID": 294480, "SCENARIO": null, "DEFQ": 0, "PLAN_NAME": null, "DATA_DATE": null, "MAVAT_CODE": 100, "MAVAT_NAME": "מגורים ג'", "NAME": null, "LABEL": null, "NUM": "134", "LEGAL_AREA": 5.394, "TYPE_CODE": 0, "TYPE_NAME": null, "SOURCE_COD": 0, "HASAVA": 0, "STATUS": null, "PL_CHANGE": null, "ADDRESS": null, "PLACE_NO": 0, "CALC_AREA": 5345.7900985599999, "OLD_MIG": null, "AGAM_ID": 3000328993.0, "SHAPE_AREA": 5345.7900985599999, "SHAPE_LEN": 302.19468945900002 }, "geometry": { "type": "MultiPolygon", "coordinates": [ [ [ [ 34.929001566293849, 32.511832805799145 ], [ 34.928934352490295, 32.512694604583018 ], [ 34.929536054009397, 32.512705338054431 ], [ 34.929603114240017, 32.511866738491662 ], [ 34.929001566293849, 32.511832805799145 ] ] ] ] } },
{ "type": "Feature", "properties": { "OBJECTID": 3542724, "LAYER_ID": 3550431, "GROUP_ID": 294480, "SCENARIO": null, "DEFQ": 0, "PLAN_NAME": null, "DATA_DATE": null, "MAVAT_CODE": 100, "MAVAT_NAME": "מגורים ג'", "NAME": null, "LABEL": null, "NUM": "135", "LEGAL_AREA": 6.141, "TYPE_CODE": 0, "TYPE_NAME": null, "SOURCE_COD": 0, "HASAVA": 0, "STATUS": null, "PL_CHANGE": null, "ADDRESS": null, "PLACE_NO": 0, "CALC_AREA": 6086.7419040599998, "OLD_MIG": null, "AGAM_ID": 3000328993.0, "SHAPE_AREA": 6086.7419040599998, "SHAPE_LEN": 328.028452007 }, "geometry": { "type": "MultiPolygon", "coordinates": [ [ [ [ 34.929001566293849, 32.511832805799145 ], [ 34.929603114240017, 32.511866738491662 ], [ 34.929607273692021, 32.511814732340994 ], [ 34.929680266975012, 32.510901931533915 ], [ 34.929076869282063, 32.510867286281119 ], [ 34.929001566293849, 32.511832805799145 ] ] ] ] } },
{ "type": "Feature", "properties": { "OBJECTID": 3542725, "LAYER_ID": 3550431, "GROUP_ID": 294480, "SCENARIO": null, "DEFQ": 0, "PLAN_NAME": null, "DATA_DATE": null, "MAVAT_CODE": 100, "MAVAT_NAME": "מגורים ג'", "NAME": null, "LABEL": null, "NUM": "137", "LEGAL_AREA": 5.305, "TYPE_CODE": 0, "TYPE_NAME": null, "SOURCE_COD": 0, "HASAVA": 0, "STATUS": null, "PL_CHANGE": null, "ADDRESS": null, "PLACE_NO": 0, "CALC_AREA": 5259.0602039699997, "OLD_MIG": null, "AGAM_ID": 3000328993.0, "SHAPE_AREA": 5259.0602039699997, "SHAPE_LEN": 298.08803635200002 }, "geometry": { "type": "MultiPolygon", "coordinates": [ [ [ [ 34.929828239916091, 32.509074358471743 ], [ 34.929594628077702, 32.509061270746599 ], [ 34.929219357736315, 32.50904024624792 ], [ 34.929155019000163, 32.509865234061856 ], [ 34.929761453699655, 32.509901393565322 ], [ 34.929798783452256, 32.50945186926063 ], [ 34.929828239916091, 32.509074358471743 ] ] ] ] } },
{ "type": "Feature", "properties": { "OBJECTID": 3542726, "LAYER_ID": 3550431, "GROUP_ID": 294480, "SCENARIO": null, "DEFQ": 0, "PLAN_NAME": null, "DATA_DATE": null, "MAVAT_CODE": 100, "MAVAT_NAME": "מגורים ג'", "NAME": null, "LABEL": null, "NUM": "136", "LEGAL_AREA": 5.82, "TYPE_CODE": 0, "TYPE_NAME": null, "SOURCE_COD": 0, "HASAVA": 0, "STATUS": null, "PL_CHANGE": null, "ADDRESS": null, "PLACE_NO": 0, "CALC_AREA": 5769.1301983200001, "OLD_MIG": null, "AGAM_ID": 3000328993.0, "SHAPE_AREA": 5769.1301983200001, "SHAPE_LEN": 316.561014951 }, "geometry": { "type": "MultiPolygon", "coordinates": [ [ [ [ 34.929761453699655, 32.509901393565322 ], [ 34.929155019000163, 32.509865234061856 ], [ 34.929083886367188, 32.510777310623112 ], [ 34.929687462060677, 32.510811965021361 ], [ 34.929691057688238, 32.510766979821533 ], [ 34.929691380452645, 32.510762940811482 ], [ 34.929694655215833, 32.510721998502845 ], [ 34.929707268854479, 32.510564266383696 ], [ 34.929729637304433, 32.510284532797051 ], [ 34.929761453699655, 32.509901393565322 ] ] ] ] } },
{ "type": "Feature", "properties": { "OBJECTID": 3542727, "LAYER_ID": 3550431, "GROUP_ID": 294480, "SCENARIO": null, "DEFQ": 0, "PLAN_NAME": null, "DATA_DATE": null, "MAVAT_CODE": 860, "MAVAT_NAME": "שביל", "NAME": null, "LABEL": null, "NUM": "59", "LEGAL_AREA": 0.573, "TYPE_CODE": 0, "TYPE_NAME": null, "SOURCE_COD": 0, "HASAVA": 0, "STATUS": null, "PL_CHANGE": null, "ADDRESS": null, "PLACE_NO": 0, "CALC_AREA": 568.37706499000001, "OLD_MIG": null, "AGAM_ID": 3000328993.0, "SHAPE_AREA": 568.37706499199999, "SHAPE_LEN": 133.67611703399999 }, "geometry": { "type": "MultiPolygon", "coordinates": [ [ [ [ 34.929076869282063, 32.510867286281119 ], [ 34.929680266975012, 32.510901931533915 ], [ 34.929684906435192, 32.51084391137146 ], [ 34.929687462060677, 32.510811965021361 ], [ 34.929083886367188, 32.510777310623112 ], [ 34.929076869282063, 32.510867286281119 ] ] ] ] } },
{ "type": "Feature", "properties": { "OBJECTID": 3542728, "LAYER_ID": 3550431, "GROUP_ID": 294480, "SCENARIO": null, "DEFQ": 0, "PLAN_NAME": null, "DATA_DATE": null, "MAVAT_CODE": 670, "MAVAT_NAME": "שטח ציבורי פתוח", "NAME": null, "LABEL": null, "NUM": "53", "LEGAL_AREA": 17.3545, "TYPE_CODE": 0, "TYPE_NAME": null, "SOURCE_COD": 0, "HASAVA": 0, "STATUS": null, "PL_CHANGE": null, "ADDRESS": null, "PLACE_NO": 0, "CALC_AREA": 11191.6502404, "OLD_MIG": null, "AGAM_ID": 3000328993.0, "SHAPE_AREA": 11191.6502404, "SHAPE_LEN": 773.17388478099997 }, "geometry": { "type": "MultiPolygon", "coordinates": [ [ [ [ 34.928582468910157, 32.505793042043528 ], [ 34.928605067194326, 32.505595759934444 ], [ 34.928651631278946, 32.505504619345132 ], [ 34.928717863802213, 32.505402507707757 ], [ 34.928770697488211, 32.505342820941628 ], [ 34.929278857225476, 32.50534081632221 ], [ 34.929178422064702, 32.505117805793446 ], [ 34.928987364335349, 32.504693567747999 ], [ 34.928968778230399, 32.5046522946922 ], [ 34.92896128449221, 32.504635655336415 ], [ 34.928915689064432, 32.504717997713406 ], [ 34.928705117047031, 32.504966070051985 ], [ 34.928448956163429, 32.505255466437838 ], [ 34.928364632868742, 32.505385466401918 ], [ 34.928304515535459, 32.505503136559291 ], [ 34.928269238611783, 32.505603656547414 ], [ 34.928247948541951, 32.505704207178084 ], [ 34.928237214324788, 32.505784069839173 ], [ 34.928243755258414, 32.505932020896687 ], [ 34.928239282604551, 32.506241455007569 ], [ 34.928234863843599, 32.506543237343216 ], [ 34.928209779980797, 32.506741419281155 ], [ 34.92816372929417, 32.506933635887393 ], [ 34.928087049294724, 32.507158808728697 ], [ 34.927969150771624, 32.507455942636014 ], [ 34.928446396195056, 32.507624361178387 ], [ 34.928447734502434, 32.507605108742716 ], [ 34.928450975809589, 32.507558470580435 ], [ 34.928456351650233, 32.507481126748807 ], [ 34.928503948908798, 32.50679621873563 ], [ 34.928565558109739, 32.506009094500932 ], [ 34.928582468910157, 32.505793042043528 ] ] ] ] } },
{ "type": "Feature", "properties": { "OBJECTID": 3542729, "LAYER_ID": 3550431, "GROUP_ID": 294480, "SCENARIO": null, "DEFQ": 0, "PLAN_NAME": null, "DATA_DATE": null, "MAVAT_CODE": 860, "MAVAT_NAME": "שביל", "NAME": null, "LABEL": null, "NUM": "54", "LEGAL_AREA": 1.216, "TYPE_CODE": 0, "TYPE_NAME": null, "SOURCE_COD": 0, "HASAVA": 0, "STATUS": null, "PL_CHANGE": null, "ADDRESS": null, "PLACE_NO": 0, "CALC_AREA": 1072.0402205400001, "OLD_MIG": null, "AGAM_ID": 3000328993.0, "SHAPE_AREA": 1072.0402205400001, "SHAPE_LEN": 244.01499154499999 }, "geometry": { "type": "MultiPolygon", "coordinates": [ [ [ [ 34.92781131165259, 32.515931030468444 ], [ 34.927184069973606, 32.515876831626834 ], [ 34.92716933482297, 32.515966198464163 ], [ 34.927756028395471, 32.516016894263011 ], [ 34.928218982091337, 32.516056894959569 ], [ 34.928233059281105, 32.516057119714539 ], [ 34.928246987705883, 32.516055375750547 ], [ 34.928260386471358, 32.516051710758973 ], [ 34.928272889167644, 32.516046224964668 ], [ 34.92828415388945, 32.516039068385162 ], [ 34.928293872585961, 32.516030436728066 ], [ 34.928313637948925, 32.516012961888116 ], [ 34.92833660920256, 32.515998573942483 ], [ 34.928362123387004, 32.515987688132306 ], [ 34.928389444153424, 32.515980618625896 ], [ 34.928401649645046, 32.515977016792945 ], [ 34.92838502834784, 32.515977003454715 ], [ 34.928266757854587, 32.515970381556528 ], [ 34.92781131165259, 32.515931030468444 ] ] ] ] } },
{ "type": "Feature", "properties": { "OBJECTID": 3542730, "LAYER_ID": 3550431, "GROUP_ID": 294480, "SCENARIO": null, "DEFQ": 0, "PLAN_NAME": null, "DATA_DATE": null, "MAVAT_CODE": 670, "MAVAT_NAME": "שטח ציבורי פתוח", "NAME": null, "LABEL": null, "NUM": "50", "LEGAL_AREA": 0.471, "TYPE_CODE": 0, "TYPE_NAME": null, "SOURCE_COD": 0, "HASAVA": 0, "STATUS": null, "PL_CHANGE": null, "ADDRESS": null, "PLACE_NO": 0, "CALC_AREA": 470.96608866000003, "OLD_MIG": null, "AGAM_ID": 3000328993.0, "SHAPE_AREA": 470.96608866399998, "SHAPE_LEN": 199.960337915 }, "geometry": { "type": "MultiPolygon", "coordinates": [ [ [ [ 34.927856520948403, 32.517143472965913 ], [ 34.928036232734385, 32.517158701517701 ], [ 34.928045637785935, 32.517155811027109 ], [ 34.928054379225749, 32.517151687961793 ], [ 34.928062233770198, 32.517146437637813 ], [ 34.928069000789819, 32.517140194164824 ], [ 34.92807450743404, 32.517133117020613 ], [ 34.928078613046331, 32.517125386977519 ], [ 34.928081212756936, 32.517117201484851 ], [ 34.927865335843862, 32.517098908816997 ], [ 34.927629441701924, 32.51706547333378 ], [ 34.927060440260078, 32.516984828282212 ], [ 34.927058065781111, 32.516984491165132 ], [ 34.927075953933759, 32.517010993407155 ], [ 34.927097252622389, 32.517035619142966 ], [ 34.927102756727855, 32.517036401264171 ], [ 34.927107009690268, 32.517037003932991 ], [ 34.927856520948403, 32.517143472965913 ] ] ] ] } },
{ "type": "Feature", "properties": { "OBJECTID": 3542731, "LAYER_ID": 3550431, "GROUP_ID": 294480, "SCENARIO": null, "DEFQ": 0, "PLAN_NAME": null, "DATA_DATE": null, "MAVAT_CODE": 740, "MAVAT_NAME": "נחל/ תעלה/מאגר מים", "NAME": null, "LABEL": null, "NUM": "42", "LEGAL_AREA": 5.2003, "TYPE_CODE": 0, "TYPE_NAME": null, "SOURCE_COD": 0, "HASAVA": 0, "STATUS": null, "PL_CHANGE": null, "ADDRESS": null, "PLACE_NO": 0, "CALC_AREA": 5362.2448553100003, "OLD_MIG": null, "AGAM_ID": 3000328993.0, "SHAPE_AREA": 5362.2448553100003, "SHAPE_LEN": 853.03597556299997 }, "geometry": { "type": "MultiPolygon", "coordinates": [ [ [ [ 34.927848853123969, 32.507392080925449 ], [ 34.927840974482386, 32.507412264535496 ], [ 34.92791773696657, 32.507437798891061 ], [ 34.927917743452952, 32.507437800528429 ], [ 34.927969150771624, 32.507455942636014 ], [ 34.928087049294724, 32.507158808728697 ], [ 34.92816372929417, 32.506933635887393 ], [ 34.928209779980797, 32.506741419281155 ], [ 34.928234863843599, 32.506543237343216 ], [ 34.928239282604551, 32.506241455007569 ], [ 34.928243755258414, 32.505932020896687 ], [ 34.928237214324788, 32.505784069839173 ], [ 34.928247948541951, 32.505704207178084 ], [ 34.928269238611783, 32.505603656547414 ], [ 34.928304515535459, 32.505503136559291 ], [ 34.928364632868742, 32.505385466401918 ], [ 34.928448956163429, 32.505255466437838 ], [ 34.928705117047031, 32.504966070051985 ], [ 34.928915689064432, 32.504717997713406 ], [ 34.92896128449221, 32.504635655336415 ], [ 34.928990438306116, 32.504583004340098 ], [ 34.929078182357287, 32.50443077080665 ], [ 34.929152398333059, 32.504294564188257 ], [ 34.929276202326434, 32.504070389635451 ], [ 34.929209682716696, 32.503922682808465 ], [ 34.929207693839778, 32.503925297136504 ], [ 34.929080973372237, 32.504155970122277 ], [ 34.929016700487765, 32.504264035763569 ], [ 34.928925390047588, 32.504429523823603 ], [ 34.928874766883879, 32.504519775642756 ], [ 34.928825781605489, 32.504607262571746 ], [ 34.928800817922948, 32.504651694123609 ], [ 34.928743911158556, 32.504721343665537 ], [ 34.928662680789337, 32.504819927030148 ], [ 34.928551384798993, 32.504943508996675 ], [ 34.928463270433411, 32.505043231759068 ], [ 34.928354020110298, 32.505167147704718 ], [ 34.92830012533598, 32.505236906624063 ], [ 34.928265738486907, 32.505291265347445 ], [ 34.92819963147538, 32.505403611194509 ], [ 34.928154964252251, 32.505505746236267 ], [ 34.928129543489568, 32.505583075192625 ], [ 34.928110617579961, 32.50568717484596 ], [ 34.9280972462074, 32.505757933490685 ], [ 34.928103953988156, 32.505889058317827 ], [ 34.928103345157375, 32.506088136082177 ], [ 34.928097797204387, 32.5063954004127 ], [ 34.928086166414175, 32.506597184357119 ], [ 34.928069924041615, 32.506706167847966 ], [ 34.92805507964043, 32.506801886536714 ], [ 34.928022071244655, 32.506925360870603 ], [ 34.927974336934334, 32.50706798391009 ], [ 34.927913423576022, 32.507228313243225 ], [ 34.927848853123969, 32.507392080925449 ] ] ] ] } },
{ "type": "Feature", "properties": { "OBJECTID": 3542732, "LAYER_ID": 3550431, "GROUP_ID": 294480, "SCENARIO": null, "DEFQ": 0, "PLAN_NAME": null, "DATA_DATE": null, "MAVAT_CODE": 740, "MAVAT_NAME": "נחל/ תעלה/מאגר מים", "NAME": null, "LABEL": null, "NUM": "41", "LEGAL_AREA": 8.545, "TYPE_CODE": 0, "TYPE_NAME": null, "SOURCE_COD": 0, "HASAVA": 0, "STATUS": null, "PL_CHANGE": null, "ADDRESS": null, "PLACE_NO": 0, "CALC_AREA": 4396.40321107, "OLD_MIG": null, "AGAM_ID": 3000328993.0, "SHAPE_AREA": 4396.40321107, "SHAPE_LEN": 701.29249103400002 }, "geometry": { "type": "MultiPolygon", "coordinates": [ [ [ [ 34.927853348829018, 32.507658870222627 ], [ 34.92775755032249, 32.50762502129907 ], [ 34.927735642246851, 32.507680154195512 ], [ 34.927715554372817, 32.507752147356186 ], [ 34.927682870748832, 32.507868357351107 ], [ 34.927653014425132, 32.508026097070967 ], [ 34.9276463416086, 32.508067345534329 ], [ 34.927639571107925, 32.508120747196607 ], [ 34.927628629373466, 32.508199381426898 ], [ 34.927624773838623, 32.508294130819557 ], [ 34.927621596223638, 32.508370507461727 ], [ 34.927620700531669, 32.508433679013976 ], [ 34.927624713489124, 32.508535374353777 ], [ 34.927629503091836, 32.50860806668306 ], [ 34.927641325248239, 32.508717391442453 ], [ 34.927654794567047, 32.508794932404776 ], [ 34.927668553713524, 32.508875833496241 ], [ 34.927686613377894, 32.50896521703627 ], [ 34.927708336722596, 32.50906825842219 ], [ 34.927728826942449, 32.509151511732163 ], [ 34.927747978323929, 32.509265994718291 ], [ 34.927758406300718, 32.509332439472303 ], [ 34.92776465928462, 32.509449930493588 ], [ 34.927759545939523, 32.509541229017387 ], [ 34.927756047036397, 32.509587849536629 ], [ 34.927735927248754, 32.509715086915463 ], [ 34.927722552732448, 32.509758152863718 ], [ 34.927706742742956, 32.50982276165216 ], [ 34.927680542933722, 32.509882452578118 ], [ 34.927650448683259, 32.509940405679522 ], [ 34.927614459495949, 32.510001646414551 ], [ 34.927540417573049, 32.510097404265579 ], [ 34.927427073287276, 32.510249163561497 ], [ 34.927354376229538, 32.510333031809928 ], [ 34.927289727699502, 32.510394983109684 ], [ 34.927234180569037, 32.510446515524976 ], [ 34.92721306658833, 32.510463935648708 ], [ 34.927210373358498, 32.510466124079926 ], [ 34.927203458118981, 32.510469618565438 ], [ 34.927201630283939, 32.510470267256942 ], [ 34.927202978164203, 32.510472133250296 ], [ 34.92727578391515, 32.510572907418918 ], [ 34.927356368277209, 32.510508609206028 ], [ 34.927467214222553, 32.51040199272073 ], [ 34.927558748694572, 32.510299783960917 ], [ 34.927639807414174, 32.510181227985989 ], [ 34.927742363807646, 32.510049845471535 ], [ 34.927802339030094, 32.509941632418951 ], [ 34.927822978041263, 32.509898526300702 ], [ 34.927846569660055, 32.509832955457739 ], [ 34.927871476995108, 32.509740308573548 ], [ 34.927886514451274, 32.509653888905049 ], [ 34.92789531727049, 32.509593495935064 ], [ 34.927901862574601, 32.509460436598737 ], [ 34.927899677600159, 32.509369812754976 ], [ 34.927896164187622, 32.50931043349329 ], [ 34.927880392585962, 32.509211916590772 ], [ 34.92786463258313, 32.509131678725666 ], [ 34.927816028255172, 32.508914358638691 ], [ 34.927790587060564, 32.508770968881123 ], [ 34.927779684305492, 32.508713657628846 ], [ 34.927770111848375, 32.508623016447785 ], [ 34.927764756367282, 32.508566238545988 ], [ 34.927761455884031, 32.508513086654453 ], [ 34.927761114464424, 32.508468251904972 ], [ 34.927758017244926, 32.50839687320159 ], [ 34.927759072896947, 32.508364158552297 ], [ 34.927760646776456, 32.508317881634319 ], [ 34.927763659519982, 32.508269016165528 ], [ 34.927766705292797, 32.508210632036324 ], [ 34.927770620297323, 32.508179538495312 ], [ 34.927799756025252, 32.507977085890161 ], [ 34.927825709698105, 32.507867739082073 ], [ 34.927855315030108, 32.507760465846516 ], [ 34.927887267463952, 32.507670854855007 ], [ 34.927853348829018, 32.507658870222627 ] ] ] ] } },
{ "type": "Feature", "properties": { "OBJECTID": 3542733, "LAYER_ID": 3550431, "GROUP_ID": 294480, "SCENARIO": null, "DEFQ": 0, "PLAN_NAME": null, "DATA_DATE": null, "MAVAT_CODE": 820, "MAVAT_NAME": "דרך מאושרת", "NAME": null, "LABEL": null, "NUM": "30", "LEGAL_AREA": 5.772, "TYPE_CODE": 0, "TYPE_NAME": null, "SOURCE_COD": 0, "HASAVA": 0, "STATUS": null, "PL_CHANGE": null, "ADDRESS": null, "PLACE_NO": 0, "CALC_AREA": 5101.5568980500002, "OLD_MIG": null, "AGAM_ID": 3000328993.0, "SHAPE_AREA": 5101.5568980500002, "SHAPE_LEN": 335.82407335300002 }, "geometry": { "type": "MultiPolygon", "coordinates": [ [ [ [ 34.927097252622389, 32.517035619142966 ], [ 34.927028272423797, 32.517390435095152 ], [ 34.927855411168046, 32.517505869094535 ], [ 34.928389138109814, 32.517551052978689 ], [ 34.928433120681674, 32.517192332712249 ], [ 34.928036232734385, 32.517158701517701 ], [ 34.927856520948403, 32.517143472965913 ], [ 34.927107009690268, 32.517037003932991 ], [ 34.927102756727855, 32.517036401264171 ], [ 34.927097252622389, 32.517035619142966 ] ] ] ] } },
{ "type": "Feature", "properties": { "OBJECTID": 3542734, "LAYER_ID": 3550431, "GROUP_ID": 294480, "SCENARIO": null, "DEFQ": 0, "PLAN_NAME": null, "DATA_DATE": null, "MAVAT_CODE": 1502, "MAVAT_NAME": "מסחר ותעסוקה", "NAME": null, "LABEL": null, "NUM": "71", "LEGAL_AREA": 12.168, "TYPE_CODE": 0, "TYPE_NAME": null, "SOURCE_COD": 0, "HASAVA": 0, "STATUS": null, "PL_CHANGE": null, "ADDRESS": null, "PLACE_NO": 0, "CALC_AREA": 12168.0543973, "OLD_MIG": null, "AGAM_ID": 3000328993.0, "SHAPE_AREA": 12168.0543973, "SHAPE_LEN": 445.73417854399997 }, "geometry": { "type": "MultiPolygon", "coordinates": [ [ [ [ 34.927726158495567, 32.516014312787398 ], [ 34.92716933482297, 32.515966198464163 ], [ 34.927075424962851, 32.516535703563669 ], [ 34.927070499107657, 32.516565574092702 ], [ 34.927027697497707, 32.516825135249462 ], [ 34.927027517467309, 32.516826229554134 ], [ 34.927024467835835, 32.516866811563034 ], [ 34.927028632218367, 32.516907322381556 ], [ 34.927039916524969, 32.516946846616136 ], [ 34.927058065781111, 32.516984491165132 ], [ 34.927060440260078, 32.516984828282212 ], [ 34.927629441701924, 32.51706547333378 ], [ 34.927865335843862, 32.517098908816997 ], [ 34.928081212756936, 32.517117201484851 ], [ 34.928183770775775, 32.516493059329136 ], [ 34.928351821496705, 32.516370974590551 ], [ 34.928362692305505, 32.516252345171061 ], [ 34.92834100202348, 32.516243479827359 ], [ 34.928321028897251, 32.516232080113859 ], [ 34.928303182611266, 32.516218379859438 ], [ 34.928294833514904, 32.516211903125658 ], [ 34.928285544172425, 32.516206422035779 ], [ 34.928275478777039, 32.516202033470485 ], [ 34.928205918339849, 32.516185222634768 ], [ 34.928218982091337, 32.516056894959569 ], [ 34.927800192361758, 32.516020710251311 ], [ 34.927756028395471, 32.516016894263011 ], [ 34.927726158495567, 32.516014312787398 ] ] ] ] } },
{ "type": "Feature", "properties": { "OBJECTID": 3542735, "LAYER_ID": 3550431, "GROUP_ID": 294480, "SCENARIO": null, "DEFQ": 0, "PLAN_NAME": null, "DATA_DATE": null, "MAVAT_CODE": 1502, "MAVAT_NAME": "מסחר ותעסוקה", "NAME": null, "LABEL": null, "NUM": "70", "LEGAL_AREA": 8.771, "TYPE_CODE": 0, "TYPE_NAME": null, "SOURCE_COD": 0, "HASAVA": 0, "STATUS": null, "PL_CHANGE": null, "ADDRESS": null, "PLACE_NO": 0, "CALC_AREA": 8770.5363036500003, "OLD_MIG": null, "AGAM_ID": 3000328993.0, "SHAPE_AREA": 8770.5363036500003, "SHAPE_LEN": 461.73144252200001 }, "geometry": { "type": "MultiPolygon", "coordinates": [ [ [ [ 34.92831965922953, 32.511165995477391 ], [ 34.928323807807999, 32.510998749385699 ], [ 34.927991447736851, 32.511096456649113 ], [ 34.927921144580552, 32.511117125010564 ], [ 34.927848244791377, 32.511138555404408 ], [ 34.927808725003381, 32.51115017165499 ], [ 34.927807140012689, 32.511150645907989 ], [ 34.927806042530577, 32.511150982501263 ], [ 34.927804949602574, 32.511151326273364 ], [ 34.927803861233635, 32.511151675601113 ], [ 34.927802774753438, 32.511152033679771 ], [ 34.927801690170178, 32.511152397849337 ], [ 34.927800610142661, 32.511152768656601 ], [ 34.927799532067198, 32.511153144923625 ], [ 34.927798457854102, 32.511153528367934 ], [ 34.92779738819344, 32.511153919532049 ], [ 34.927796320428016, 32.511154317328035 ], [ 34.927795255199975, 32.511154720585068 ], [ 34.927794195854482, 32.511155131609925 ], [ 34.927793139101198, 32.511155547554914 ], [ 34.927792086210282, 32.511155970677152 ], [ 34.927791035849829, 32.511156401514739 ], [ 34.927789989411707, 32.511156837320463 ], [ 34.927788947474632, 32.511157280259788 ], [ 34.92778790945642, 32.511157729294389 ], [ 34.927786875940882, 32.511158184921541 ], [ 34.927785844372146, 32.511158647721743 ], [ 34.927784819224968, 32.511159116036588 ], [ 34.92778379608113, 32.511159590442553 ], [ 34.927782779355645, 32.51116007140017 ], [ 34.927781764576821, 32.511160559575877 ], [ 34.92778075435735, 32.51116105321713 ], [ 34.927779749920752, 32.511161552416709 ], [ 34.927778748069628, 32.511162058745661 ], [ 34.927777750772592, 32.511162572253369 ], [ 34.927776759263558, 32.511163089651291 ], [ 34.927775772308742, 32.511163614182877 ], [ 34.927774789216294, 32.511164145891705 ], [ 34.927773808721028, 32.511164680897572 ], [ 34.927772834050273, 32.511165225249144 ], [ 34.927771866497778, 32.511165773493815 ], [ 34.927770900255211, 32.511166328369093 ], [ 34.927769941126051, 32.511166888715486 ], [ 34.927768987831357, 32.511167455161385 ], [ 34.927768037070393, 32.51116802824059 ], [ 34.927767092145828, 32.51116860678809 ], [ 34.92776615178046, 32.511169190846182 ], [ 34.927765217889707, 32.51116978046413 ], [ 34.927764287861457, 32.511170377214285 ], [ 34.92776336239902, 32.511170977310854 ], [ 34.927762443404717, 32.511171585086387 ], [ 34.927761530189976, 32.511172199502319 ], [ 34.927760619628977, 32.511172816133339 ], [ 34.927759717446541, 32.511173442115705 ], [ 34.927758819138347, 32.51117407139791 ], [ 34.927757925390864, 32.511174705694721 ], [ 34.927757038058282, 32.511175347670381 ], [ 34.927756157260454, 32.511175992951728 ], [ 34.92775528032319, 32.511176645996429 ], [ 34.927754409920787, 32.511177302301746 ], [ 34.927753545934678, 32.511177965835017 ], [ 34.927752685821282, 32.51117863316405 ], [ 34.92775183484467, 32.511179305517821 ], [ 34.927750985765094, 32.511179983917351 ], [ 34.927750145130695, 32.511180667294965 ], [ 34.927749308363765, 32.511181356181631 ], [ 34.927748480625809, 32.511182050543653 ], [ 34.927747656863261, 32.511182749919001 ], [ 34.927746839525561, 32.511183453726971 ], [ 34.927746026695651, 32.511184162459273 ], [ 34.927745221670754, 32.511184876709308 ], [ 34.927744421206704, 32.511185595928893 ], [ 34.927743629769687, 32.511186321255025 ], [ 34.927742842260116, 32.511187049881087 ], [ 34.927742063194202, 32.511187783981214 ], [ 34.927741287949061, 32.511188521471226 ], [ 34.927740521837613, 32.511189264977823 ], [ 34.927739759595319, 32.511190013452456 ], [ 34.927739005748293, 32.511190765823002 ], [ 34.927738256462277, 32.511191523118008 ], [ 34.927737515619619, 32.511192285977231 ], [ 34.927736778596362, 32.5111930526772 ], [ 34.927736050713449, 32.511193823229625 ], [ 34.927735329306806, 32.511194598800927 ], [ 34.927734613736547, 32.511195379840508 ], [ 34.927733906561578, 32.511196164775995 ], [ 34.927733203952556, 32.511196953012863 ], [ 34.927732509733872, 32.511197746768723 ], [ 34.927731822048109, 32.511198544416402 ], [ 34.927731140844017, 32.511199345324577 ], [ 34.927730465422798, 32.511200151791115 ], [ 34.927729799095374, 32.511200959945825 ], [ 34.927729138650754, 32.511201775778197 ], [ 34.927728485279602, 32.5112025927533 ], [ 34.927727839711814, 32.511203415787186 ], [ 34.927727200625405, 32.511204242171694 ], [ 34.92772656807206, 32.511205072402937 ], [ 34.927725944554325, 32.51120590594536 ], [ 34.927725326872824, 32.511206745001211 ], [ 34.927724717593371, 32.511207585743712 ], [ 34.927724114842036, 32.511208431956049 ], [ 34.927723517938546, 32.511209279894544 ], [ 34.92772293006221, 32.511210133894487 ], [ 34.927722348727393, 32.511210988990889 ], [ 34.927721775782878, 32.511211849606312 ], [ 34.927721208684694, 32.511212712443829 ], [ 34.927720650670203, 32.511213580260844 ], [ 34.927720101109344, 32.511214450305708 ], [ 34.927719555369478, 32.511215323650255 ], [ 34.92771902073877, 32.511216200851628 ], [ 34.927718492534581, 32.511217081944586 ], [ 34.927717970228244, 32.511217965800768 ], [ 34.927717456959201, 32.511218852427113 ], [ 34.927716952142099, 32.511219741822337 ], [ 34.927716455080237, 32.511220635607984 ], [ 34.927715963275944, 32.511221532741644 ], [ 34.927715481150734, 32.51122243156474 ], [ 34.927715006145725, 32.511223333649752 ], [ 34.927714539594184, 32.511224238007721 ], [ 34.927714080852759, 32.511225146215182 ], [ 34.927713629231377, 32.511226057729623 ], [ 34.927713186065269, 32.511226970930871 ], [ 34.927712751294592, 32.511227887982983 ], [ 34.927712322371875, 32.511228806716112 ], [ 34.927711902541319, 32.51122972767849 ], [ 34.927711491161041, 32.511230651950747 ], [ 34.927711088236052, 32.511231577909847 ], [ 34.927710691737708, 32.511232507715413 ], [ 34.927710303056109, 32.511233439206364 ], [ 34.927709923468448, 32.511234372340439 ], [ 34.927709552967812, 32.511235309371969 ], [ 34.927709190230843, 32.511236248043673 ], [ 34.927708834031932, 32.511237188938992 ], [ 34.927708486235097, 32.511238131520997 ], [ 34.927708146835336, 32.511239077412803 ], [ 34.927707816587684, 32.51124002332471 ], [ 34.927707494096815, 32.511240973131144 ], [ 34.927707178092575, 32.511241924574946 ], [ 34.927706873156026, 32.511242876043099 ], [ 34.927706574699194, 32.51124383140295 ], [ 34.927706284006049, 32.511244788403005 ], [ 34.927706002406701, 32.511245747091237 ], [ 34.927705729260957, 32.511246708007313 ], [ 34.927705462608635, 32.511247668351551 ], [ 34.92770520631872, 32.511248633137072 ], [ 34.92770495849085, 32.511249597400159 ], [ 34.927704717144493, 32.511250564968798 ], [ 34.927704486225515, 32.511251533146535 ], [ 34.927704261745077, 32.51125250129332 ], [ 34.927704046353313, 32.511253472796504 ], [ 34.927703840752329, 32.511254444276119 ], [ 34.927703642276242, 32.51125541748474 ], [ 34.927703452200682, 32.51125639287595 ], [ 34.927703269946996, 32.511257368284369 ], [ 34.927703096787248, 32.511258345335925 ], [ 34.927702932034549, 32.511259322451032 ], [ 34.927702775737245, 32.511260301207884 ], [ 34.927702627893446, 32.511261282237612 ], [ 34.927702486543168, 32.511262262650455 ], [ 34.927702356205437, 32.511263243718716 ], [ 34.927702233684734, 32.511264226382195 ], [ 34.927702120262822, 32.511265209110775 ], [ 34.927702012688869, 32.51126619352042 ], [ 34.927701916129543, 32.511267177909183 ], [ 34.927701828030614, 32.511268162316604 ], [ 34.927701748338713, 32.511269146787562 ], [ 34.927701677153792, 32.511270133441414 ], [ 34.92770161240891, 32.511271119568356 ], [ 34.927701558730078, 32.511272106260698 ], [ 34.927701512816455, 32.511273094097277 ], [ 34.927701473397896, 32.511274080820968 ], [ 34.927701445043567, 32.511275068696158 ], [ 34.927701425148115, 32.511276057085915 ], [ 34.927701411059182, 32.511277043324277 ], [ 34.927701408031162, 32.511278031796238 ], [ 34.927701413463524, 32.511279020286771 ], [ 34.927701428001583, 32.511280006588095 ], [ 34.927701448332762, 32.511280995111406 ], [ 34.927701479099859, 32.51128198144842 ], [ 34.927701518959111, 32.51128297001469 ], [ 34.927701566593804, 32.511283956388816 ], [ 34.927701621356967, 32.511284943319644 ], [ 34.927701686550954, 32.511285929732381 ], [ 34.927701757603174, 32.511286914489816 ], [ 34.927701839663079, 32.511287901480671 ], [ 34.927701930828547, 32.511288886327407 ], [ 34.927702029767779, 32.511289869523047 ], [ 34.927702135246875, 32.511290854356183 ], [ 34.927702251752194, 32.511291835381201 ], [ 34.927702374103824, 32.51129281862832 ], [ 34.927702507475068, 32.511293800231478 ], [ 34.927702648669843, 32.511294781310802 ], [ 34.927702797058188, 32.511295759069561 ], [ 34.927702955762385, 32.511296739105305 ], [ 34.92770312101819, 32.511297716946217 ], [ 34.927703294686268, 32.511298693137419 ], [ 34.927703478785197, 32.511299668810558 ], [ 34.927703669325986, 32.511300643370646 ], [ 34.927703869020569, 32.511301617409892 ], [ 34.927704076493903, 32.511302588174878 ], [ 34.927704293066135, 32.511303558959895 ], [ 34.927704517412018, 32.511304528138893 ], [ 34.927704750911836, 32.511305496751895 ], [ 34.927704992828929, 32.511306462092058 ], [ 34.927705243204748, 32.511307427991902 ], [ 34.927706119210285, 32.511310466861637 ], [ 34.927707429472221, 32.511315501272506 ], [ 34.927708731965637, 32.511320535666243 ], [ 34.92771002540686, 32.511325572204228 ], [ 34.92771130836072, 32.511330610387319 ], [ 34.927712586839988, 32.511335650228766 ], [ 34.927713854885241, 32.511340691670384 ], [ 34.927715114463332, 32.511345735347682 ], [ 34.927716365636179, 32.511350778420351 ], [ 34.927717607703606, 32.511355823637139 ], [ 34.927718843911137, 32.511360871095341 ], [ 34.92772006904783, 32.511365919611279 ], [ 34.927721288377974, 32.511370970323661 ], [ 34.927722498551141, 32.511376022639013 ], [ 34.927723698401564, 32.511381074976732 ], [ 34.927724891702304, 32.511386128923156 ], [ 34.927726077227739, 32.511391185061704 ], [ 34.927727253649259, 32.511396242848406 ], [ 34.927728421612315, 32.511401300030379 ], [ 34.927729580468139, 32.511406359942605 ], [ 34.927730733515638, 32.511411422637394 ], [ 34.927731876137535, 32.511416484182078 ], [ 34.927733009650545, 32.511421548998051 ], [ 34.927734137363778, 32.511426613801248 ], [ 34.927735253951127, 32.511431680248151 ], [ 34.927736364731921, 32.511436748891548 ], [ 34.927737466410584, 32.511441818596978 ], [ 34.927738557711621, 32.511446888865692 ], [ 34.927739642516151, 32.511451960743237 ], [ 34.927740718860555, 32.511457032557075 ], [ 34.927741786732632, 32.511462108274792 ], [ 34.927742846197773, 32.511467183928929 ], [ 34.927743896560656, 32.511472260690212 ], [ 34.927744939100094, 32.5114773379753 ], [ 34.92774597252884, 32.511482419117776 ], [ 34.927747000159592, 32.511487499661399 ], [ 34.927748016721111, 32.511492580721722 ], [ 34.927749024817047, 32.511497663476675 ], [ 34.927750027055168, 32.511502747796754 ], [ 34.927751018273632, 32.511507833805901 ], [ 34.927752003000734, 32.511512919755674 ], [ 34.927752976653444, 32.511518007890317 ], [ 34.927753944501241, 32.51152309768041 ], [ 34.927754903890417, 32.511528186910837 ], [ 34.927755852842189, 32.511533278823485 ], [ 34.92775679466542, 32.511538370224507 ], [ 34.927757728710155, 32.511543464854654 ], [ 34.927758653659353, 32.511548558382714 ], [ 34.927759570138029, 32.511553655228525 ], [ 34.927760478156515, 32.511558752010671 ], [ 34.927761377767752, 32.511563848819371 ], [ 34.927762268913696, 32.511568947232583 ], [ 34.927763151594206, 32.511574047295362 ], [ 34.927764025860981, 32.511579149503817 ], [ 34.927764891033895, 32.511584250069099 ], [ 34.92776575034366, 32.511589353912832 ], [ 34.927766598585713, 32.511594457777306 ], [ 34.927767439054307, 32.511599563202715 ], [ 34.92776827042227, 32.511604669194199 ], [ 34.927769095295204, 32.511609776298585 ], [ 34.92776990973752, 32.511614883875964 ], [ 34.927770717736252, 32.511619993152472 ], [ 34.927771515305992, 32.511625102360938 ], [ 34.927772306379076, 32.511630213223313 ], [ 34.927773086432751, 32.51163532568458 ], [ 34.92777386058517, 32.511640436509737 ], [ 34.927774626318552, 32.511645551193837 ], [ 34.927775381037648, 32.51165066580861 ], [ 34.927776129211978, 32.511655780408965 ], [ 34.927776869612586, 32.511660896660445 ], [ 34.927777598355107, 32.511666014554507 ], [ 34.927778321191532, 32.511671132390454 ], [ 34.927779035620681, 32.511676250253004 ], [ 34.927779741577716, 32.511681371929285 ], [ 34.92778043907952, 32.511686491918752 ], [ 34.927781128169066, 32.511691613557929 ], [ 34.927781808108193, 32.511696734635947 ], [ 34.927782480323458, 32.511701858447239 ], [ 34.927783143388446, 32.511706981652274 ], [ 34.927783798041034, 32.511712106552118 ], [ 34.927784444233417, 32.511717231388261 ], [ 34.927785081958646, 32.511722358415007 ], [ 34.9277857112817, 32.511727483800165 ], [ 34.927786332082896, 32.511732611871771 ], [ 34.927786943836615, 32.511737740509616 ], [ 34.927787547821829, 32.511742869085289 ], [ 34.92778814270126, 32.511747999895242 ], [ 34.927788731676202, 32.511753130106094 ], [ 34.92778930968975, 32.511758260337935 ], [ 34.927789879183088, 32.511763392715167 ], [ 34.927790440270904, 32.51176852453289 ], [ 34.927790995498896, 32.511773658546957 ], [ 34.927791539020816, 32.511778792490198 ], [ 34.927792074775617, 32.511783925920412 ], [ 34.927792604032184, 32.511789061500487 ], [ 34.927793122220926, 32.511794197101274 ], [ 34.927793632587935, 32.511799332639811 ], [ 34.92779413587126, 32.511804470371985 ], [ 34.927794628727092, 32.511809607540194 ], [ 34.927795113122528, 32.511814744689843 ], [ 34.927795591711323, 32.511819884035909 ], [ 34.927796059232406, 32.511825023357638 ], [ 34.927796520263563, 32.511830162124092 ], [ 34.927796970220371, 32.511835303030296 ], [ 34.927797414377167, 32.511840443968829 ], [ 34.927797847466394, 32.511845584837978 ], [ 34.927798274697423, 32.511850727362429 ], [ 34.927798690913953, 32.511855869862664 ], [ 34.927799100638886, 32.511861012348604 ], [ 34.92779949993281, 32.51186615539774 ], [ 34.927799890763154, 32.511871299465255 ], [ 34.927800275154972, 32.511876443563708 ], [ 34.927800651084709, 32.511881588184572 ], [ 34.927801016586905, 32.511886732241479 ], [ 34.927801375644066, 32.511891878448345 ], [ 34.927801723633372, 32.511897024675989 ], [ 34.927802065132838, 32.511902170303223 ], [ 34.927802396196334, 32.51190731811672 ], [ 34.927802721459948, 32.511912465917518 ], [ 34.927803037624606, 32.511917613698245 ], [ 34.927803343359933, 32.511922761501168 ], [ 34.927803642656954, 32.511927909244832 ], [ 34.927803930833058, 32.511933056964033 ], [ 34.927804213202478, 32.511938206879719 ], [ 34.927804484559047, 32.511943356230148 ], [ 34.92780475006262, 32.511948505522597 ], [ 34.927805006413891, 32.511953654840035 ], [ 34.927805252435611, 32.511958806343976 ], [ 34.927805492557766, 32.511963955625724 ], [ 34.927805723627564, 32.511969107051691 ], [ 34.9278059436311, 32.511974257957391 ], [ 34.927806157780005, 32.511979409346175 ], [ 34.92780636352321, 32.51198456022049 ], [ 34.927806558830575, 32.511989713236041 ], [ 34.927806747012852, 32.511994864567711 ], [ 34.927806924813865, 32.512000017589827 ], [ 34.927807096763551, 32.512005170012962 ], [ 34.92780725961773, 32.512010321288969 ], [ 34.927807414006189, 32.512015474259591 ], [ 34.927807558018806, 32.512020627162364 ], [ 34.927807695534618, 32.512025781719018 ], [ 34.927807821989433, 32.512030934042095 ], [ 34.927807942642666, 32.512036086893474 ], [ 34.927808054777138, 32.512041241394336 ], [ 34.92780815595026, 32.512046395871053 ], [ 34.927808250583617, 32.512051548665227 ], [ 34.927808337443139, 32.512056703110488 ], [ 34.927808412601479, 32.512061855861802 ], [ 34.92780848254008, 32.512067010269867 ], [ 34.927808542741168, 32.512072164656509 ], [ 34.927808593204894, 32.512077318976658 ], [ 34.927808637175126, 32.512082473868631 ], [ 34.927808672048037, 32.512087628199588 ], [ 34.92780869718343, 32.512092782509114 ], [ 34.927808715188618, 32.512097936802974 ], [ 34.927808724733339, 32.512103091078231 ], [ 34.927808723897037, 32.512108246953758 ], [ 34.92780871721255, 32.512113401193318 ], [ 34.927808698821735, 32.512118555407142 ], [ 34.927808674576099, 32.512123710149105 ], [ 34.927808641924884, 32.512128864331565 ], [ 34.927808600813158, 32.512134018495402 ], [ 34.927808548633656, 32.512139172634939 ], [ 34.927808490015806, 32.512144326715188 ], [ 34.927808423575861, 32.512149480823339 ], [ 34.927808346068112, 32.512154634907148 ], [ 34.92780826206868, 32.512159788976689 ], [ 34.927808169661944, 32.512164943027742 ], [ 34.927808066825953, 32.512170097055879 ], [ 34.927807956864832, 32.512175249400109 ], [ 34.927807839129848, 32.512180403395462 ], [ 34.927807710273861, 32.512185557366365 ], [ 34.927807575676205, 32.512190709656416 ], [ 34.927807431921217, 32.512195863594556 ], [ 34.927807277795267, 32.512201015841676 ], [ 34.927807117172485, 32.512206169742718 ], [ 34.927806946125536, 32.512211321952634 ], [ 34.927806768640068, 32.512216474148389 ], [ 34.927806582640891, 32.51222162632542 ], [ 34.927806388241045, 32.512226776319807 ], [ 34.927806182819964, 32.512231928454135 ], [ 34.927805971545695, 32.512237080575574 ], [ 34.927805751125817, 32.512242230512761 ], [ 34.92780552037641, 32.51224738259139 ], [ 34.927805283087068, 32.512252533032509 ], [ 34.927805038030726, 32.51225768287042 ], [ 34.927804781266225, 32.512262833268707 ], [ 34.927804518703546, 32.512267983068142 ], [ 34.927804247630441, 32.512273131766761 ], [ 34.927803965539397, 32.512278281523209 ], [ 34.927803677653323, 32.512283429643823 ], [ 34.927803380613348, 32.512288578285329 ], [ 34.927803073198923, 32.512293726362998 ], [ 34.927802759936391, 32.512298872759594 ], [ 34.927802437622923, 32.512304020804493 ], [ 34.927802106800812, 32.512309167162471 ], [ 34.927801764964066, 32.512314313496219 ], [ 34.927801417274104, 32.512319459817107 ], [ 34.927801061176822, 32.512324606119506 ], [ 34.927800696623976, 32.512329750780189 ], [ 34.927800321003424, 32.512334895371431 ], [ 34.927799938892633, 32.512340039452454 ], [ 34.927799549011532, 32.512345184012354 ], [ 34.927799150037991, 32.512350326388095 ], [ 34.927798739994934, 32.512355469280529 ], [ 34.927798324153521, 32.512360611619165 ], [ 34.927797899796687, 32.512365754480115 ], [ 34.927797467092503, 32.51237089511347 ], [ 34.927797025874575, 32.512376035728103 ], [ 34.927796575557551, 32.512381176322698 ], [ 34.927796114917605, 32.51238631689462 ], [ 34.927795648376339, 32.512391455785348 ], [ 34.927795172735841, 32.512396594701137 ], [ 34.927794688693112, 32.51240173193024 ], [ 34.927794196184863, 32.512406870763861 ], [ 34.927793695222697, 32.512412007414731 ], [ 34.927793185856622, 32.512417142919958 ], [ 34.927792667387997, 32.512422279532323 ], [ 34.927792141100795, 32.512427415000303 ], [ 34.927791605774487, 32.512432548239197 ], [ 34.92779106256782, 32.51243768312893 ], [ 34.927790510320236, 32.512442816375668 ], [ 34.927789949670554, 32.512447947890642 ], [ 34.927789380508607, 32.51245307889095 ], [ 34.927788802937634, 32.512458210413769 ], [ 34.927788216906116, 32.512463341918014 ], [ 34.927787622472323, 32.512468471735559 ], [ 34.927787018941082, 32.512473600992045 ], [ 34.927786407592912, 32.512478728563153 ], [ 34.927785787145638, 32.512483856114265 ], [ 34.927785158289197, 32.512488984232967 ], [ 34.927784521617468, 32.512494110125239 ], [ 34.927783877815571, 32.512499235956732 ], [ 34.927783223590914, 32.512504359601152 ], [ 34.927782560957233, 32.512509483768149 ], [ 34.927781889231198, 32.512514605705853 ], [ 34.927781211645012, 32.512519729885014 ], [ 34.927780523641438, 32.512524850118751 ], [ 34.927779826591816, 32.512529970377628 ], [ 34.927779123689099, 32.512535090578588 ], [ 34.927778409776614, 32.512540209132169 ], [ 34.927777687350329, 32.51254532766707 ], [ 34.927776958490441, 32.512550444564653 ], [ 34.927776219202919, 32.512555560853201 ], [ 34.92777547347518, 32.51256067766861 ], [ 34.927774717324667, 32.512565792296932 ], [ 34.92777395468746, 32.512570905242782 ], [ 34.927773180982307, 32.512576018164289 ], [ 34.92777240148223, 32.512581129404843 ], [ 34.927771613469957, 32.512586240085618 ], [ 34.927770814494401, 32.512591351328425 ], [ 34.927770008985696, 32.512596458679418 ], [ 34.927769195062972, 32.512601568176017 ], [ 34.927768372633039, 32.512606675489764 ], [ 34.927768023787699, 32.512608810158845 ], [ 34.927767541854031, 32.512611781116938 ], [ 34.927766700592251, 32.512616886766125 ], [ 34.927765852898787, 32.51262199014684 ], [ 34.927764996104365, 32.512627094093666 ], [ 34.927764131547995, 32.512632195769072 ], [ 34.92776325784407, 32.512637295846318 ], [ 34.927762376371419, 32.512642395861434 ], [ 34.927761485797944, 32.512647496397506 ], [ 34.927760586825357, 32.512652594209925 ], [ 34.927759681311315, 32.512657690835695 ], [ 34.927758765422595, 32.512662786942705 ], [ 34.927757841076527, 32.512667881949 ], [ 34.927756782818435, 32.512673665133043 ], [ 34.927835285829154, 32.512675054621567 ], [ 34.928281950575574, 32.512682970431705 ], [ 34.928281950597473, 32.512682963262989 ], [ 34.928300235188694, 32.511947402875165 ], [ 34.928312369208292, 32.511459327460784 ], [ 34.92831965922953, 32.511165995477391 ] ] ] ] } },
{ "type": "Feature", "properties": { "OBJECTID": 3542736, "LAYER_ID": 3550431, "GROUP_ID": 294480, "SCENARIO": null, "DEFQ": 0, "PLAN_NAME": null, "DATA_DATE": null, "MAVAT_CODE": 670, "MAVAT_NAME": "שטח ציבורי פתוח", "NAME": null, "LABEL": null, "NUM": "61", "LEGAL_AREA": 14.124, "TYPE_CODE": 0, "TYPE_NAME": null, "SOURCE_COD": 0, "HASAVA": 0, "STATUS": null, "PL_CHANGE": null, "ADDRESS": null, "PLACE_NO": 0, "CALC_AREA": 15981.508346099999, "OLD_MIG": null, "AGAM_ID": 3000328993.0, "SHAPE_AREA": 15981.508346099999, "SHAPE_LEN": 842.38629561200003 }, "geometry": { "type": "MultiPolygon", "coordinates": [ [ [ [ 34.928281444545796, 32.507904961273496 ], [ 34.928291736890422, 32.507813762708722 ], [ 34.927887267463952, 32.507670854855007 ], [ 34.927855315030108, 32.507760465846516 ], [ 34.927825709698105, 32.507867739082073 ], [ 34.927799756025252, 32.507977085890161 ], [ 34.927770620297323, 32.508179538495312 ], [ 34.927766705292797, 32.508210632036324 ], [ 34.927763659519982, 32.508269016165528 ], [ 34.927760646776456, 32.508317881634319 ], [ 34.927759072896947, 32.508364158552297 ], [ 34.927758017244926, 32.50839687320159 ], [ 34.927761114464424, 32.508468251904972 ], [ 34.927761455884031, 32.508513086654453 ], [ 34.927764756367282, 32.508566238545988 ], [ 34.927770111848375, 32.508623016447785 ], [ 34.927779684305492, 32.508713657628846 ], [ 34.927790587060564, 32.508770968881123 ], [ 34.927816028255172, 32.508914358638691 ], [ 34.92786463258313, 32.509131678725666 ], [ 34.927880392585962, 32.509211916590772 ], [ 34.927896164187622, 32.50931043349329 ], [ 34.927899677600159, 32.509369812754976 ], [ 34.927901862574601, 32.509460436598737 ], [ 34.92789531727049, 32.509593495935064 ], [ 34.927886514451274, 32.509653888905049 ], [ 34.927871476995108, 32.509740308573548 ], [ 34.927846569660055, 32.509832955457739 ], [ 34.927822978041263, 32.509898526300702 ], [ 34.927802339030094, 32.509941632418951 ], [ 34.927742363807646, 32.510049845471535 ], [ 34.927639807414174, 32.510181227985989 ], [ 34.927558748694572, 32.510299783960917 ], [ 34.927467214222553, 32.51040199272073 ], [ 34.927356368277209, 32.510508609206028 ], [ 34.92727578391515, 32.510572907418918 ], [ 34.927295555573423, 32.510600274848095 ], [ 34.927533912594484, 32.510930191560746 ], [ 34.927555185180118, 32.51095490429428 ], [ 34.927580875940862, 32.510976392580297 ], [ 34.927610314558969, 32.510994095748678 ], [ 34.92764273292665, 32.511007551889996 ], [ 34.927677285187407, 32.511016409907548 ], [ 34.927713069806437, 32.511020438678585 ], [ 34.927749153093714, 32.511019533084621 ], [ 34.927784593566166, 32.511013716754263 ], [ 34.927797759999393, 32.511010227189239 ], [ 34.927868525311055, 32.510989428349326 ], [ 34.92783535285627, 32.510913445735021 ], [ 34.927924505728733, 32.510883980383603 ], [ 34.927822655226613, 32.510651172498015 ], [ 34.928029511223109, 32.510279410546836 ], [ 34.92805641473285, 32.510231057087672 ], [ 34.928105178221244, 32.510143418705859 ], [ 34.928215819604453, 32.509944573331346 ], [ 34.928221701873504, 32.509932025305929 ], [ 34.928225694181172, 32.509918954254516 ], [ 34.928227734372108, 32.509905563680164 ], [ 34.928230729830553, 32.509867161874354 ], [ 34.928231965523047, 32.509851339141612 ], [ 34.928239807549282, 32.509750773357389 ], [ 34.928262136635844, 32.509464495421021 ], [ 34.928274898626611, 32.509300850006454 ], [ 34.928294719574119, 32.509046709463341 ], [ 34.928308754926583, 32.508866774644162 ], [ 34.928309988696789, 32.50885094473503 ], [ 34.928322788362081, 32.508686821102955 ], [ 34.928327302719573, 32.508628943803011 ], [ 34.928336823652678, 32.508506868145048 ], [ 34.928347748618869, 32.508366791710337 ], [ 34.928350858246311, 32.50832691513363 ], [ 34.928364893474665, 32.508146961575683 ], [ 34.928383081917666, 32.507913759674871 ], [ 34.928281444545796, 32.507904961273496 ] ] ] ] } },
{ "type": "Feature", "properties": { "OBJECTID": 3542713, "LAYER_ID": 3550431, "GROUP_ID": 294480, "SCENARIO": null, "DEFQ": 0, "PLAN_NAME": null, "DATA_DATE": null, "MAVAT_CODE": 140, "MAVAT_NAME": "מגורים ד'", "NAME": null, "LABEL": null, "NUM": "108", "LEGAL_AREA": 3.244, "TYPE_CODE": 0, "TYPE_NAME": null, "SOURCE_COD": 0, "HASAVA": 0, "STATUS": null, "PL_CHANGE": null, "ADDRESS": null, "PLACE_NO": 0, "CALC_AREA": 3219.5627601400001, "OLD_MIG": null, "AGAM_ID": 3000328993.0, "SHAPE_AREA": 3219.5627601400001, "SHAPE_LEN": 225.92445159100001 }, "geometry": { "type": "MultiPolygon", "coordinates": [ [ [ [ 34.928609922984982, 32.514666186313043 ], [ 34.928611606310234, 32.514644611522783 ], [ 34.928607220791065, 32.514636466054654 ], [ 34.92860130996629, 32.514629044880195 ], [ 34.92859403568837, 32.514622551208284 ], [ 34.928585597144149, 32.514617162850776 ], [ 34.928576225400612, 32.514613027353306 ], [ 34.928566177077847, 32.514610257955333 ], [ 34.928555727322077, 32.514608930489381 ], [ 34.927963009588673, 32.514575740297424 ], [ 34.927911171969683, 32.51503885129658 ], [ 34.928577381305679, 32.515083418405013 ], [ 34.928609922984982, 32.514666186313043 ] ] ] ] } },
{ "type": "Feature", "properties": { "OBJECTID": 3542714, "LAYER_ID": 3550431, "GROUP_ID": 294480, "SCENARIO": null, "DEFQ": 0, "PLAN_NAME": null, "DATA_DATE": null, "MAVAT_CODE": 140, "MAVAT_NAME": "מגורים ד'", "NAME": null, "LABEL": null, "NUM": "106", "LEGAL_AREA": 3.24, "TYPE_CODE": 0, "TYPE_NAME": null, "SOURCE_COD": 0, "HASAVA": 0, "STATUS": null, "PL_CHANGE": null, "ADDRESS": null, "PLACE_NO": 0, "CALC_AREA": 3215.0039487600002, "OLD_MIG": null, "AGAM_ID": 3000328993.0, "SHAPE_AREA": 3215.0039487600002, "SHAPE_LEN": 228.287824207 }, "geometry": { "type": "MultiPolygon", "coordinates": [ [ [ [ 34.92857737655963, 32.515083473986351 ], [ 34.928577381305679, 32.515083418405013 ], [ 34.927911171969683, 32.51503885129658 ], [ 34.927907858792487, 32.515068469499667 ], [ 34.927886900806541, 32.515255698896212 ], [ 34.927884428395856, 32.515277801977341 ], [ 34.927878493414248, 32.515330810783801 ], [ 34.927859775849406, 32.515498031885691 ], [ 34.928542227012507, 32.515534142113786 ], [ 34.92854222706292, 32.515534125612213 ], [ 34.92857435940379, 32.515122153679691 ], [ 34.92857737655963, 32.515083473986351 ] ] ] ] } }
]
}
